Workbook

Sheet موازنة دمياط
A1: موازنة مدرسة ابدأ الوطنية – دمياط | السنة المالية سبتمبر 2026 – أغسطس 2027 (ج.م)
A2: الخلايا الصفراء الفاتحة فقط للإدخال (البند، المخصص السنوي، مخصص كل شهر). «المنصرف» يُحسب تلقائيًا من ملف العهد والمصروفات (شيت «عهد ومصروفات دمياط» – المصروفات التي وافق عليها المدير المباشر). المتبقي/العجز = المخصص − المنصرف، والعجز يظهر بالأحمر. لإضافة بند جديد اكتبه في أول صف فارغ.
A3: المخصص السنوي | B3: إجمالي المنصرف | D3: المتبقي / العجز السنوي | G3: نسبة الصرف من الموازنة | J3: بنود بها عجز
A4: =SUM($B$8:$B$67) | B4: =SUM($AO$8:$AO$67) | D4: =SUM($B$8:$B$67)-SUM($AO$8:$AO$67) | G4: =IF(SUM($B$8:$B$67)=0,0,SUM($AO$8:$AO$67)/SUM($B$8:$B$67)) | J4: =COUNTIF($AS$8:$AS$67,1)
M5: ■ برتقالي في «إجمالي المخصص السنوي» = مجموع الأشهر لا يساوي المخصص السنوي (من الملف الأصلي) · ■ أحمر في اسم البند = يوجد عجز
D6: سبتمبر 2026 | G6: أكتوبر 2026 | J6: نوفمبر 2026 | M6: ديسمبر 2026 | P6: يناير 2027 | S6: فبراير 2027 | V6: مارس 2027 | Y6: أبريل 2027 | AB6: مايو 2027 | AE6: يونيو 2027 | AH6: يوليو 2027 | AK6: أغسطس 2027 | AN6: الإجمالي السنوي
A7: البند | B7: المخصص السنوي | C7: المخصص الشهري | D7: سبتمبر 2026 مخصص | E7: سبتمبر 2026 منصرف | F7: سبتمبر 2026 متبقي/عجز | G7: أكتوبر 2026 مخصص | H7: أكتوبر 2026 منصرف | I7: أكتوبر 2026 متبقي/عجز | J7: نوفمبر 2026 مخصص | K7: نوفمبر 2026 منصرف | L7: نوفمبر 2026 متبقي/عجز | M7: ديسمبر 2026 مخصص | N7: ديسمبر 2026 منصرف | O7: ديسمبر 2026 متبقي/عجز | P7: يناير 2027 مخصص | Q7: يناير 2027 منصرف | R7: يناير 2027 متبقي/عجز | S7: فبراير 2027 مخصص | T7: فبراير 2027 منصرف | U7: فبراير 2027 متبقي/عجز | V7: مارس 2027 مخصص | W7: مارس 2027 منصرف | X7: مارس 2027 متبقي/عجز | Y7: أبريل 2027 مخصص | Z7: أبريل 2027 منصرف | AA7: أبريل 2027 متبقي/عجز | AB7: مايو 2027 مخصص | AC7: مايو 2027 منصرف | AD7: مايو 2027 متبقي/عجز | AE7: يونيو 2027 مخصص | AF7: يونيو 2027 منصرف | AG7: يونيو 2027 متبقي/عجز | AH7: يوليو 2027 مخصص | AI7: يوليو 2027 منصرف | AJ7: يوليو 2027 متبقي/عجز | AK7: أغسطس 2027 مخصص | AL7: أغسطس 2027 منصرف | AM7: أغسطس 2027 متبقي/عجز | AN7: إجمالي المخصص السنوي | AO7: إجمالي المنصرف السنوي | AP7: المتبقي أو العجز السنوي | AQ7: def_months | AR7: overspend | AS7: def_flag | AT7: def_cum | AU7: top_key
A8: رواتب وحوافز | B8: 3618600 | C8: =IF(A8="","",N(B8)/12) | D8: 342057.5 | E8: =IF($A8="","",IFERROR(SUMPRODUCT(('[1]عهد ومصروفات دمياط'!$H$8:$H$5007=$A8)*('[1]عهد ومصروفات دمياط'!$S$8:$S$5007=1)*'[1]عهد ومصروفات دمياط'!$T$8:$T$5007),0)) | F8: =IF($A8="","",N(D8)-N(E8)) | G8: 342057.5 | H8: =IF($A8="","",IFERROR(SUMPRODUCT(('[1]عهد ومصروفات دمياط'!$H$8:$H$5007=$A8)*('[1]عهد ومصروفات دمياط'!$S$8:$S$5007=2)*'[1]عهد ومصروفات دمياط'!$T$8:$T$5007),0)) | I8: =IF($A8="","",N(G8)-N(H8)) | J8: 342057.5 | K8: =IF($A8="","",IFERROR(SUMPRODUCT(('[1]عهد ومصروفات دمياط'!$H$8:$H$5007=$A8)*('[1]عهد ومصروفات دمياط'!$S$8:$S$5007=3)*'[1]عهد ومصروفات دمياط'!$T$8:$T$5007),0)) | L8: =IF($A8="","",N(J8)-N(K8)) | M8: 342057.5 | N8: =IF($A8="","",IFERROR(SUMPRODUCT(('[1]عهد ومصروفات دمياط'!$H$8:$H$5007=$A8)*('[1]عهد ومصروفات دمياط'!$S$8:$S$5007=4)*'[1]عهد ومصروفات دمياط'!$T$8:$T$5007),0)) | O8: =IF($A8="","",N(M8)-N(N8)) | P8: 342057.5 | Q8: =IF($A8="","",IFERROR(SUMPRODUCT(('[1]عهد ومصروفات دمياط'!$H$8:$H$5007=$A8)*('[1]عهد ومصروفات دمياط'!$S$8:$S$5007=5)*'[1]عهد ومصروفات دمياط'!$T$8:$T$5007),0)) | R8: =IF($A8="","",N(P8)-N(Q8)) | S8: 342057.5 | T8: =IF($A8="","",IFERROR(SUMPRODUCT(('[1]عهد ومصروفات دمياط'!$H$8:$H$5007=$A8)*('[1]عهد ومصروفات دمياط'!$S$8:$S$5007=6)*'[1]عهد ومصروفات دمياط'!$T$8:$T$5007),0)) | U8: =IF($A8="","",N(S8)-N(T8)) | V8: 342057.5 | W8: =IF($A8="","",IFERROR(SUMPRODUCT(('[1]عهد ومصروفات دمياط'!$H$8:$H$5007=$A8)*('[1]عهد ومصروفات دمياط'!$S$8:$S$5007=7)*'[1]عهد ومصروفات دمياط'!$T$8:$T$5007),0)) | X8: =IF($A8="","",N(V8)-N(W8)) | Y8: 342057.5 | Z8: =IF($A8="","",IFERROR(SUMPRODUCT(('[1]عهد ومصروفات دمياط'!$H$8:$H$5007=$A8)*('[1]عهد ومصروفات دمياط'!$S$8:$S$5007=8)*'[1]عهد ومصروفات دمياط'!$T$8:$T$5007),0)) | AA8: =IF($A8="","",N(Y8)-N(Z8)) | AB8: 342057.5 | AC8: =IF($A8="","",IFERROR(SUMPRODUCT(('[1]عهد ومصروفات دمياط'!$H$8:$H$5007=$A8)*('[1]عهد ومصروفات دمياط'!$S$8:$S$5007=9)*'[1]عهد ومصروفات دمياط'!$T$8:$T$5007),0)) | AD8: =IF($A8="","",N(AB8)-N(AC8)) | AE8: 342057.5 | AF8: =IF($A8="","",IFERROR(SUMPRODUCT(('[1]عهد ومصروفات دمياط'!$H$8:$H$5007=$A8)*('[1]عهد ومصروفات دمياط'!$S$8:$S$5007=10)*'[1]عهد ومصروفات دمياط'!$T$8:$T$5007),0)) | AG8: =IF($A8="","",N(AE8)-N(AF8)) | AH8: 342057.5 | AI8: =IF($A8="","",IFERROR(SUMPRODUCT(('[1]عهد ومصروفات دمياط'!$H$8:$H$5007=$A8)*('[1]عهد ومصروفات دمياط'!$S$8:$S$5007=11)*'[1]عهد ومصروفات دمياط'!$T$8:$T$5007),0)) | AJ8: =IF($A8="","",N(AH8)-N(AI8)) | AK8: 342057.5 | AL8: =IF($A8="","",IFERROR(SUMPRODUCT(('[1]عهد ومصروفات دمياط'!$H$8:$H$5007=$A8)*('[1]عهد ومصروفات دمياط'!$S$8:$S$5007=12)*'[1]عهد ومصروفات دمياط'!$T$8:$T$5007),0)) | AM8: =IF($A8="","",N(AK8)-N(AL8)) | AN8: =IF(A8="","",N(D8)+N(G8)+N(J8)+N(M8)+N(P8)+N(S8)+N(V8)+N(Y8)+N(AB8)+N(AE8)+N(AH8)+N(AK8)) | AO8: =IF(A8="","",N(E8)+N(H8)+N(K8)+N(N8)+N(Q8)+N(T8)+N(W8)+N(Z8)+N(AC8)+N(AF8)+N(AI8)+N(AL8)) | AP8: =IF(A8="","",N(B8)-AO8) | AQ8: =IF(A8="",0,(N(F8)<0)+(N(I8)<0)+(N(L8)<0)+(N(O8)<0)+(N(R8)<0)+(N(U8)<0)+(N(X8)<0)+(N(AA8)<0)+(N(AD8)<0)+(N(AG8)<0)+(N(AJ8)<0)+(N(AM8)<0)) | AR8: =IF(A8="",0,MAX(0,-N(F8))+MAX(0,-N(I8))+MAX(0,-N(L8))+MAX(0,-N(O8))+MAX(0,-N(R8))+MAX(0,-N(U8))+MAX(0,-N(X8))+MAX(0,-N(AA8))+MAX(0,-N(AD8))+MAX(0,-N(AG8))+MAX(0,-N(AJ8))+MAX(0,-N(AM8))) | AS8: =IF(A8="",0,IF(OR(N(AP8)<0,AQ8>0),1,0)) | AT8: =AS8 | AU8: =IF(A8="",-1,N(AO8)+ROW()/10000000)
A9: تدريب المعلمين | B9: 114000 | C9: =IF(A9="","",N(B9)/12) | D9: 0 | E9: =IF($A9="","",IFERROR(SUMPRODUCT(('[1]عهد ومصروفات دمياط'!$H$8:$H$5007=$A9)*('[1]عهد ومصروفات دمياط'!$S$8:$S$5007=1)*'[1]عهد ومصروفات دمياط'!$T$8:$T$5007),0)) | F9: =IF($A9="","",N(D9)-N(E9)) | G9: 0 | H9: =IF($A9="","",IFERROR(SUMPRODUCT(('[1]عهد ومصروفات دمياط'!$H$8:$H$5007=$A9)*('[1]عهد ومصروفات دمياط'!$S$8:$S$5007=2)*'[1]عهد ومصروفات دمياط'!$T$8:$T$5007),0)) | I9: =IF($A9="","",N(G9)-N(H9)) | J9: 0 | K9: =IF($A9="","",IFERROR(SUMPRODUCT(('[1]عهد ومصروفات دمياط'!$H$8:$H$5007=$A9)*('[1]عهد ومصروفات دمياط'!$S$8:$S$5007=3)*'[1]عهد ومصروفات دمياط'!$T$8:$T$5007),0)) | L9: =IF($A9="","",N(J9)-N(K9)) | M9: 0 | N9: =IF($A9="","",IFERROR(SUMPRODUCT(('[1]عهد ومصروفات دمياط'!$H$8:$H$5007=$A9)*('[1]عهد ومصروفات دمياط'!$S$8:$S$5007=4)*'[1]عهد ومصروفات دمياط'!$T$8:$T$5007),0)) | O9: =IF($A9="","",N(M9)-N(N9)) | P9: 57000 | Q9: =IF($A9="","",IFERROR(SUMPRODUCT(('[1]عهد ومصروفات دمياط'!$H$8:$H$5007=$A9)*('[1]عهد ومصروفات دمياط'!$S$8:$S$5007=5)*'[1]عهد ومصروفات دمياط'!$T$8:$T$5007),0)) | R9: =IF($A9="","",N(P9)-N(Q9)) | S9: 0 | T9: =IF($A9="","",IFERROR(SUMPRODUCT(('[1]عهد ومصروفات دمياط'!$H$8:$H$5007=$A9)*('[1]عهد ومصروفات دمياط'!$S$8:$S$5007=6)*'[1]عهد ومصروفات دمياط'!$T$8:$T$5007),0)) | U9: =IF($A9="","",N(S9)-N(T9)) | V9: 0 | W9: =IF($A9="","",IFERROR(SUMPRODUCT(('[1]عهد ومصروفات دمياط'!$H$8:$H$5007=$A9)*('[1]عهد ومصروفات دمياط'!$S$8:$S$5007=7)*'[1]عهد ومصروفات دمياط'!$T$8:$T$5007),0)) | X9: =IF($A9="","",N(V9)-N(W9)) | Y9: 0 | Z9: =IF($A9="","",IFERROR(SUMPRODUCT(('[1]عهد ومصروفات دمياط'!$H$8:$H$5007=$A9)*('[1]عهد ومصروفات دمياط'!$S$8:$S$5007=8)*'[1]عهد ومصروفات دمياط'!$T$8:$T$5007),0)) | AA9: =IF($A9="","",N(Y9)-N(Z9)) | AB9: 0 | AC9: =IF($A9="","",IFERROR(SUMPRODUCT(('[1]عهد ومصروفات دمياط'!$H$8:$H$5007=$A9)*('[1]عهد ومصروفات دمياط'!$S$8:$S$5007=9)*'[1]عهد ومصروفات دمياط'!$T$8:$T$5007),0)) | AD9: =IF($A9="","",N(AB9)-N(AC9)) | AE9: 0 | AF9: =IF($A9="","",IFERROR(SUMPRODUCT(('[1]عهد ومصروفات دمياط'!$H$8:$H$5007=$A9)*('[1]عهد ومصروفات دمياط'!$S$8:$S$5007=10)*'[1]عهد ومصروفات دمياط'!$T$8:$T$5007),0)) | AG9: =IF($A9="","",N(AE9)-N(AF9)) | AH9: 0 | AI9: =IF($A9="","",IFERROR(SUMPRODUCT(('[1]عهد ومصروفات دمياط'!$H$8:$H$5007=$A9)*('[1]عهد ومصروفات دمياط'!$S$8:$S$5007=11)*'[1]عهد ومصروفات دمياط'!$T$8:$T$5007),0)) | AJ9: =IF($A9="","",N(AH9)-N(AI9)) | AK9: 57000 | AL9: =IF($A9="","",IFERROR(SUMPRODUCT(('[1]عهد ومصروفات دمياط'!$H$8:$H$5007=$A9)*('[1]عهد ومصروفات دمياط'!$S$8:$S$5007=12)*'[1]عهد ومصروفات دمياط'!$T$8:$T$5007),0)) | AM9: =IF($A9="","",N(AK9)-N(AL9)) | AN9: =IF(A9="","",N(D9)+N(G9)+N(J9)+N(M9)+N(P9)+N(S9)+N(V9)+N(Y9)+N(AB9)+N(AE9)+N(AH9)+N(AK9)) | AO9: =IF(A9="","",N(E9)+N(H9)+N(K9)+N(N9)+N(Q9)+N(T9)+N(W9)+N(Z9)+N(AC9)+N(AF9)+N(AI9)+N(AL9)) | AP9: =IF(A9="","",N(B9)-AO9) | AQ9: =IF(A9="",0,(N(F9)<0)+(N(I9)<0)+(N(L9)<0)+(N(O9)<0)+(N(R9)<0)+(N(U9)<0)+(N(X9)<0)+(N(AA9)<0)+(N(AD9)<0)+(N(AG9)<0)+(N(AJ9)<0)+(N(AM9)<0)) | AR9: =IF(A9="",0,MAX(0,-N(F9))+MAX(0,-N(I9))+MAX(0,-N(L9))+MAX(0,-N(O9))+MAX(0,-N(R9))+MAX(0,-N(U9))+MAX(0,-N(X9))+MAX(0,-N(AA9))+MAX(0,-N(AD9))+MAX(0,-N(AG9))+MAX(0,-N(AJ9))+MAX(0,-N(AM9))) | AS9: =IF(A9="",0,IF(OR(N(AP9)<0,AQ9>0),1,0)) | AT9: =AT8+AS9 | AU9: =IF(A9="",-1,N(AO9)+ROW()/10000000)
A10: انتقالات وبدلات المتابعة الميدانية | B10: 72000 | C10: =IF(A10="","",N(B10)/12) | D10: 9000 | E10: =IF($A10="","",IFERROR(SUMPRODUCT(('[1]عهد ومصروفات دمياط'!$H$8:$H$5007=$A10)*('[1]عهد ومصروفات دمياط'!$S$8:$S$5007=1)*'[1]عهد ومصروفات دمياط'!$T$8:$T$5007),0)) | F10: =IF($A10="","",N(D10)-N(E10)) | G10: 9000 | H10: =IF($A10="","",IFERROR(SUMPRODUCT(('[1]عهد ومصروفات دمياط'!$H$8:$H$5007=$A10)*('[1]عهد ومصروفات دمياط'!$S$8:$S$5007=2)*'[1]عهد ومصروفات دمياط'!$T$8:$T$5007),0)) | I10: =IF($A10="","",N(G10)-N(H10)) | J10: 9000 | K10: =IF($A10="","",IFERROR(SUMPRODUCT(('[1]عهد ومصروفات دمياط'!$H$8:$H$5007=$A10)*('[1]عهد ومصروفات دمياط'!$S$8:$S$5007=3)*'[1]عهد ومصروفات دمياط'!$T$8:$T$5007),0)) | L10: =IF($A10="","",N(J10)-N(K10)) | M10: 9000 | N10: =IF($A10="","",IFERROR(SUMPRODUCT(('[1]عهد ومصروفات دمياط'!$H$8:$H$5007=$A10)*('[1]عهد ومصروفات دمياط'!$S$8:$S$5007=4)*'[1]عهد ومصروفات دمياط'!$T$8:$T$5007),0)) | O10: =IF($A10="","",N(M10)-N(N10)) | P10: 9000 | Q10: =IF($A10="","",IFERROR(SUMPRODUCT(('[1]عهد ومصروفات دمياط'!$H$8:$H$5007=$A10)*('[1]عهد ومصروفات دمياط'!$S$8:$S$5007=5)*'[1]عهد ومصروفات دمياط'!$T$8:$T$5007),0)) | R10: =IF($A10="","",N(P10)-N(Q10)) | S10: 9000 | T10: =IF($A10="","",IFERROR(SUMPRODUCT(('[1]عهد ومصروفات دمياط'!$H$8:$H$5007=$A10)*('[1]عهد ومصروفات دمياط'!$S$8:$S$5007=6)*'[1]عهد ومصروفات دمياط'!$T$8:$T$5007),0)) | U10: =IF($A10="","",N(S10)-N(T10)) | V10: 9000 | W10: =IF($A10="","",IFERROR(SUMPRODUCT(('[1]عهد ومصروفات دمياط'!$H$8:$H$5007=$A10)*('[1]عهد ومصروفات دمياط'!$S$8:$S$5007=7)*'[1]عهد ومصروفات دمياط'!$T$8:$T$5007),0)) | X10: =IF($A10="","",N(V10)-N(W10)) | Y10: 9000 | Z10: =IF($A10="","",IFERROR(SUMPRODUCT(('[1]عهد ومصروفات دمياط'!$H$8:$H$5007=$A10)*('[1]عهد ومصروفات دمياط'!$S$8:$S$5007=8)*'[1]عهد ومصروفات دمياط'!$T$8:$T$5007),0)) | AA10: =IF($A10="","",N(Y10)-N(Z10)) | AB10: 0 | AC10: =IF($A10="","",IFERROR(SUMPRODUCT(('[1]عهد ومصروفات دمياط'!$H$8:$H$5007=$A10)*('[1]عهد ومصروفات دمياط'!$S$8:$S$5007=9)*'[1]عهد ومصروفات دمياط'!$T$8:$T$5007),0)) | AD10: =IF($A10="","",N(AB10)-N(AC10)) | AE10: 0 | AF10: =IF($A10="","",IFERROR(SUMPRODUCT(('[1]عهد ومصروفات دمياط'!$H$8:$H$5007=$A10)*('[1]عهد ومصروفات دمياط'!$S$8:$S$5007=10)*'[1]عهد ومصروفات دمياط'!$T$8:$T$5007),0)) | AG10: =IF($A10="","",N(AE10)-N(AF10)) | AH10: 0 | AI10: =IF($A10="","",IFERROR(SUMPRODUCT(('[1]عهد ومصروفات دمياط'!$H$8:$H$5007=$A10)*('[1]عهد ومصروفات دمياط'!$S$8:$S$5007=11)*'[1]عهد ومصروفات دمياط'!$T$8:$T$5007),0)) | AJ10: =IF($A10="","",N(AH10)-N(AI10)) | AK10: 0 | AL10: =IF($A10="","",IFERROR(SUMPRODUCT(('[1]عهد ومصروفات دمياط'!$H$8:$H$5007=$A10)*('[1]عهد ومصروفات دمياط'!$S$8:$S$5007=12)*'[1]عهد ومصروفات دمياط'!$T$8:$T$5007),0)) | AM10: =IF($A10="","",N(AK10)-N(AL10)) | AN10: =IF(A10="","",N(D10)+N(G10)+N(J10)+N(M10)+N(P10)+N(S10)+N(V10)+N(Y10)+N(AB10)+N(AE10)+N(AH10)+N(AK10)) | AO10: =IF(A10="","",N(E10)+N(H10)+N(K10)+N(N10)+N(Q10)+N(T10)+N(W10)+N(Z10)+N(AC10)+N(AF10)+N(AI10)+N(AL10)) | AP10: =IF(A10="","",N(B10)-AO10) | AQ10: =IF(A10="",0,(N(F10)<0)+(N(I10)<0)+(N(L10)<0)+(N(O10)<0)+(N(R10)<0)+(N(U10)<0)+(N(X10)<0)+(N(AA10)<0)+(N(AD10)<0)+(N(AG10)<0)+(N(AJ10)<0)+(N(AM10)<0)) | AR10: =IF(A10="",0,MAX(0,-N(F10))+MAX(0,-N(I10))+MAX(0,-N(L10))+MAX(0,-N(O10))+MAX(0,-N(R10))+MAX(0,-N(U10))+MAX(0,-N(X10))+MAX(0,-N(AA10))+MAX(0,-N(AD10))+MAX(0,-N(AG10))+MAX(0,-N(AJ10))+MAX(0,-N(AM10))) | AS10: =IF(A10="",0,IF(OR(N(AP10)<0,AQ10>0),1,0)) | AT10: =AT9+AS10 | AU10: =IF(A10="",-1,N(AO10)+ROW()/10000000)
A11: معدات الأمن والسلامة (الصف الأول) | B11: 62500 | C11: =IF(A11="","",N(B11)/12) | D11: 62500 | E11: =IF($A11="","",IFERROR(SUMPRODUCT(('[1]عهد ومصروفات دمياط'!$H$8:$H$5007=$A11)*('[1]عهد ومصروفات دمياط'!$S$8:$S$5007=1)*'[1]عهد ومصروفات دمياط'!$T$8:$T$5007),0)) | F11: =IF($A11="","",N(D11)-N(E11)) | G11: 0 | H11: =IF($A11="","",IFERROR(SUMPRODUCT(('[1]عهد ومصروفات دمياط'!$H$8:$H$5007=$A11)*('[1]عهد ومصروفات دمياط'!$S$8:$S$5007=2)*'[1]عهد ومصروفات دمياط'!$T$8:$T$5007),0)) | I11: =IF($A11="","",N(G11)-N(H11)) | J11: 0 | K11: =IF($A11="","",IFERROR(SUMPRODUCT(('[1]عهد ومصروفات دمياط'!$H$8:$H$5007=$A11)*('[1]عهد ومصروفات دمياط'!$S$8:$S$5007=3)*'[1]عهد ومصروفات دمياط'!$T$8:$T$5007),0)) | L11: =IF($A11="","",N(J11)-N(K11)) | M11: 0 | N11: =IF($A11="","",IFERROR(SUMPRODUCT(('[1]عهد ومصروفات دمياط'!$H$8:$H$5007=$A11)*('[1]عهد ومصروفات دمياط'!$S$8:$S$5007=4)*'[1]عهد ومصروفات دمياط'!$T$8:$T$5007),0)) | O11: =IF($A11="","",N(M11)-N(N11)) | P11: 0 | Q11: =IF($A11="","",IFERROR(SUMPRODUCT(('[1]عهد ومصروفات دمياط'!$H$8:$H$5007=$A11)*('[1]عهد ومصروفات دمياط'!$S$8:$S$5007=5)*'[1]عهد ومصروفات دمياط'!$T$8:$T$5007),0)) | R11: =IF($A11="","",N(P11)-N(Q11)) | S11: 0 | T11: =IF($A11="","",IFERROR(SUMPRODUCT(('[1]عهد ومصروفات دمياط'!$H$8:$H$5007=$A11)*('[1]عهد ومصروفات دمياط'!$S$8:$S$5007=6)*'[1]عهد ومصروفات دمياط'!$T$8:$T$5007),0)) | U11: =IF($A11="","",N(S11)-N(T11)) | V11: 0 | W11: =IF($A11="","",IFERROR(SUMPRODUCT(('[1]عهد ومصروفات دمياط'!$H$8:$H$5007=$A11)*('[1]عهد ومصروفات دمياط'!$S$8:$S$5007=7)*'[1]عهد ومصروفات دمياط'!$T$8:$T$5007),0)) | X11: =IF($A11="","",N(V11)-N(W11)) | Y11: 0 | Z11: =IF($A11="","",IFERROR(SUMPRODUCT(('[1]عهد ومصروفات دمياط'!$H$8:$H$5007=$A11)*('[1]عهد ومصروفات دمياط'!$S$8:$S$5007=8)*'[1]عهد ومصروفات دمياط'!$T$8:$T$5007),0)) | AA11: =IF($A11="","",N(Y11)-N(Z11)) | AB11: 0 | AC11: =IF($A11="","",IFERROR(SUMPRODUCT(('[1]عهد ومصروفات دمياط'!$H$8:$H$5007=$A11)*('[1]عهد ومصروفات دمياط'!$S$8:$S$5007=9)*'[1]عهد ومصروفات دمياط'!$T$8:$T$5007),0)) | AD11: =IF($A11="","",N(AB11)-N(AC11)) | AE11: 0 | AF11: =IF($A11="","",IFERROR(SUMPRODUCT(('[1]عهد ومصروفات دمياط'!$H$8:$H$5007=$A11)*('[1]عهد ومصروفات دمياط'!$S$8:$S$5007=10)*'[1]عهد ومصروفات دمياط'!$T$8:$T$5007),0)) | AG11: =IF($A11="","",N(AE11)-N(AF11)) | AH11: 0 | AI11: =IF($A11="","",IFERROR(SUMPRODUCT(('[1]عهد ومصروفات دمياط'!$H$8:$H$5007=$A11)*('[1]عهد ومصروفات دمياط'!$S$8:$S$5007=11)*'[1]عهد ومصروفات دمياط'!$T$8:$T$5007),0)) | AJ11: =IF($A11="","",N(AH11)-N(AI11)) | AK11: 0 | AL11: =IF($A11="","",IFERROR(SUMPRODUCT(('[1]عهد ومصروفات دمياط'!$H$8:$H$5007=$A11)*('[1]عهد ومصروفات دمياط'!$S$8:$S$5007=12)*'[1]عهد ومصروفات دمياط'!$T$8:$T$5007),0)) | AM11: =IF($A11="","",N(AK11)-N(AL11)) | AN11: =IF(A11="","",N(D11)+N(G11)+N(J11)+N(M11)+N(P11)+N(S11)+N(V11)+N(Y11)+N(AB11)+N(AE11)+N(AH11)+N(AK11)) | AO11: =IF(A11="","",N(E11)+N(H11)+N(K11)+N(N11)+N(Q11)+N(T11)+N(W11)+N(Z11)+N(AC11)+N(AF11)+N(AI11)+N(AL11)) | AP11: =IF(A11="","",N(B11)-AO11) | AQ11: =IF(A11="",0,(N(F11)<0)+(N(I11)<0)+(N(L11)<0)+(N(O11)<0)+(N(R11)<0)+(N(U11)<0)+(N(X11)<0)+(N(AA11)<0)+(N(AD11)<0)+(N(AG11)<0)+(N(AJ11)<0)+(N(AM11)<0)) | AR11: =IF(A11="",0,MAX(0,-N(F11))+MAX(0,-N(I11))+MAX(0,-N(L11))+MAX(0,-N(O11))+MAX(0,-N(R11))+MAX(0,-N(U11))+MAX(0,-N(X11))+MAX(0,-N(AA11))+MAX(0,-N(AD11))+MAX(0,-N(AG11))+MAX(0,-N(AJ11))+MAX(0,-N(AM11))) | AS11: =IF(A11="",0,IF(OR(N(AP11)<0,AQ11>0),1,0)) | AT11: =AT10+AS11 | AU11: =IF(A11="",-1,N(AO11)+ROW()/10000000)
A12: الزى المدرسى (الصف الأول) | B12: 181750 | C12: =IF(A12="","",N(B12)/12) | D12: 181750 | E12: =IF($A12="","",IFERROR(SUMPRODUCT(('[1]عهد ومصروفات دمياط'!$H$8:$H$5007=$A12)*('[1]عهد ومصروفات دمياط'!$S$8:$S$5007=1)*'[1]عهد ومصروفات دمياط'!$T$8:$T$5007),0)) | F12: =IF($A12="","",N(D12)-N(E12)) | G12: 0 | H12: =IF($A12="","",IFERROR(SUMPRODUCT(('[1]عهد ومصروفات دمياط'!$H$8:$H$5007=$A12)*('[1]عهد ومصروفات دمياط'!$S$8:$S$5007=2)*'[1]عهد ومصروفات دمياط'!$T$8:$T$5007),0)) | I12: =IF($A12="","",N(G12)-N(H12)) | J12: 0 | K12: =IF($A12="","",IFERROR(SUMPRODUCT(('[1]عهد ومصروفات دمياط'!$H$8:$H$5007=$A12)*('[1]عهد ومصروفات دمياط'!$S$8:$S$5007=3)*'[1]عهد ومصروفات دمياط'!$T$8:$T$5007),0)) | L12: =IF($A12="","",N(J12)-N(K12)) | M12: 0 | N12: =IF($A12="","",IFERROR(SUMPRODUCT(('[1]عهد ومصروفات دمياط'!$H$8:$H$5007=$A12)*('[1]عهد ومصروفات دمياط'!$S$8:$S$5007=4)*'[1]عهد ومصروفات دمياط'!$T$8:$T$5007),0)) | O12: =IF($A12="","",N(M12)-N(N12)) | P12: 0 | Q12: =IF($A12="","",IFERROR(SUMPRODUCT(('[1]عهد ومصروفات دمياط'!$H$8:$H$5007=$A12)*('[1]عهد ومصروفات دمياط'!$S$8:$S$5007=5)*'[1]عهد ومصروفات دمياط'!$T$8:$T$5007),0)) | R12: =IF($A12="","",N(P12)-N(Q12)) | S12: 0 | T12: =IF($A12="","",IFERROR(SUMPRODUCT(('[1]عهد ومصروفات دمياط'!$H$8:$H$5007=$A12)*('[1]عهد ومصروفات دمياط'!$S$8:$S$5007=6)*'[1]عهد ومصروفات دمياط'!$T$8:$T$5007),0)) | U12: =IF($A12="","",N(S12)-N(T12)) | V12: 0 | W12: =IF($A12="","",IFERROR(SUMPRODUCT(('[1]عهد ومصروفات دمياط'!$H$8:$H$5007=$A12)*('[1]عهد ومصروفات دمياط'!$S$8:$S$5007=7)*'[1]عهد ومصروفات دمياط'!$T$8:$T$5007),0)) | X12: =IF($A12="","",N(V12)-N(W12)) | Y12: 0 | Z12: =IF($A12="","",IFERROR(SUMPRODUCT(('[1]عهد ومصروفات دمياط'!$H$8:$H$5007=$A12)*('[1]عهد ومصروفات دمياط'!$S$8:$S$5007=8)*'[1]عهد ومصروفات دمياط'!$T$8:$T$5007),0)) | AA12: =IF($A12="","",N(Y12)-N(Z12)) | AB12: 0 | AC12: =IF($A12="","",IFERROR(SUMPRODUCT(('[1]عهد ومصروفات دمياط'!$H$8:$H$5007=$A12)*('[1]عهد ومصروفات دمياط'!$S$8:$S$5007=9)*'[1]عهد ومصروفات دمياط'!$T$8:$T$5007),0)) | AD12: =IF($A12="","",N(AB12)-N(AC12)) | AE12: 0 | AF12: =IF($A12="","",IFERROR(SUMPRODUCT(('[1]عهد ومصروفات دمياط'!$H$8:$H$5007=$A12)*('[1]عهد ومصروفات دمياط'!$S$8:$S$5007=10)*'[1]عهد ومصروفات دمياط'!$T$8:$T$5007),0)) | AG12: =IF($A12="","",N(AE12)-N(AF12)) | AH12: 0 | AI12: =IF($A12="","",IFERROR(SUMPRODUCT(('[1]عهد ومصروفات دمياط'!$H$8:$H$5007=$A12)*('[1]عهد ومصروفات دمياط'!$S$8:$S$5007=11)*'[1]عهد ومصروفات دمياط'!$T$8:$T$5007),0)) | AJ12: =IF($A12="","",N(AH12)-N(AI12)) | AK12: 0 | AL12: =IF($A12="","",IFERROR(SUMPRODUCT(('[1]عهد ومصروفات دمياط'!$H$8:$H$5007=$A12)*('[1]عهد ومصروفات دمياط'!$S$8:$S$5007=12)*'[1]عهد ومصروفات دمياط'!$T$8:$T$5007),0)) | AM12: =IF($A12="","",N(AK12)-N(AL12)) | AN12: =IF(A12="","",N(D12)+N(G12)+N(J12)+N(M12)+N(P12)+N(S12)+N(V12)+N(Y12)+N(AB12)+N(AE12)+N(AH12)+N(AK12)) | AO12: =IF(A12="","",N(E12)+N(H12)+N(K12)+N(N12)+N(Q12)+N(T12)+N(W12)+N(Z12)+N(AC12)+N(AF12)+N(AI12)+N(AL12)) | AP12: =IF(A12="","",N(B12)-AO12) | AQ12: =IF(A12="",0,(N(F12)<0)+(N(I12)<0)+(N(L12)<0)+(N(O12)<0)+(N(R12)<0)+(N(U12)<0)+(N(X12)<0)+(N(AA12)<0)+(N(AD12)<0)+(N(AG12)<0)+(N(AJ12)<0)+(N(AM12)<0)) | AR12: =IF(A12="",0,MAX(0,-N(F12))+MAX(0,-N(I12))+MAX(0,-N(L12))+MAX(0,-N(O12))+MAX(0,-N(R12))+MAX(0,-N(U12))+MAX(0,-N(X12))+MAX(0,-N(AA12))+MAX(0,-N(AD12))+MAX(0,-N(AG12))+MAX(0,-N(AJ12))+MAX(0,-N(AM12))) | AS12: =IF(A12="",0,IF(OR(N(AP12)<0,AQ12>0),1,0)) | AT12: =AT11+AS12 | AU12: =IF(A12="",-1,N(AO12)+ROW()/10000000)
A13: انتقالات الموقع – الصف الثالث | B13: 135000 | C13: =IF(A13="","",N(B13)/12) | D13: 0 | E13: =IF($A13="","",IFERROR(SUMPRODUCT(('[1]عهد ومصروفات دمياط'!$H$8:$H$5007=$A13)*('[1]عهد ومصروفات دمياط'!$S$8:$S$5007=1)*'[1]عهد ومصروفات دمياط'!$T$8:$T$5007),0)) | F13: =IF($A13="","",N(D13)-N(E13)) | G13: 0 | H13: =IF($A13="","",IFERROR(SUMPRODUCT(('[1]عهد ومصروفات دمياط'!$H$8:$H$5007=$A13)*('[1]عهد ومصروفات دمياط'!$S$8:$S$5007=2)*'[1]عهد ومصروفات دمياط'!$T$8:$T$5007),0)) | I13: =IF($A13="","",N(G13)-N(H13)) | J13: 22500 | K13: =IF($A13="","",IFERROR(SUMPRODUCT(('[1]عهد ومصروفات دمياط'!$H$8:$H$5007=$A13)*('[1]عهد ومصروفات دمياط'!$S$8:$S$5007=3)*'[1]عهد ومصروفات دمياط'!$T$8:$T$5007),0)) | L13: =IF($A13="","",N(J13)-N(K13)) | M13: 45000 | N13: =IF($A13="","",IFERROR(SUMPRODUCT(('[1]عهد ومصروفات دمياط'!$H$8:$H$5007=$A13)*('[1]عهد ومصروفات دمياط'!$S$8:$S$5007=4)*'[1]عهد ومصروفات دمياط'!$T$8:$T$5007),0)) | O13: =IF($A13="","",N(M13)-N(N13)) | P13: 0 | Q13: =IF($A13="","",IFERROR(SUMPRODUCT(('[1]عهد ومصروفات دمياط'!$H$8:$H$5007=$A13)*('[1]عهد ومصروفات دمياط'!$S$8:$S$5007=5)*'[1]عهد ومصروفات دمياط'!$T$8:$T$5007),0)) | R13: =IF($A13="","",N(P13)-N(Q13)) | S13: 22500 | T13: =IF($A13="","",IFERROR(SUMPRODUCT(('[1]عهد ومصروفات دمياط'!$H$8:$H$5007=$A13)*('[1]عهد ومصروفات دمياط'!$S$8:$S$5007=6)*'[1]عهد ومصروفات دمياط'!$T$8:$T$5007),0)) | U13: =IF($A13="","",N(S13)-N(T13)) | V13: 45000 | W13: =IF($A13="","",IFERROR(SUMPRODUCT(('[1]عهد ومصروفات دمياط'!$H$8:$H$5007=$A13)*('[1]عهد ومصروفات دمياط'!$S$8:$S$5007=7)*'[1]عهد ومصروفات دمياط'!$T$8:$T$5007),0)) | X13: =IF($A13="","",N(V13)-N(W13)) | Y13: 0 | Z13: =IF($A13="","",IFERROR(SUMPRODUCT(('[1]عهد ومصروفات دمياط'!$H$8:$H$5007=$A13)*('[1]عهد ومصروفات دمياط'!$S$8:$S$5007=8)*'[1]عهد ومصروفات دمياط'!$T$8:$T$5007),0)) | AA13: =IF($A13="","",N(Y13)-N(Z13)) | AB13: 0 | AC13: =IF($A13="","",IFERROR(SUMPRODUCT(('[1]عهد ومصروفات دمياط'!$H$8:$H$5007=$A13)*('[1]عهد ومصروفات دمياط'!$S$8:$S$5007=9)*'[1]عهد ومصروفات دمياط'!$T$8:$T$5007),0)) | AD13: =IF($A13="","",N(AB13)-N(AC13)) | AE13: 0 | AF13: =IF($A13="","",IFERROR(SUMPRODUCT(('[1]عهد ومصروفات دمياط'!$H$8:$H$5007=$A13)*('[1]عهد ومصروفات دمياط'!$S$8:$S$5007=10)*'[1]عهد ومصروفات دمياط'!$T$8:$T$5007),0)) | AG13: =IF($A13="","",N(AE13)-N(AF13)) | AH13: 0 | AI13: =IF($A13="","",IFERROR(SUMPRODUCT(('[1]عهد ومصروفات دمياط'!$H$8:$H$5007=$A13)*('[1]عهد ومصروفات دمياط'!$S$8:$S$5007=11)*'[1]عهد ومصروفات دمياط'!$T$8:$T$5007),0)) | AJ13: =IF($A13="","",N(AH13)-N(AI13)) | AK13: 0 | AL13: =IF($A13="","",IFERROR(SUMPRODUCT(('[1]عهد ومصروفات دمياط'!$H$8:$H$5007=$A13)*('[1]عهد ومصروفات دمياط'!$S$8:$S$5007=12)*'[1]عهد ومصروفات دمياط'!$T$8:$T$5007),0)) | AM13: =IF($A13="","",N(AK13)-N(AL13)) | AN13: =IF(A13="","",N(D13)+N(G13)+N(J13)+N(M13)+N(P13)+N(S13)+N(V13)+N(Y13)+N(AB13)+N(AE13)+N(AH13)+N(AK13)) | AO13: =IF(A13="","",N(E13)+N(H13)+N(K13)+N(N13)+N(Q13)+N(T13)+N(W13)+N(Z13)+N(AC13)+N(AF13)+N(AI13)+N(AL13)) | AP13: =IF(A13="","",N(B13)-AO13) | AQ13: =IF(A13="",0,(N(F13)<0)+(N(I13)<0)+(N(L13)<0)+(N(O13)<0)+(N(R13)<0)+(N(U13)<0)+(N(X13)<0)+(N(AA13)<0)+(N(AD13)<0)+(N(AG13)<0)+(N(AJ13)<0)+(N(AM13)<0)) | AR13: =IF(A13="",0,MAX(0,-N(F13))+MAX(0,-N(I13))+MAX(0,-N(L13))+MAX(0,-N(O13))+MAX(0,-N(R13))+MAX(0,-N(U13))+MAX(0,-N(X13))+MAX(0,-N(AA13))+MAX(0,-N(AD13))+MAX(0,-N(AG13))+MAX(0,-N(AJ13))+MAX(0,-N(AM13))) | AS13: =IF(A13="",0,IF(OR(N(AP13)<0,AQ13>0),1,0)) | AT13: =AT12+AS13 | AU13: =IF(A13="",-1,N(AO13)+ROW()/10000000)
A14: وجبات الموقع – الصف الثالث | B14: 81675 | C14: =IF(A14="","",N(B14)/12) | D14: 0 | E14: =IF($A14="","",IFERROR(SUMPRODUCT(('[1]عهد ومصروفات دمياط'!$H$8:$H$5007=$A14)*('[1]عهد ومصروفات دمياط'!$S$8:$S$5007=1)*'[1]عهد ومصروفات دمياط'!$T$8:$T$5007),0)) | F14: =IF($A14="","",N(D14)-N(E14)) | G14: 0 | H14: =IF($A14="","",IFERROR(SUMPRODUCT(('[1]عهد ومصروفات دمياط'!$H$8:$H$5007=$A14)*('[1]عهد ومصروفات دمياط'!$S$8:$S$5007=2)*'[1]عهد ومصروفات دمياط'!$T$8:$T$5007),0)) | I14: =IF($A14="","",N(G14)-N(H14)) | J14: 13612.5 | K14: =IF($A14="","",IFERROR(SUMPRODUCT(('[1]عهد ومصروفات دمياط'!$H$8:$H$5007=$A14)*('[1]عهد ومصروفات دمياط'!$S$8:$S$5007=3)*'[1]عهد ومصروفات دمياط'!$T$8:$T$5007),0)) | L14: =IF($A14="","",N(J14)-N(K14)) | M14: 27225 | N14: =IF($A14="","",IFERROR(SUMPRODUCT(('[1]عهد ومصروفات دمياط'!$H$8:$H$5007=$A14)*('[1]عهد ومصروفات دمياط'!$S$8:$S$5007=4)*'[1]عهد ومصروفات دمياط'!$T$8:$T$5007),0)) | O14: =IF($A14="","",N(M14)-N(N14)) | P14: 0 | Q14: =IF($A14="","",IFERROR(SUMPRODUCT(('[1]عهد ومصروفات دمياط'!$H$8:$H$5007=$A14)*('[1]عهد ومصروفات دمياط'!$S$8:$S$5007=5)*'[1]عهد ومصروفات دمياط'!$T$8:$T$5007),0)) | R14: =IF($A14="","",N(P14)-N(Q14)) | S14: 13612.5 | T14: =IF($A14="","",IFERROR(SUMPRODUCT(('[1]عهد ومصروفات دمياط'!$H$8:$H$5007=$A14)*('[1]عهد ومصروفات دمياط'!$S$8:$S$5007=6)*'[1]عهد ومصروفات دمياط'!$T$8:$T$5007),0)) | U14: =IF($A14="","",N(S14)-N(T14)) | V14: 27225 | W14: =IF($A14="","",IFERROR(SUMPRODUCT(('[1]عهد ومصروفات دمياط'!$H$8:$H$5007=$A14)*('[1]عهد ومصروفات دمياط'!$S$8:$S$5007=7)*'[1]عهد ومصروفات دمياط'!$T$8:$T$5007),0)) | X14: =IF($A14="","",N(V14)-N(W14)) | Y14: 0 | Z14: =IF($A14="","",IFERROR(SUMPRODUCT(('[1]عهد ومصروفات دمياط'!$H$8:$H$5007=$A14)*('[1]عهد ومصروفات دمياط'!$S$8:$S$5007=8)*'[1]عهد ومصروفات دمياط'!$T$8:$T$5007),0)) | AA14: =IF($A14="","",N(Y14)-N(Z14)) | AB14: 0 | AC14: =IF($A14="","",IFERROR(SUMPRODUCT(('[1]عهد ومصروفات دمياط'!$H$8:$H$5007=$A14)*('[1]عهد ومصروفات دمياط'!$S$8:$S$5007=9)*'[1]عهد ومصروفات دمياط'!$T$8:$T$5007),0)) | AD14: =IF($A14="","",N(AB14)-N(AC14)) | AE14: 0 | AF14: =IF($A14="","",IFERROR(SUMPRODUCT(('[1]عهد ومصروفات دمياط'!$H$8:$H$5007=$A14)*('[1]عهد ومصروفات دمياط'!$S$8:$S$5007=10)*'[1]عهد ومصروفات دمياط'!$T$8:$T$5007),0)) | AG14: =IF($A14="","",N(AE14)-N(AF14)) | AH14: 0 | AI14: =IF($A14="","",IFERROR(SUMPRODUCT(('[1]عهد ومصروفات دمياط'!$H$8:$H$5007=$A14)*('[1]عهد ومصروفات دمياط'!$S$8:$S$5007=11)*'[1]عهد ومصروفات دمياط'!$T$8:$T$5007),0)) | AJ14: =IF($A14="","",N(AH14)-N(AI14)) | AK14: 0 | AL14: =IF($A14="","",IFERROR(SUMPRODUCT(('[1]عهد ومصروفات دمياط'!$H$8:$H$5007=$A14)*('[1]عهد ومصروفات دمياط'!$S$8:$S$5007=12)*'[1]عهد ومصروفات دمياط'!$T$8:$T$5007),0)) | AM14: =IF($A14="","",N(AK14)-N(AL14)) | AN14: =IF(A14="","",N(D14)+N(G14)+N(J14)+N(M14)+N(P14)+N(S14)+N(V14)+N(Y14)+N(AB14)+N(AE14)+N(AH14)+N(AK14)) | AO14: =IF(A14="","",N(E14)+N(H14)+N(K14)+N(N14)+N(Q14)+N(T14)+N(W14)+N(Z14)+N(AC14)+N(AF14)+N(AI14)+N(AL14)) | AP14: =IF(A14="","",N(B14)-AO14) | AQ14: =IF(A14="",0,(N(F14)<0)+(N(I14)<0)+(N(L14)<0)+(N(O14)<0)+(N(R14)<0)+(N(U14)<0)+(N(X14)<0)+(N(AA14)<0)+(N(AD14)<0)+(N(AG14)<0)+(N(AJ14)<0)+(N(AM14)<0)) | AR14: =IF(A14="",0,MAX(0,-N(F14))+MAX(0,-N(I14))+MAX(0,-N(L14))+MAX(0,-N(O14))+MAX(0,-N(R14))+MAX(0,-N(U14))+MAX(0,-N(X14))+MAX(0,-N(AA14))+MAX(0,-N(AD14))+MAX(0,-N(AG14))+MAX(0,-N(AJ14))+MAX(0,-N(AM14))) | AS14: =IF(A14="",0,IF(OR(N(AP14)<0,AQ14>0),1,0)) | AT14: =AT13+AS14 | AU14: =IF(A14="",-1,N(AO14)+ROW()/10000000)
A15: انتقالات الموقع – الصف الأول | B15: 90000 | C15: =IF(A15="","",N(B15)/12) | D15: 0 | E15: =IF($A15="","",IFERROR(SUMPRODUCT(('[1]عهد ومصروفات دمياط'!$H$8:$H$5007=$A15)*('[1]عهد ومصروفات دمياط'!$S$8:$S$5007=1)*'[1]عهد ومصروفات دمياط'!$T$8:$T$5007),0)) | F15: =IF($A15="","",N(D15)-N(E15)) | G15: 0 | H15: =IF($A15="","",IFERROR(SUMPRODUCT(('[1]عهد ومصروفات دمياط'!$H$8:$H$5007=$A15)*('[1]عهد ومصروفات دمياط'!$S$8:$S$5007=2)*'[1]عهد ومصروفات دمياط'!$T$8:$T$5007),0)) | I15: =IF($A15="","",N(G15)-N(H15)) | J15: 0 | K15: =IF($A15="","",IFERROR(SUMPRODUCT(('[1]عهد ومصروفات دمياط'!$H$8:$H$5007=$A15)*('[1]عهد ومصروفات دمياط'!$S$8:$S$5007=3)*'[1]عهد ومصروفات دمياط'!$T$8:$T$5007),0)) | L15: =IF($A15="","",N(J15)-N(K15)) | M15: 0 | N15: =IF($A15="","",IFERROR(SUMPRODUCT(('[1]عهد ومصروفات دمياط'!$H$8:$H$5007=$A15)*('[1]عهد ومصروفات دمياط'!$S$8:$S$5007=4)*'[1]عهد ومصروفات دمياط'!$T$8:$T$5007),0)) | O15: =IF($A15="","",N(M15)-N(N15)) | P15: 0 | Q15: =IF($A15="","",IFERROR(SUMPRODUCT(('[1]عهد ومصروفات دمياط'!$H$8:$H$5007=$A15)*('[1]عهد ومصروفات دمياط'!$S$8:$S$5007=5)*'[1]عهد ومصروفات دمياط'!$T$8:$T$5007),0)) | R15: =IF($A15="","",N(P15)-N(Q15)) | S15: 45000 | T15: =IF($A15="","",IFERROR(SUMPRODUCT(('[1]عهد ومصروفات دمياط'!$H$8:$H$5007=$A15)*('[1]عهد ومصروفات دمياط'!$S$8:$S$5007=6)*'[1]عهد ومصروفات دمياط'!$T$8:$T$5007),0)) | U15: =IF($A15="","",N(S15)-N(T15)) | V15: 45000 | W15: =IF($A15="","",IFERROR(SUMPRODUCT(('[1]عهد ومصروفات دمياط'!$H$8:$H$5007=$A15)*('[1]عهد ومصروفات دمياط'!$S$8:$S$5007=7)*'[1]عهد ومصروفات دمياط'!$T$8:$T$5007),0)) | X15: =IF($A15="","",N(V15)-N(W15)) | Y15: 0 | Z15: =IF($A15="","",IFERROR(SUMPRODUCT(('[1]عهد ومصروفات دمياط'!$H$8:$H$5007=$A15)*('[1]عهد ومصروفات دمياط'!$S$8:$S$5007=8)*'[1]عهد ومصروفات دمياط'!$T$8:$T$5007),0)) | AA15: =IF($A15="","",N(Y15)-N(Z15)) | AB15: 0 | AC15: =IF($A15="","",IFERROR(SUMPRODUCT(('[1]عهد ومصروفات دمياط'!$H$8:$H$5007=$A15)*('[1]عهد ومصروفات دمياط'!$S$8:$S$5007=9)*'[1]عهد ومصروفات دمياط'!$T$8:$T$5007),0)) | AD15: =IF($A15="","",N(AB15)-N(AC15)) | AE15: 0 | AF15: =IF($A15="","",IFERROR(SUMPRODUCT(('[1]عهد ومصروفات دمياط'!$H$8:$H$5007=$A15)*('[1]عهد ومصروفات دمياط'!$S$8:$S$5007=10)*'[1]عهد ومصروفات دمياط'!$T$8:$T$5007),0)) | AG15: =IF($A15="","",N(AE15)-N(AF15)) | AH15: 0 | AI15: =IF($A15="","",IFERROR(SUMPRODUCT(('[1]عهد ومصروفات دمياط'!$H$8:$H$5007=$A15)*('[1]عهد ومصروفات دمياط'!$S$8:$S$5007=11)*'[1]عهد ومصروفات دمياط'!$T$8:$T$5007),0)) | AJ15: =IF($A15="","",N(AH15)-N(AI15)) | AK15: 0 | AL15: =IF($A15="","",IFERROR(SUMPRODUCT(('[1]عهد ومصروفات دمياط'!$H$8:$H$5007=$A15)*('[1]عهد ومصروفات دمياط'!$S$8:$S$5007=12)*'[1]عهد ومصروفات دمياط'!$T$8:$T$5007),0)) | AM15: =IF($A15="","",N(AK15)-N(AL15)) | AN15: =IF(A15="","",N(D15)+N(G15)+N(J15)+N(M15)+N(P15)+N(S15)+N(V15)+N(Y15)+N(AB15)+N(AE15)+N(AH15)+N(AK15)) | AO15: =IF(A15="","",N(E15)+N(H15)+N(K15)+N(N15)+N(Q15)+N(T15)+N(W15)+N(Z15)+N(AC15)+N(AF15)+N(AI15)+N(AL15)) | AP15: =IF(A15="","",N(B15)-AO15) | AQ15: =IF(A15="",0,(N(F15)<0)+(N(I15)<0)+(N(L15)<0)+(N(O15)<0)+(N(R15)<0)+(N(U15)<0)+(N(X15)<0)+(N(AA15)<0)+(N(AD15)<0)+(N(AG15)<0)+(N(AJ15)<0)+(N(AM15)<0)) | AR15: =IF(A15="",0,MAX(0,-N(F15))+MAX(0,-N(I15))+MAX(0,-N(L15))+MAX(0,-N(O15))+MAX(0,-N(R15))+MAX(0,-N(U15))+MAX(0,-N(X15))+MAX(0,-N(AA15))+MAX(0,-N(AD15))+MAX(0,-N(AG15))+MAX(0,-N(AJ15))+MAX(0,-N(AM15))) | AS15: =IF(A15="",0,IF(OR(N(AP15)<0,AQ15>0),1,0)) | AT15: =AT14+AS15 | AU15: =IF(A15="",-1,N(AO15)+ROW()/10000000)
A16: انتقالات الموقع – الصف الثانى | B16: 135000 | C16: =IF(A16="","",N(B16)/12) | D16: 0 | E16: =IF($A16="","",IFERROR(SUMPRODUCT(('[1]عهد ومصروفات دمياط'!$H$8:$H$5007=$A16)*('[1]عهد ومصروفات دمياط'!$S$8:$S$5007=1)*'[1]عهد ومصروفات دمياط'!$T$8:$T$5007),0)) | F16: =IF($A16="","",N(D16)-N(E16)) | G16: 0 | H16: =IF($A16="","",IFERROR(SUMPRODUCT(('[1]عهد ومصروفات دمياط'!$H$8:$H$5007=$A16)*('[1]عهد ومصروفات دمياط'!$S$8:$S$5007=2)*'[1]عهد ومصروفات دمياط'!$T$8:$T$5007),0)) | I16: =IF($A16="","",N(G16)-N(H16)) | J16: 0 | K16: =IF($A16="","",IFERROR(SUMPRODUCT(('[1]عهد ومصروفات دمياط'!$H$8:$H$5007=$A16)*('[1]عهد ومصروفات دمياط'!$S$8:$S$5007=3)*'[1]عهد ومصروفات دمياط'!$T$8:$T$5007),0)) | L16: =IF($A16="","",N(J16)-N(K16)) | M16: 0 | N16: =IF($A16="","",IFERROR(SUMPRODUCT(('[1]عهد ومصروفات دمياط'!$H$8:$H$5007=$A16)*('[1]عهد ومصروفات دمياط'!$S$8:$S$5007=4)*'[1]عهد ومصروفات دمياط'!$T$8:$T$5007),0)) | O16: =IF($A16="","",N(M16)-N(N16)) | P16: 0 | Q16: =IF($A16="","",IFERROR(SUMPRODUCT(('[1]عهد ومصروفات دمياط'!$H$8:$H$5007=$A16)*('[1]عهد ومصروفات دمياط'!$S$8:$S$5007=5)*'[1]عهد ومصروفات دمياط'!$T$8:$T$5007),0)) | R16: =IF($A16="","",N(P16)-N(Q16)) | S16: 50000 | T16: =IF($A16="","",IFERROR(SUMPRODUCT(('[1]عهد ومصروفات دمياط'!$H$8:$H$5007=$A16)*('[1]عهد ومصروفات دمياط'!$S$8:$S$5007=6)*'[1]عهد ومصروفات دمياط'!$T$8:$T$5007),0)) | U16: =IF($A16="","",N(S16)-N(T16)) | V16: 85000 | W16: =IF($A16="","",IFERROR(SUMPRODUCT(('[1]عهد ومصروفات دمياط'!$H$8:$H$5007=$A16)*('[1]عهد ومصروفات دمياط'!$S$8:$S$5007=7)*'[1]عهد ومصروفات دمياط'!$T$8:$T$5007),0)) | X16: =IF($A16="","",N(V16)-N(W16)) | Y16: 0 | Z16: =IF($A16="","",IFERROR(SUMPRODUCT(('[1]عهد ومصروفات دمياط'!$H$8:$H$5007=$A16)*('[1]عهد ومصروفات دمياط'!$S$8:$S$5007=8)*'[1]عهد ومصروفات دمياط'!$T$8:$T$5007),0)) | AA16: =IF($A16="","",N(Y16)-N(Z16)) | AB16: 0 | AC16: =IF($A16="","",IFERROR(SUMPRODUCT(('[1]عهد ومصروفات دمياط'!$H$8:$H$5007=$A16)*('[1]عهد ومصروفات دمياط'!$S$8:$S$5007=9)*'[1]عهد ومصروفات دمياط'!$T$8:$T$5007),0)) | AD16: =IF($A16="","",N(AB16)-N(AC16)) | AE16: 0 | AF16: =IF($A16="","",IFERROR(SUMPRODUCT(('[1]عهد ومصروفات دمياط'!$H$8:$H$5007=$A16)*('[1]عهد ومصروفات دمياط'!$S$8:$S$5007=10)*'[1]عهد ومصروفات دمياط'!$T$8:$T$5007),0)) | AG16: =IF($A16="","",N(AE16)-N(AF16)) | AH16: 0 | AI16: =IF($A16="","",IFERROR(SUMPRODUCT(('[1]عهد ومصروفات دمياط'!$H$8:$H$5007=$A16)*('[1]عهد ومصروفات دمياط'!$S$8:$S$5007=11)*'[1]عهد ومصروفات دمياط'!$T$8:$T$5007),0)) | AJ16: =IF($A16="","",N(AH16)-N(AI16)) | AK16: 0 | AL16: =IF($A16="","",IFERROR(SUMPRODUCT(('[1]عهد ومصروفات دمياط'!$H$8:$H$5007=$A16)*('[1]عهد ومصروفات دمياط'!$S$8:$S$5007=12)*'[1]عهد ومصروفات دمياط'!$T$8:$T$5007),0)) | AM16: =IF($A16="","",N(AK16)-N(AL16)) | AN16: =IF(A16="","",N(D16)+N(G16)+N(J16)+N(M16)+N(P16)+N(S16)+N(V16)+N(Y16)+N(AB16)+N(AE16)+N(AH16)+N(AK16)) | AO16: =IF(A16="","",N(E16)+N(H16)+N(K16)+N(N16)+N(Q16)+N(T16)+N(W16)+N(Z16)+N(AC16)+N(AF16)+N(AI16)+N(AL16)) | AP16: =IF(A16="","",N(B16)-AO16) | AQ16: =IF(A16="",0,(N(F16)<0)+(N(I16)<0)+(N(L16)<0)+(N(O16)<0)+(N(R16)<0)+(N(U16)<0)+(N(X16)<0)+(N(AA16)<0)+(N(AD16)<0)+(N(AG16)<0)+(N(AJ16)<0)+(N(AM16)<0)) | AR16: =IF(A16="",0,MAX(0,-N(F16))+MAX(0,-N(I16))+MAX(0,-N(L16))+MAX(0,-N(O16))+MAX(0,-N(R16))+MAX(0,-N(U16))+MAX(0,-N(X16))+MAX(0,-N(AA16))+MAX(0,-N(AD16))+MAX(0,-N(AG16))+MAX(0,-N(AJ16))+MAX(0,-N(AM16))) | AS16: =IF(A16="",0,IF(OR(N(AP16)<0,AQ16>0),1,0)) | AT16: =AT15+AS16 | AU16: =IF(A16="",-1,N(AO16)+ROW()/10000000)
A17: وجبات الموقع – الصف الأول | B17: 59400 | C17: =IF(A17="","",N(B17)/12) | D17: 0 | E17: =IF($A17="","",IFERROR(SUMPRODUCT(('[1]عهد ومصروفات دمياط'!$H$8:$H$5007=$A17)*('[1]عهد ومصروفات دمياط'!$S$8:$S$5007=1)*'[1]عهد ومصروفات دمياط'!$T$8:$T$5007),0)) | F17: =IF($A17="","",N(D17)-N(E17)) | G17: 0 | H17: =IF($A17="","",IFERROR(SUMPRODUCT(('[1]عهد ومصروفات دمياط'!$H$8:$H$5007=$A17)*('[1]عهد ومصروفات دمياط'!$S$8:$S$5007=2)*'[1]عهد ومصروفات دمياط'!$T$8:$T$5007),0)) | I17: =IF($A17="","",N(G17)-N(H17)) | J17: 0 | K17: =IF($A17="","",IFERROR(SUMPRODUCT(('[1]عهد ومصروفات دمياط'!$H$8:$H$5007=$A17)*('[1]عهد ومصروفات دمياط'!$S$8:$S$5007=3)*'[1]عهد ومصروفات دمياط'!$T$8:$T$5007),0)) | L17: =IF($A17="","",N(J17)-N(K17)) | M17: 0 | N17: =IF($A17="","",IFERROR(SUMPRODUCT(('[1]عهد ومصروفات دمياط'!$H$8:$H$5007=$A17)*('[1]عهد ومصروفات دمياط'!$S$8:$S$5007=4)*'[1]عهد ومصروفات دمياط'!$T$8:$T$5007),0)) | O17: =IF($A17="","",N(M17)-N(N17)) | P17: 0 | Q17: =IF($A17="","",IFERROR(SUMPRODUCT(('[1]عهد ومصروفات دمياط'!$H$8:$H$5007=$A17)*('[1]عهد ومصروفات دمياط'!$S$8:$S$5007=5)*'[1]عهد ومصروفات دمياط'!$T$8:$T$5007),0)) | R17: =IF($A17="","",N(P17)-N(Q17)) | S17: 29700 | T17: =IF($A17="","",IFERROR(SUMPRODUCT(('[1]عهد ومصروفات دمياط'!$H$8:$H$5007=$A17)*('[1]عهد ومصروفات دمياط'!$S$8:$S$5007=6)*'[1]عهد ومصروفات دمياط'!$T$8:$T$5007),0)) | U17: =IF($A17="","",N(S17)-N(T17)) | V17: 29700 | W17: =IF($A17="","",IFERROR(SUMPRODUCT(('[1]عهد ومصروفات دمياط'!$H$8:$H$5007=$A17)*('[1]عهد ومصروفات دمياط'!$S$8:$S$5007=7)*'[1]عهد ومصروفات دمياط'!$T$8:$T$5007),0)) | X17: =IF($A17="","",N(V17)-N(W17)) | Y17: 0 | Z17: =IF($A17="","",IFERROR(SUMPRODUCT(('[1]عهد ومصروفات دمياط'!$H$8:$H$5007=$A17)*('[1]عهد ومصروفات دمياط'!$S$8:$S$5007=8)*'[1]عهد ومصروفات دمياط'!$T$8:$T$5007),0)) | AA17: =IF($A17="","",N(Y17)-N(Z17)) | AB17: 0 | AC17: =IF($A17="","",IFERROR(SUMPRODUCT(('[1]عهد ومصروفات دمياط'!$H$8:$H$5007=$A17)*('[1]عهد ومصروفات دمياط'!$S$8:$S$5007=9)*'[1]عهد ومصروفات دمياط'!$T$8:$T$5007),0)) | AD17: =IF($A17="","",N(AB17)-N(AC17)) | AE17: 0 | AF17: =IF($A17="","",IFERROR(SUMPRODUCT(('[1]عهد ومصروفات دمياط'!$H$8:$H$5007=$A17)*('[1]عهد ومصروفات دمياط'!$S$8:$S$5007=10)*'[1]عهد ومصروفات دمياط'!$T$8:$T$5007),0)) | AG17: =IF($A17="","",N(AE17)-N(AF17)) | AH17: 0 | AI17: =IF($A17="","",IFERROR(SUMPRODUCT(('[1]عهد ومصروفات دمياط'!$H$8:$H$5007=$A17)*('[1]عهد ومصروفات دمياط'!$S$8:$S$5007=11)*'[1]عهد ومصروفات دمياط'!$T$8:$T$5007),0)) | AJ17: =IF($A17="","",N(AH17)-N(AI17)) | AK17: 0 | AL17: =IF($A17="","",IFERROR(SUMPRODUCT(('[1]عهد ومصروفات دمياط'!$H$8:$H$5007=$A17)*('[1]عهد ومصروفات دمياط'!$S$8:$S$5007=12)*'[1]عهد ومصروفات دمياط'!$T$8:$T$5007),0)) | AM17: =IF($A17="","",N(AK17)-N(AL17)) | AN17: =IF(A17="","",N(D17)+N(G17)+N(J17)+N(M17)+N(P17)+N(S17)+N(V17)+N(Y17)+N(AB17)+N(AE17)+N(AH17)+N(AK17)) | AO17: =IF(A17="","",N(E17)+N(H17)+N(K17)+N(N17)+N(Q17)+N(T17)+N(W17)+N(Z17)+N(AC17)+N(AF17)+N(AI17)+N(AL17)) | AP17: =IF(A17="","",N(B17)-AO17) | AQ17: =IF(A17="",0,(N(F17)<0)+(N(I17)<0)+(N(L17)<0)+(N(O17)<0)+(N(R17)<0)+(N(U17)<0)+(N(X17)<0)+(N(AA17)<0)+(N(AD17)<0)+(N(AG17)<0)+(N(AJ17)<0)+(N(AM17)<0)) | AR17: =IF(A17="",0,MAX(0,-N(F17))+MAX(0,-N(I17))+MAX(0,-N(L17))+MAX(0,-N(O17))+MAX(0,-N(R17))+MAX(0,-N(U17))+MAX(0,-N(X17))+MAX(0,-N(AA17))+MAX(0,-N(AD17))+MAX(0,-N(AG17))+MAX(0,-N(AJ17))+MAX(0,-N(AM17))) | AS17: =IF(A17="",0,IF(OR(N(AP17)<0,AQ17>0),1,0)) | AT17: =AT16+AS17 | AU17: =IF(A17="",-1,N(AO17)+ROW()/10000000)
A18: وجبات الموقع – الصف الثانى | B18: 56100 | C18: =IF(A18="","",N(B18)/12) | D18: 0 | E18: =IF($A18="","",IFERROR(SUMPRODUCT(('[1]عهد ومصروفات دمياط'!$H$8:$H$5007=$A18)*('[1]عهد ومصروفات دمياط'!$S$8:$S$5007=1)*'[1]عهد ومصروفات دمياط'!$T$8:$T$5007),0)) | F18: =IF($A18="","",N(D18)-N(E18)) | G18: 0 | H18: =IF($A18="","",IFERROR(SUMPRODUCT(('[1]عهد ومصروفات دمياط'!$H$8:$H$5007=$A18)*('[1]عهد ومصروفات دمياط'!$S$8:$S$5007=2)*'[1]عهد ومصروفات دمياط'!$T$8:$T$5007),0)) | I18: =IF($A18="","",N(G18)-N(H18)) | J18: 0 | K18: =IF($A18="","",IFERROR(SUMPRODUCT(('[1]عهد ومصروفات دمياط'!$H$8:$H$5007=$A18)*('[1]عهد ومصروفات دمياط'!$S$8:$S$5007=3)*'[1]عهد ومصروفات دمياط'!$T$8:$T$5007),0)) | L18: =IF($A18="","",N(J18)-N(K18)) | M18: 0 | N18: =IF($A18="","",IFERROR(SUMPRODUCT(('[1]عهد ومصروفات دمياط'!$H$8:$H$5007=$A18)*('[1]عهد ومصروفات دمياط'!$S$8:$S$5007=4)*'[1]عهد ومصروفات دمياط'!$T$8:$T$5007),0)) | O18: =IF($A18="","",N(M18)-N(N18)) | P18: 0 | Q18: =IF($A18="","",IFERROR(SUMPRODUCT(('[1]عهد ومصروفات دمياط'!$H$8:$H$5007=$A18)*('[1]عهد ومصروفات دمياط'!$S$8:$S$5007=5)*'[1]عهد ومصروفات دمياط'!$T$8:$T$5007),0)) | R18: =IF($A18="","",N(P18)-N(Q18)) | S18: 20777.778 | T18: =IF($A18="","",IFERROR(SUMPRODUCT(('[1]عهد ومصروفات دمياط'!$H$8:$H$5007=$A18)*('[1]عهد ومصروفات دمياط'!$S$8:$S$5007=6)*'[1]عهد ومصروفات دمياط'!$T$8:$T$5007),0)) | U18: =IF($A18="","",N(S18)-N(T18)) | V18: 35322.222 | W18: =IF($A18="","",IFERROR(SUMPRODUCT(('[1]عهد ومصروفات دمياط'!$H$8:$H$5007=$A18)*('[1]عهد ومصروفات دمياط'!$S$8:$S$5007=7)*'[1]عهد ومصروفات دمياط'!$T$8:$T$5007),0)) | X18: =IF($A18="","",N(V18)-N(W18)) | Y18: 0 | Z18: =IF($A18="","",IFERROR(SUMPRODUCT(('[1]عهد ومصروفات دمياط'!$H$8:$H$5007=$A18)*('[1]عهد ومصروفات دمياط'!$S$8:$S$5007=8)*'[1]عهد ومصروفات دمياط'!$T$8:$T$5007),0)) | AA18: =IF($A18="","",N(Y18)-N(Z18)) | AB18: 0 | AC18: =IF($A18="","",IFERROR(SUMPRODUCT(('[1]عهد ومصروفات دمياط'!$H$8:$H$5007=$A18)*('[1]عهد ومصروفات دمياط'!$S$8:$S$5007=9)*'[1]عهد ومصروفات دمياط'!$T$8:$T$5007),0)) | AD18: =IF($A18="","",N(AB18)-N(AC18)) | AE18: 0 | AF18: =IF($A18="","",IFERROR(SUMPRODUCT(('[1]عهد ومصروفات دمياط'!$H$8:$H$5007=$A18)*('[1]عهد ومصروفات دمياط'!$S$8:$S$5007=10)*'[1]عهد ومصروفات دمياط'!$T$8:$T$5007),0)) | AG18: =IF($A18="","",N(AE18)-N(AF18)) | AH18: 0 | AI18: =IF($A18="","",IFERROR(SUMPRODUCT(('[1]عهد ومصروفات دمياط'!$H$8:$H$5007=$A18)*('[1]عهد ومصروفات دمياط'!$S$8:$S$5007=11)*'[1]عهد ومصروفات دمياط'!$T$8:$T$5007),0)) | AJ18: =IF($A18="","",N(AH18)-N(AI18)) | AK18: 0 | AL18: =IF($A18="","",IFERROR(SUMPRODUCT(('[1]عهد ومصروفات دمياط'!$H$8:$H$5007=$A18)*('[1]عهد ومصروفات دمياط'!$S$8:$S$5007=12)*'[1]عهد ومصروفات دمياط'!$T$8:$T$5007),0)) | AM18: =IF($A18="","",N(AK18)-N(AL18)) | AN18: =IF(A18="","",N(D18)+N(G18)+N(J18)+N(M18)+N(P18)+N(S18)+N(V18)+N(Y18)+N(AB18)+N(AE18)+N(AH18)+N(AK18)) | AO18: =IF(A18="","",N(E18)+N(H18)+N(K18)+N(N18)+N(Q18)+N(T18)+N(W18)+N(Z18)+N(AC18)+N(AF18)+N(AI18)+N(AL18)) | AP18: =IF(A18="","",N(B18)-AO18) | AQ18: =IF(A18="",0,(N(F18)<0)+(N(I18)<0)+(N(L18)<0)+(N(O18)<0)+(N(R18)<0)+(N(U18)<0)+(N(X18)<0)+(N(AA18)<0)+(N(AD18)<0)+(N(AG18)<0)+(N(AJ18)<0)+(N(AM18)<0)) | AR18: =IF(A18="",0,MAX(0,-N(F18))+MAX(0,-N(I18))+MAX(0,-N(L18))+MAX(0,-N(O18))+MAX(0,-N(R18))+MAX(0,-N(U18))+MAX(0,-N(X18))+MAX(0,-N(AA18))+MAX(0,-N(AD18))+MAX(0,-N(AG18))+MAX(0,-N(AJ18))+MAX(0,-N(AM18))) | AS18: =IF(A18="",0,IF(OR(N(AP18)<0,AQ18>0),1,0)) | AT18: =AT17+AS18 | AU18: =IF(A18="",-1,N(AO18)+ROW()/10000000)
A19: التأمين على الطلاب والعاملين | B19: 42750 | C19: =IF(A19="","",N(B19)/12) | D19: 42750 | E19: =IF($A19="","",IFERROR(SUMPRODUCT(('[1]عهد ومصروفات دمياط'!$H$8:$H$5007=$A19)*('[1]عهد ومصروفات دمياط'!$S$8:$S$5007=1)*'[1]عهد ومصروفات دمياط'!$T$8:$T$5007),0)) | F19: =IF($A19="","",N(D19)-N(E19)) | G19: 0 | H19: =IF($A19="","",IFERROR(SUMPRODUCT(('[1]عهد ومصروفات دمياط'!$H$8:$H$5007=$A19)*('[1]عهد ومصروفات دمياط'!$S$8:$S$5007=2)*'[1]عهد ومصروفات دمياط'!$T$8:$T$5007),0)) | I19: =IF($A19="","",N(G19)-N(H19)) | J19: 0 | K19: =IF($A19="","",IFERROR(SUMPRODUCT(('[1]عهد ومصروفات دمياط'!$H$8:$H$5007=$A19)*('[1]عهد ومصروفات دمياط'!$S$8:$S$5007=3)*'[1]عهد ومصروفات دمياط'!$T$8:$T$5007),0)) | L19: =IF($A19="","",N(J19)-N(K19)) | M19: 0 | N19: =IF($A19="","",IFERROR(SUMPRODUCT(('[1]عهد ومصروفات دمياط'!$H$8:$H$5007=$A19)*('[1]عهد ومصروفات دمياط'!$S$8:$S$5007=4)*'[1]عهد ومصروفات دمياط'!$T$8:$T$5007),0)) | O19: =IF($A19="","",N(M19)-N(N19)) | P19: 0 | Q19: =IF($A19="","",IFERROR(SUMPRODUCT(('[1]عهد ومصروفات دمياط'!$H$8:$H$5007=$A19)*('[1]عهد ومصروفات دمياط'!$S$8:$S$5007=5)*'[1]عهد ومصروفات دمياط'!$T$8:$T$5007),0)) | R19: =IF($A19="","",N(P19)-N(Q19)) | S19: 0 | T19: =IF($A19="","",IFERROR(SUMPRODUCT(('[1]عهد ومصروفات دمياط'!$H$8:$H$5007=$A19)*('[1]عهد ومصروفات دمياط'!$S$8:$S$5007=6)*'[1]عهد ومصروفات دمياط'!$T$8:$T$5007),0)) | U19: =IF($A19="","",N(S19)-N(T19)) | V19: 0 | W19: =IF($A19="","",IFERROR(SUMPRODUCT(('[1]عهد ومصروفات دمياط'!$H$8:$H$5007=$A19)*('[1]عهد ومصروفات دمياط'!$S$8:$S$5007=7)*'[1]عهد ومصروفات دمياط'!$T$8:$T$5007),0)) | X19: =IF($A19="","",N(V19)-N(W19)) | Y19: 0 | Z19: =IF($A19="","",IFERROR(SUMPRODUCT(('[1]عهد ومصروفات دمياط'!$H$8:$H$5007=$A19)*('[1]عهد ومصروفات دمياط'!$S$8:$S$5007=8)*'[1]عهد ومصروفات دمياط'!$T$8:$T$5007),0)) | AA19: =IF($A19="","",N(Y19)-N(Z19)) | AB19: 0 | AC19: =IF($A19="","",IFERROR(SUMPRODUCT(('[1]عهد ومصروفات دمياط'!$H$8:$H$5007=$A19)*('[1]عهد ومصروفات دمياط'!$S$8:$S$5007=9)*'[1]عهد ومصروفات دمياط'!$T$8:$T$5007),0)) | AD19: =IF($A19="","",N(AB19)-N(AC19)) | AE19: 0 | AF19: =IF($A19="","",IFERROR(SUMPRODUCT(('[1]عهد ومصروفات دمياط'!$H$8:$H$5007=$A19)*('[1]عهد ومصروفات دمياط'!$S$8:$S$5007=10)*'[1]عهد ومصروفات دمياط'!$T$8:$T$5007),0)) | AG19: =IF($A19="","",N(AE19)-N(AF19)) | AH19: 0 | AI19: =IF($A19="","",IFERROR(SUMPRODUCT(('[1]عهد ومصروفات دمياط'!$H$8:$H$5007=$A19)*('[1]عهد ومصروفات دمياط'!$S$8:$S$5007=11)*'[1]عهد ومصروفات دمياط'!$T$8:$T$5007),0)) | AJ19: =IF($A19="","",N(AH19)-N(AI19)) | AK19: 0 | AL19: =IF($A19="","",IFERROR(SUMPRODUCT(('[1]عهد ومصروفات دمياط'!$H$8:$H$5007=$A19)*('[1]عهد ومصروفات دمياط'!$S$8:$S$5007=12)*'[1]عهد ومصروفات دمياط'!$T$8:$T$5007),0)) | AM19: =IF($A19="","",N(AK19)-N(AL19)) | AN19: =IF(A19="","",N(D19)+N(G19)+N(J19)+N(M19)+N(P19)+N(S19)+N(V19)+N(Y19)+N(AB19)+N(AE19)+N(AH19)+N(AK19)) | AO19: =IF(A19="","",N(E19)+N(H19)+N(K19)+N(N19)+N(Q19)+N(T19)+N(W19)+N(Z19)+N(AC19)+N(AF19)+N(AI19)+N(AL19)) | AP19: =IF(A19="","",N(B19)-AO19) | AQ19: =IF(A19="",0,(N(F19)<0)+(N(I19)<0)+(N(L19)<0)+(N(O19)<0)+(N(R19)<0)+(N(U19)<0)+(N(X19)<0)+(N(AA19)<0)+(N(AD19)<0)+(N(AG19)<0)+(N(AJ19)<0)+(N(AM19)<0)) | AR19: =IF(A19="",0,MAX(0,-N(F19))+MAX(0,-N(I19))+MAX(0,-N(L19))+MAX(0,-N(O19))+MAX(0,-N(R19))+MAX(0,-N(U19))+MAX(0,-N(X19))+MAX(0,-N(AA19))+MAX(0,-N(AD19))+MAX(0,-N(AG19))+MAX(0,-N(AJ19))+MAX(0,-N(AM19))) | AS19: =IF(A19="",0,IF(OR(N(AP19)<0,AQ19>0),1,0)) | AT19: =AT18+AS19 | AU19: =IF(A19="",-1,N(AO19)+ROW()/10000000)
A20: حافز برنامج المهارات الحياتية (سمات) | B20: 100000 | C20: =IF(A20="","",N(B20)/12) | D20: 10000 | E20: =IF($A20="","",IFERROR(SUMPRODUCT(('[1]عهد ومصروفات دمياط'!$H$8:$H$5007=$A20)*('[1]عهد ومصروفات دمياط'!$S$8:$S$5007=1)*'[1]عهد ومصروفات دمياط'!$T$8:$T$5007),0)) | F20: =IF($A20="","",N(D20)-N(E20)) | G20: 10000 | H20: =IF($A20="","",IFERROR(SUMPRODUCT(('[1]عهد ومصروفات دمياط'!$H$8:$H$5007=$A20)*('[1]عهد ومصروفات دمياط'!$S$8:$S$5007=2)*'[1]عهد ومصروفات دمياط'!$T$8:$T$5007),0)) | I20: =IF($A20="","",N(G20)-N(H20)) | J20: 10000 | K20: =IF($A20="","",IFERROR(SUMPRODUCT(('[1]عهد ومصروفات دمياط'!$H$8:$H$5007=$A20)*('[1]عهد ومصروفات دمياط'!$S$8:$S$5007=3)*'[1]عهد ومصروفات دمياط'!$T$8:$T$5007),0)) | L20: =IF($A20="","",N(J20)-N(K20)) | M20: 10000 | N20: =IF($A20="","",IFERROR(SUMPRODUCT(('[1]عهد ومصروفات دمياط'!$H$8:$H$5007=$A20)*('[1]عهد ومصروفات دمياط'!$S$8:$S$5007=4)*'[1]عهد ومصروفات دمياط'!$T$8:$T$5007),0)) | O20: =IF($A20="","",N(M20)-N(N20)) | P20: 15000 | Q20: =IF($A20="","",IFERROR(SUMPRODUCT(('[1]عهد ومصروفات دمياط'!$H$8:$H$5007=$A20)*('[1]عهد ومصروفات دمياط'!$S$8:$S$5007=5)*'[1]عهد ومصروفات دمياط'!$T$8:$T$5007),0)) | R20: =IF($A20="","",N(P20)-N(Q20)) | S20: 15000 | T20: =IF($A20="","",IFERROR(SUMPRODUCT(('[1]عهد ومصروفات دمياط'!$H$8:$H$5007=$A20)*('[1]عهد ومصروفات دمياط'!$S$8:$S$5007=6)*'[1]عهد ومصروفات دمياط'!$T$8:$T$5007),0)) | U20: =IF($A20="","",N(S20)-N(T20)) | V20: 15000 | W20: =IF($A20="","",IFERROR(SUMPRODUCT(('[1]عهد ومصروفات دمياط'!$H$8:$H$5007=$A20)*('[1]عهد ومصروفات دمياط'!$S$8:$S$5007=7)*'[1]عهد ومصروفات دمياط'!$T$8:$T$5007),0)) | X20: =IF($A20="","",N(V20)-N(W20)) | Y20: 15000 | Z20: =IF($A20="","",IFERROR(SUMPRODUCT(('[1]عهد ومصروفات دمياط'!$H$8:$H$5007=$A20)*('[1]عهد ومصروفات دمياط'!$S$8:$S$5007=8)*'[1]عهد ومصروفات دمياط'!$T$8:$T$5007),0)) | AA20: =IF($A20="","",N(Y20)-N(Z20)) | AB20: 0 | AC20: =IF($A20="","",IFERROR(SUMPRODUCT(('[1]عهد ومصروفات دمياط'!$H$8:$H$5007=$A20)*('[1]عهد ومصروفات دمياط'!$S$8:$S$5007=9)*'[1]عهد ومصروفات دمياط'!$T$8:$T$5007),0)) | AD20: =IF($A20="","",N(AB20)-N(AC20)) | AE20: 0 | AF20: =IF($A20="","",IFERROR(SUMPRODUCT(('[1]عهد ومصروفات دمياط'!$H$8:$H$5007=$A20)*('[1]عهد ومصروفات دمياط'!$S$8:$S$5007=10)*'[1]عهد ومصروفات دمياط'!$T$8:$T$5007),0)) | AG20: =IF($A20="","",N(AE20)-N(AF20)) | AH20: 0 | AI20: =IF($A20="","",IFERROR(SUMPRODUCT(('[1]عهد ومصروفات دمياط'!$H$8:$H$5007=$A20)*('[1]عهد ومصروفات دمياط'!$S$8:$S$5007=11)*'[1]عهد ومصروفات دمياط'!$T$8:$T$5007),0)) | AJ20: =IF($A20="","",N(AH20)-N(AI20)) | AK20: 0 | AL20: =IF($A20="","",IFERROR(SUMPRODUCT(('[1]عهد ومصروفات دمياط'!$H$8:$H$5007=$A20)*('[1]عهد ومصروفات دمياط'!$S$8:$S$5007=12)*'[1]عهد ومصروفات دمياط'!$T$8:$T$5007),0)) | AM20: =IF($A20="","",N(AK20)-N(AL20)) | AN20: =IF(A20="","",N(D20)+N(G20)+N(J20)+N(M20)+N(P20)+N(S20)+N(V20)+N(Y20)+N(AB20)+N(AE20)+N(AH20)+N(AK20)) | AO20: =IF(A20="","",N(E20)+N(H20)+N(K20)+N(N20)+N(Q20)+N(T20)+N(W20)+N(Z20)+N(AC20)+N(AF20)+N(AI20)+N(AL20)) | AP20: =IF(A20="","",N(B20)-AO20) | AQ20: =IF(A20="",0,(N(F20)<0)+(N(I20)<0)+(N(L20)<0)+(N(O20)<0)+(N(R20)<0)+(N(U20)<0)+(N(X20)<0)+(N(AA20)<0)+(N(AD20)<0)+(N(AG20)<0)+(N(AJ20)<0)+(N(AM20)<0)) | AR20: =IF(A20="",0,MAX(0,-N(F20))+MAX(0,-N(I20))+MAX(0,-N(L20))+MAX(0,-N(O20))+MAX(0,-N(R20))+MAX(0,-N(U20))+MAX(0,-N(X20))+MAX(0,-N(AA20))+MAX(0,-N(AD20))+MAX(0,-N(AG20))+MAX(0,-N(AJ20))+MAX(0,-N(AM20))) | AS20: =IF(A20="",0,IF(OR(N(AP20)<0,AQ20>0),1,0)) | AT20: =AT19+AS20 | AU20: =IF(A20="",-1,N(AO20)+ROW()/10000000)
... A39: تكلفة الاعتماد الدولى والمراجعة الخارجية | B39: 0 | C39: =IF(A39="","",N(B39)/12) | D39: 0 | E39: =IF($A39="","",IFERROR(SUMPRODUCT(('[1]عهد ومصروفات دمياط'!$H$8:$H$5007=$A39)*('[1]عهد ومصروفات دمياط'!$S$8:$S$5007=1)*'[1]عهد ومصروفات دمياط'!$T$8:$T$5007),0)) | F39: =IF($A39="","",N(D39)-N(E39)) | G39: 0 | H39: =IF($A39="","",IFERROR(SUMPRODUCT(('[1]عهد ومصروفات دمياط'!$H$8:$H$5007=$A39)*('[1]عهد ومصروفات دمياط'!$S$8:$S$5007=2)*'[1]عهد ومصروفات دمياط'!$T$8:$T$5007),0)) | I39: =IF($A39="","",N(G39)-N(H39)) | J39: 0 | K39: =IF($A39="","",IFERROR(SUMPRODUCT(('[1]عهد ومصروفات دمياط'!$H$8:$H$5007=$A39)*('[1]عهد ومصروفات دمياط'!$S$8:$S$5007=3)*'[1]عهد ومصروفات دمياط'!$T$8:$T$5007),0)) | L39: =IF($A39="","",N(J39)-N(K39)) | M39: 0 | N39: =IF($A39="","",IFERROR(SUMPRODUCT(('[1]عهد ومصروفات دمياط'!$H$8:$H$5007=$A39)*('[1]عهد ومصروفات دمياط'!$S$8:$S$5007=4)*'[1]عهد ومصروفات دمياط'!$T$8:$T$5007),0)) | O39: =IF($A39="","",N(M39)-N(N39)) | P39: 0 | Q39: =IF($A39="","",IFERROR(SUMPRODUCT(('[1]عهد ومصروفات دمياط'!$H$8:$H$5007=$A39)*('[1]عهد ومصروفات دمياط'!$S$8:$S$5007=5)*'[1]عهد ومصروفات دمياط'!$T$8:$T$5007),0)) | R39: =IF($A39="","",N(P39)-N(Q39)) | S39: 0 | T39: =IF($A39="","",IFERROR(SUMPRODUCT(('[1]عهد ومصروفات دمياط'!$H$8:$H$5007=$A39)*('[1]عهد ومصروفات دمياط'!$S$8:$S$5007=6)*'[1]عهد ومصروفات دمياط'!$T$8:$T$5007),0)) | U39: =IF($A39="","",N(S39)-N(T39)) | V39: 0 | W39: =IF($A39="","",IFERROR(SUMPRODUCT(('[1]عهد ومصروفات دمياط'!$H$8:$H$5007=$A39)*('[1]عهد ومصروفات دمياط'!$S$8:$S$5007=7)*'[1]عهد ومصروفات دمياط'!$T$8:$T$5007),0)) | X39: =IF($A39="","",N(V39)-N(W39)) | Y39: 0 | Z39: =IF($A39="","",IFERROR(SUMPRODUCT(('[1]عهد ومصروفات دمياط'!$H$8:$H$5007=$A39)*('[1]عهد ومصروفات دمياط'!$S$8:$S$5007=8)*'[1]عهد ومصروفات دمياط'!$T$8:$T$5007),0)) | AA39: =IF($A39="","",N(Y39)-N(Z39)) | AB39: 0 | AC39: =IF($A39="","",IFERROR(SUMPRODUCT(('[1]عهد ومصروفات دمياط'!$H$8:$H$5007=$A39)*('[1]عهد ومصروفات دمياط'!$S$8:$S$5007=9)*'[1]عهد ومصروفات دمياط'!$T$8:$T$5007),0)) | AD39: =IF($A39="","",N(AB39)-N(AC39)) | AE39: 0 | AF39: =IF($A39="","",IFERROR(SUMPRODUCT(('[1]عهد ومصروفات دمياط'!$H$8:$H$5007=$A39)*('[1]عهد ومصروفات دمياط'!$S$8:$S$5007=10)*'[1]عهد ومصروفات دمياط'!$T$8:$T$5007),0)) | AG39: =IF($A39="","",N(AE39)-N(AF39)) | AH39: 0 | AI39: =IF($A39="","",IFERROR(SUMPRODUCT(('[1]عهد ومصروفات دمياط'!$H$8:$H$5007=$A39)*('[1]عهد ومصروفات دمياط'!$S$8:$S$5007=11)*'[1]عهد ومصروفات دمياط'!$T$8:$T$5007),0)) | AJ39: =IF($A39="","",N(AH39)-N(AI39)) | AK39: 0 | AL39: =IF($A39="","",IFERROR(SUMPRODUCT(('[1]عهد ومصروفات دمياط'!$H$8:$H$5007=$A39)*('[1]عهد ومصروفات دمياط'!$S$8:$S$5007=12)*'[1]عهد ومصروفات دمياط'!$T$8:$T$5007),0)) | AM39: =IF($A39="","",N(AK39)-N(AL39)) | AN39: =IF(A39="","",N(D39)+N(G39)+N(J39)+N(M39)+N(P39)+N(S39)+N(V39)+N(Y39)+N(AB39)+N(AE39)+N(AH39)+N(AK39)) | AO39: =IF(A39="","",N(E39)+N(H39)+N(K39)+N(N39)+N(Q39)+N(T39)+N(W39)+N(Z39)+N(AC39)+N(AF39)+N(AI39)+N(AL39)) | AP39: =IF(A39="","",N(B39)-AO39) | AQ39: =IF(A39="",0,(N(F39)<0)+(N(I39)<0)+(N(L39)<0)+(N(O39)<0)+(N(R39)<0)+(N(U39)<0)+(N(X39)<0)+(N(AA39)<0)+(N(AD39)<0)+(N(AG39)<0)+(N(AJ39)<0)+(N(AM39)<0)) | AR39: =IF(A39="",0,MAX(0,-N(F39))+MAX(0,-N(I39))+MAX(0,-N(L39))+MAX(0,-N(O39))+MAX(0,-N(R39))+MAX(0,-N(U39))+MAX(0,-N(X39))+MAX(0,-N(AA39))+MAX(0,-N(AD39))+MAX(0,-N(AG39))+MAX(0,-N(AJ39))+MAX(0,-N(AM39))) | AS39: =IF(A39="",0,IF(OR(N(AP39)<0,AQ39>0),1,0)) | AT39: =AT38+AS39 | AU39: =IF(A39="",-1,N(AO39)+ROW()/10000000)
C40: =IF(A40="","",N(B40)/12) | E40: =IF($A40="","",IFERROR(SUMPRODUCT(('[1]عهد ومصروفات دمياط'!$H$8:$H$5007=$A40)*('[1]عهد ومصروفات دمياط'!$S$8:$S$5007=1)*'[1]عهد ومصروفات دمياط'!$T$8:$T$5007),0)) | F40: =IF($A40="","",N(D40)-N(E40)) | H40: =IF($A40="","",IFERROR(SUMPRODUCT(('[1]عهد ومصروفات دمياط'!$H$8:$H$5007=$A40)*('[1]عهد ومصروفات دمياط'!$S$8:$S$5007=2)*'[1]عهد ومصروفات دمياط'!$T$8:$T$5007),0)) | I40: =IF($A40="","",N(G40)-N(H40)) | K40: =IF($A40="","",IFERROR(SUMPRODUCT(('[1]عهد ومصروفات دمياط'!$H$8:$H$5007=$A40)*('[1]عهد ومصروفات دمياط'!$S$8:$S$5007=3)*'[1]عهد ومصروفات دمياط'!$T$8:$T$5007),0)) | L40: =IF($A40="","",N(J40)-N(K40)) | N40: =IF($A40="","",IFERROR(SUMPRODUCT(('[1]عهد ومصروفات دمياط'!$H$8:$H$5007=$A40)*('[1]عهد ومصروفات دمياط'!$S$8:$S$5007=4)*'[1]عهد ومصروفات دمياط'!$T$8:$T$5007),0)) | O40: =IF($A40="","",N(M40)-N(N40)) | Q40: =IF($A40="","",IFERROR(SUMPRODUCT(('[1]عهد ومصروفات دمياط'!$H$8:$H$5007=$A40)*('[1]عهد ومصروفات دمياط'!$S$8:$S$5007=5)*'[1]عهد ومصروفات دمياط'!$T$8:$T$5007),0)) | R40: =IF($A40="","",N(P40)-N(Q40)) | T40: =IF($A40="","",IFERROR(SUMPRODUCT(('[1]عهد ومصروفات دمياط'!$H$8:$H$5007=$A40)*('[1]عهد ومصروفات دمياط'!$S$8:$S$5007=6)*'[1]عهد ومصروفات دمياط'!$T$8:$T$5007),0)) | U40: =IF($A40="","",N(S40)-N(T40)) | W40: =IF($A40="","",IFERROR(SUMPRODUCT(('[1]عهد ومصروفات دمياط'!$H$8:$H$5007=$A40)*('[1]عهد ومصروفات دمياط'!$S$8:$S$5007=7)*'[1]عهد ومصروفات دمياط'!$T$8:$T$5007),0)) | X40: =IF($A40="","",N(V40)-N(W40)) | Z40: =IF($A40="","",IFERROR(SUMPRODUCT(('[1]عهد ومصروفات دمياط'!$H$8:$H$5007=$A40)*('[1]عهد ومصروفات دمياط'!$S$8:$S$5007=8)*'[1]عهد ومصروفات دمياط'!$T$8:$T$5007),0)) | AA40: =IF($A40="","",N(Y40)-N(Z40)) | AC40: =IF($A40="","",IFERROR(SUMPRODUCT(('[1]عهد ومصروفات دمياط'!$H$8:$H$5007=$A40)*('[1]عهد ومصروفات دمياط'!$S$8:$S$5007=9)*'[1]عهد ومصروفات دمياط'!$T$8:$T$5007),0)) | AD40: =IF($A40="","",N(AB40)-N(AC40)) | AF40: =IF($A40="","",IFERROR(SUMPRODUCT(('[1]عهد ومصروفات دمياط'!$H$8:$H$5007=$A40)*('[1]عهد ومصروفات دمياط'!$S$8:$S$5007=10)*'[1]عهد ومصروفات دمياط'!$T$8:$T$5007),0)) | AG40: =IF($A40="","",N(AE40)-N(AF40)) | AI40: =IF($A40="","",IFERROR(SUMPRODUCT(('[1]عهد ومصروفات دمياط'!$H$8:$H$5007=$A40)*('[1]عهد ومصروفات دمياط'!$S$8:$S$5007=11)*'[1]عهد ومصروفات دمياط'!$T$8:$T$5007),0)) | AJ40: =IF($A40="","",N(AH40)-N(AI40)) | AL40: =IF($A40="","",IFERROR(SUMPRODUCT(('[1]عهد ومصروفات دمياط'!$H$8:$H$5007=$A40)*('[1]عهد ومصروفات دمياط'!$S$8:$S$5007=12)*'[1]عهد ومصروفات دمياط'!$T$8:$T$5007),0)) | AM40: =IF($A40="","",N(AK40)-N(AL40)) | AN40: =IF(A40="","",N(D40)+N(G40)+N(J40)+N(M40)+N(P40)+N(S40)+N(V40)+N(Y40)+N(AB40)+N(AE40)+N(AH40)+N(AK40)) | AO40: =IF(A40="","",N(E40)+N(H40)+N(K40)+N(N40)+N(Q40)+N(T40)+N(W40)+N(Z40)+N(AC40)+N(AF40)+N(AI40)+N(AL40)) | AP40: =IF(A40="","",N(B40)-AO40) | AQ40: =IF(A40="",0,(N(F40)<0)+(N(I40)<0)+(N(L40)<0)+(N(O40)<0)+(N(R40)<0)+(N(U40)<0)+(N(X40)<0)+(N(AA40)<0)+(N(AD40)<0)+(N(AG40)<0)+(N(AJ40)<0)+(N(AM40)<0)) | AR40: =IF(A40="",0,MAX(0,-N(F40))+MAX(0,-N(I40))+MAX(0,-N(L40))+MAX(0,-N(O40))+MAX(0,-N(R40))+MAX(0,-N(U40))+MAX(0,-N(X40))+MAX(0,-N(AA40))+MAX(0,-N(AD40))+MAX(0,-N(AG40))+MAX(0,-N(AJ40))+MAX(0,-N(AM40))) | AS40: =IF(A40="",0,IF(OR(N(AP40)<0,AQ40>0),1,0)) | AT40: =AT39+AS40 | AU40: =IF(A40="",-1,N(AO40)+ROW()/10000000)
C41: =IF(A41="","",N(B41)/12) | E41: =IF($A41="","",IFERROR(SUMPRODUCT(('[1]عهد ومصروفات دمياط'!$H$8:$H$5007=$A41)*('[1]عهد ومصروفات دمياط'!$S$8:$S$5007=1)*'[1]عهد ومصروفات دمياط'!$T$8:$T$5007),0)) | F41: =IF($A41="","",N(D41)-N(E41)) | H41: =IF($A41="","",IFERROR(SUMPRODUCT(('[1]عهد ومصروفات دمياط'!$H$8:$H$5007=$A41)*('[1]عهد ومصروفات دمياط'!$S$8:$S$5007=2)*'[1]عهد ومصروفات دمياط'!$T$8:$T$5007),0)) | I41: =IF($A41="","",N(G41)-N(H41)) | K41: =IF($A41="","",IFERROR(SUMPRODUCT(('[1]عهد ومصروفات دمياط'!$H$8:$H$5007=$A41)*('[1]عهد ومصروفات دمياط'!$S$8:$S$5007=3)*'[1]عهد ومصروفات دمياط'!$T$8:$T$5007),0)) | L41: =IF($A41="","",N(J41)-N(K41)) | N41: =IF($A41="","",IFERROR(SUMPRODUCT(('[1]عهد ومصروفات دمياط'!$H$8:$H$5007=$A41)*('[1]عهد ومصروفات دمياط'!$S$8:$S$5007=4)*'[1]عهد ومصروفات دمياط'!$T$8:$T$5007),0)) | O41: =IF($A41="","",N(M41)-N(N41)) | Q41: =IF($A41="","",IFERROR(SUMPRODUCT(('[1]عهد ومصروفات دمياط'!$H$8:$H$5007=$A41)*('[1]عهد ومصروفات دمياط'!$S$8:$S$5007=5)*'[1]عهد ومصروفات دمياط'!$T$8:$T$5007),0)) | R41: =IF($A41="","",N(P41)-N(Q41)) | T41: =IF($A41="","",IFERROR(SUMPRODUCT(('[1]عهد ومصروفات دمياط'!$H$8:$H$5007=$A41)*('[1]عهد ومصروفات دمياط'!$S$8:$S$5007=6)*'[1]عهد ومصروفات دمياط'!$T$8:$T$5007),0)) | U41: =IF($A41="","",N(S41)-N(T41)) | W41: =IF($A41="","",IFERROR(SUMPRODUCT(('[1]عهد ومصروفات دمياط'!$H$8:$H$5007=$A41)*('[1]عهد ومصروفات دمياط'!$S$8:$S$5007=7)*'[1]عهد ومصروفات دمياط'!$T$8:$T$5007),0)) | X41: =IF($A41="","",N(V41)-N(W41)) | Z41: =IF($A41="","",IFERROR(SUMPRODUCT(('[1]عهد ومصروفات دمياط'!$H$8:$H$5007=$A41)*('[1]عهد ومصروفات دمياط'!$S$8:$S$5007=8)*'[1]عهد ومصروفات دمياط'!$T$8:$T$5007),0)) | AA41: =IF($A41="","",N(Y41)-N(Z41)) | AC41: =IF($A41="","",IFERROR(SUMPRODUCT(('[1]عهد ومصروفات دمياط'!$H$8:$H$5007=$A41)*('[1]عهد ومصروفات دمياط'!$S$8:$S$5007=9)*'[1]عهد ومصروفات دمياط'!$T$8:$T$5007),0)) | AD41: =IF($A41="","",N(AB41)-N(AC41)) | AF41: =IF($A41="","",IFERROR(SUMPRODUCT(('[1]عهد ومصروفات دمياط'!$H$8:$H$5007=$A41)*('[1]عهد ومصروفات دمياط'!$S$8:$S$5007=10)*'[1]عهد ومصروفات دمياط'!$T$8:$T$5007),0)) | AG41: =IF($A41="","",N(AE41)-N(AF41)) | AI41: =IF($A41="","",IFERROR(SUMPRODUCT(('[1]عهد ومصروفات دمياط'!$H$8:$H$5007=$A41)*('[1]عهد ومصروفات دمياط'!$S$8:$S$5007=11)*'[1]عهد ومصروفات دمياط'!$T$8:$T$5007),0)) | AJ41: =IF($A41="","",N(AH41)-N(AI41)) | AL41: =IF($A41="","",IFERROR(SUMPRODUCT(('[1]عهد ومصروفات دمياط'!$H$8:$H$5007=$A41)*('[1]عهد ومصروفات دمياط'!$S$8:$S$5007=12)*'[1]عهد ومصروفات دمياط'!$T$8:$T$5007),0)) | AM41: =IF($A41="","",N(AK41)-N(AL41)) | AN41: =IF(A41="","",N(D41)+N(G41)+N(J41)+N(M41)+N(P41)+N(S41)+N(V41)+N(Y41)+N(AB41)+N(AE41)+N(AH41)+N(AK41)) | AO41: =IF(A41="","",N(E41)+N(H41)+N(K41)+N(N41)+N(Q41)+N(T41)+N(W41)+N(Z41)+N(AC41)+N(AF41)+N(AI41)+N(AL41)) | AP41: =IF(A41="","",N(B41)-AO41) | AQ41: =IF(A41="",0,(N(F41)<0)+(N(I41)<0)+(N(L41)<0)+(N(O41)<0)+(N(R41)<0)+(N(U41)<0)+(N(X41)<0)+(N(AA41)<0)+(N(AD41)<0)+(N(AG41)<0)+(N(AJ41)<0)+(N(AM41)<0)) | AR41: =IF(A41="",0,MAX(0,-N(F41))+MAX(0,-N(I41))+MAX(0,-N(L41))+MAX(0,-N(O41))+MAX(0,-N(R41))+MAX(0,-N(U41))+MAX(0,-N(X41))+MAX(0,-N(AA41))+MAX(0,-N(AD41))+MAX(0,-N(AG41))+MAX(0,-N(AJ41))+MAX(0,-N(AM41))) | AS41: =IF(A41="",0,IF(OR(N(AP41)<0,AQ41>0),1,0)) | AT41: =AT40+AS41 | AU41: =IF(A41="",-1,N(AO41)+ROW()/10000000)
C42: =IF(A42="","",N(B42)/12) | E42: =IF($A42="","",IFERROR(SUMPRODUCT(('[1]عهد ومصروفات دمياط'!$H$8:$H$5007=$A42)*('[1]عهد ومصروفات دمياط'!$S$8:$S$5007=1)*'[1]عهد ومصروفات دمياط'!$T$8:$T$5007),0)) | F42: =IF($A42="","",N(D42)-N(E42)) | H42: =IF($A42="","",IFERROR(SUMPRODUCT(('[1]عهد ومصروفات دمياط'!$H$8:$H$5007=$A42)*('[1]عهد ومصروفات دمياط'!$S$8:$S$5007=2)*'[1]عهد ومصروفات دمياط'!$T$8:$T$5007),0)) | I42: =IF($A42="","",N(G42)-N(H42)) | K42: =IF($A42="","",IFERROR(SUMPRODUCT(('[1]عهد ومصروفات دمياط'!$H$8:$H$5007=$A42)*('[1]عهد ومصروفات دمياط'!$S$8:$S$5007=3)*'[1]عهد ومصروفات دمياط'!$T$8:$T$5007),0)) | L42: =IF($A42="","",N(J42)-N(K42)) | N42: =IF($A42="","",IFERROR(SUMPRODUCT(('[1]عهد ومصروفات دمياط'!$H$8:$H$5007=$A42)*('[1]عهد ومصروفات دمياط'!$S$8:$S$5007=4)*'[1]عهد ومصروفات دمياط'!$T$8:$T$5007),0)) | O42: =IF($A42="","",N(M42)-N(N42)) | Q42: =IF($A42="","",IFERROR(SUMPRODUCT(('[1]عهد ومصروفات دمياط'!$H$8:$H$5007=$A42)*('[1]عهد ومصروفات دمياط'!$S$8:$S$5007=5)*'[1]عهد ومصروفات دمياط'!$T$8:$T$5007),0)) | R42: =IF($A42="","",N(P42)-N(Q42)) | T42: =IF($A42="","",IFERROR(SUMPRODUCT(('[1]عهد ومصروفات دمياط'!$H$8:$H$5007=$A42)*('[1]عهد ومصروفات دمياط'!$S$8:$S$5007=6)*'[1]عهد ومصروفات دمياط'!$T$8:$T$5007),0)) | U42: =IF($A42="","",N(S42)-N(T42)) | W42: =IF($A42="","",IFERROR(SUMPRODUCT(('[1]عهد ومصروفات دمياط'!$H$8:$H$5007=$A42)*('[1]عهد ومصروفات دمياط'!$S$8:$S$5007=7)*'[1]عهد ومصروفات دمياط'!$T$8:$T$5007),0)) | X42: =IF($A42="","",N(V42)-N(W42)) | Z42: =IF($A42="","",IFERROR(SUMPRODUCT(('[1]عهد ومصروفات دمياط'!$H$8:$H$5007=$A42)*('[1]عهد ومصروفات دمياط'!$S$8:$S$5007=8)*'[1]عهد ومصروفات دمياط'!$T$8:$T$5007),0)) | AA42: =IF($A42="","",N(Y42)-N(Z42)) | AC42: =IF($A42="","",IFERROR(SUMPRODUCT(('[1]عهد ومصروفات دمياط'!$H$8:$H$5007=$A42)*('[1]عهد ومصروفات دمياط'!$S$8:$S$5007=9)*'[1]عهد ومصروفات دمياط'!$T$8:$T$5007),0)) | AD42: =IF($A42="","",N(AB42)-N(AC42)) | AF42: =IF($A42="","",IFERROR(SUMPRODUCT(('[1]عهد ومصروفات دمياط'!$H$8:$H$5007=$A42)*('[1]عهد ومصروفات دمياط'!$S$8:$S$5007=10)*'[1]عهد ومصروفات دمياط'!$T$8:$T$5007),0)) | AG42: =IF($A42="","",N(AE42)-N(AF42)) | AI42: =IF($A42="","",IFERROR(SUMPRODUCT(('[1]عهد ومصروفات دمياط'!$H$8:$H$5007=$A42)*('[1]عهد ومصروفات دمياط'!$S$8:$S$5007=11)*'[1]عهد ومصروفات دمياط'!$T$8:$T$5007),0)) | AJ42: =IF($A42="","",N(AH42)-N(AI42)) | AL42: =IF($A42="","",IFERROR(SUMPRODUCT(('[1]عهد ومصروفات دمياط'!$H$8:$H$5007=$A42)*('[1]عهد ومصروفات دمياط'!$S$8:$S$5007=12)*'[1]عهد ومصروفات دمياط'!$T$8:$T$5007),0)) | AM42: =IF($A42="","",N(AK42)-N(AL42)) | AN42: =IF(A42="","",N(D42)+N(G42)+N(J42)+N(M42)+N(P42)+N(S42)+N(V42)+N(Y42)+N(AB42)+N(AE42)+N(AH42)+N(AK42)) | AO42: =IF(A42="","",N(E42)+N(H42)+N(K42)+N(N42)+N(Q42)+N(T42)+N(W42)+N(Z42)+N(AC42)+N(AF42)+N(AI42)+N(AL42)) | AP42: =IF(A42="","",N(B42)-AO42) | AQ42: =IF(A42="",0,(N(F42)<0)+(N(I42)<0)+(N(L42)<0)+(N(O42)<0)+(N(R42)<0)+(N(U42)<0)+(N(X42)<0)+(N(AA42)<0)+(N(AD42)<0)+(N(AG42)<0)+(N(AJ42)<0)+(N(AM42)<0)) | AR42: =IF(A42="",0,MAX(0,-N(F42))+MAX(0,-N(I42))+MAX(0,-N(L42))+MAX(0,-N(O42))+MAX(0,-N(R42))+MAX(0,-N(U42))+MAX(0,-N(X42))+MAX(0,-N(AA42))+MAX(0,-N(AD42))+MAX(0,-N(AG42))+MAX(0,-N(AJ42))+MAX(0,-N(AM42))) | AS42: =IF(A42="",0,IF(OR(N(AP42)<0,AQ42>0),1,0)) | AT42: =AT41+AS42 | AU42: =IF(A42="",-1,N(AO42)+ROW()/10000000)
C43: =IF(A43="","",N(B43)/12) | E43: =IF($A43="","",IFERROR(SUMPRODUCT(('[1]عهد ومصروفات دمياط'!$H$8:$H$5007=$A43)*('[1]عهد ومصروفات دمياط'!$S$8:$S$5007=1)*'[1]عهد ومصروفات دمياط'!$T$8:$T$5007),0)) | F43: =IF($A43="","",N(D43)-N(E43)) | H43: =IF($A43="","",IFERROR(SUMPRODUCT(('[1]عهد ومصروفات دمياط'!$H$8:$H$5007=$A43)*('[1]عهد ومصروفات دمياط'!$S$8:$S$5007=2)*'[1]عهد ومصروفات دمياط'!$T$8:$T$5007),0)) | I43: =IF($A43="","",N(G43)-N(H43)) | K43: =IF($A43="","",IFERROR(SUMPRODUCT(('[1]عهد ومصروفات دمياط'!$H$8:$H$5007=$A43)*('[1]عهد ومصروفات دمياط'!$S$8:$S$5007=3)*'[1]عهد ومصروفات دمياط'!$T$8:$T$5007),0)) | L43: =IF($A43="","",N(J43)-N(K43)) | N43: =IF($A43="","",IFERROR(SUMPRODUCT(('[1]عهد ومصروفات دمياط'!$H$8:$H$5007=$A43)*('[1]عهد ومصروفات دمياط'!$S$8:$S$5007=4)*'[1]عهد ومصروفات دمياط'!$T$8:$T$5007),0)) | O43: =IF($A43="","",N(M43)-N(N43)) | Q43: =IF($A43="","",IFERROR(SUMPRODUCT(('[1]عهد ومصروفات دمياط'!$H$8:$H$5007=$A43)*('[1]عهد ومصروفات دمياط'!$S$8:$S$5007=5)*'[1]عهد ومصروفات دمياط'!$T$8:$T$5007),0)) | R43: =IF($A43="","",N(P43)-N(Q43)) | T43: =IF($A43="","",IFERROR(SUMPRODUCT(('[1]عهد ومصروفات دمياط'!$H$8:$H$5007=$A43)*('[1]عهد ومصروفات دمياط'!$S$8:$S$5007=6)*'[1]عهد ومصروفات دمياط'!$T$8:$T$5007),0)) | U43: =IF($A43="","",N(S43)-N(T43)) | W43: =IF($A43="","",IFERROR(SUMPRODUCT(('[1]عهد ومصروفات دمياط'!$H$8:$H$5007=$A43)*('[1]عهد ومصروفات دمياط'!$S$8:$S$5007=7)*'[1]عهد ومصروفات دمياط'!$T$8:$T$5007),0)) | X43: =IF($A43="","",N(V43)-N(W43)) | Z43: =IF($A43="","",IFERROR(SUMPRODUCT(('[1]عهد ومصروفات دمياط'!$H$8:$H$5007=$A43)*('[1]عهد ومصروفات دمياط'!$S$8:$S$5007=8)*'[1]عهد ومصروفات دمياط'!$T$8:$T$5007),0)) | AA43: =IF($A43="","",N(Y43)-N(Z43)) | AC43: =IF($A43="","",IFERROR(SUMPRODUCT(('[1]عهد ومصروفات دمياط'!$H$8:$H$5007=$A43)*('[1]عهد ومصروفات دمياط'!$S$8:$S$5007=9)*'[1]عهد ومصروفات دمياط'!$T$8:$T$5007),0)) | AD43: =IF($A43="","",N(AB43)-N(AC43)) | AF43: =IF($A43="","",IFERROR(SUMPRODUCT(('[1]عهد ومصروفات دمياط'!$H$8:$H$5007=$A43)*('[1]عهد ومصروفات دمياط'!$S$8:$S$5007=10)*'[1]عهد ومصروفات دمياط'!$T$8:$T$5007),0)) | AG43: =IF($A43="","",N(AE43)-N(AF43)) | AI43: =IF($A43="","",IFERROR(SUMPRODUCT(('[1]عهد ومصروفات دمياط'!$H$8:$H$5007=$A43)*('[1]عهد ومصروفات دمياط'!$S$8:$S$5007=11)*'[1]عهد ومصروفات دمياط'!$T$8:$T$5007),0)) | AJ43: =IF($A43="","",N(AH43)-N(AI43)) | AL43: =IF($A43="","",IFERROR(SUMPRODUCT(('[1]عهد ومصروفات دمياط'!$H$8:$H$5007=$A43)*('[1]عهد ومصروفات دمياط'!$S$8:$S$5007=12)*'[1]عهد ومصروفات دمياط'!$T$8:$T$5007),0)) | AM43: =IF($A43="","",N(AK43)-N(AL43)) | AN43: =IF(A43="","",N(D43)+N(G43)+N(J43)+N(M43)+N(P43)+N(S43)+N(V43)+N(Y43)+N(AB43)+N(AE43)+N(AH43)+N(AK43)) | AO43: =IF(A43="","",N(E43)+N(H43)+N(K43)+N(N43)+N(Q43)+N(T43)+N(W43)+N(Z43)+N(AC43)+N(AF43)+N(AI43)+N(AL43)) | AP43: =IF(A43="","",N(B43)-AO43) | AQ43: =IF(A43="",0,(N(F43)<0)+(N(I43)<0)+(N(L43)<0)+(N(O43)<0)+(N(R43)<0)+(N(U43)<0)+(N(X43)<0)+(N(AA43)<0)+(N(AD43)<0)+(N(AG43)<0)+(N(AJ43)<0)+(N(AM43)<0)) | AR43: =IF(A43="",0,MAX(0,-N(F43))+MAX(0,-N(I43))+MAX(0,-N(L43))+MAX(0,-N(O43))+MAX(0,-N(R43))+MAX(0,-N(U43))+MAX(0,-N(X43))+MAX(0,-N(AA43))+MAX(0,-N(AD43))+MAX(0,-N(AG43))+MAX(0,-N(AJ43))+MAX(0,-N(AM43))) | AS43: =IF(A43="",0,IF(OR(N(AP43)<0,AQ43>0),1,0)) | AT43: =AT42+AS43 | AU43: =IF(A43="",-1,N(AO43)+ROW()/10000000)
C44: =IF(A44="","",N(B44)/12) | E44: =IF($A44="","",IFERROR(SUMPRODUCT(('[1]عهد ومصروفات دمياط'!$H$8:$H$5007=$A44)*('[1]عهد ومصروفات دمياط'!$S$8:$S$5007=1)*'[1]عهد ومصروفات دمياط'!$T$8:$T$5007),0)) | F44: =IF($A44="","",N(D44)-N(E44)) | H44: =IF($A44="","",IFERROR(SUMPRODUCT(('[1]عهد ومصروفات دمياط'!$H$8:$H$5007=$A44)*('[1]عهد ومصروفات دمياط'!$S$8:$S$5007=2)*'[1]عهد ومصروفات دمياط'!$T$8:$T$5007),0)) | I44: =IF($A44="","",N(G44)-N(H44)) | K44: =IF($A44="","",IFERROR(SUMPRODUCT(('[1]عهد ومصروفات دمياط'!$H$8:$H$5007=$A44)*('[1]عهد ومصروفات دمياط'!$S$8:$S$5007=3)*'[1]عهد ومصروفات دمياط'!$T$8:$T$5007),0)) | L44: =IF($A44="","",N(J44)-N(K44)) | N44: =IF($A44="","",IFERROR(SUMPRODUCT(('[1]عهد ومصروفات دمياط'!$H$8:$H$5007=$A44)*('[1]عهد ومصروفات دمياط'!$S$8:$S$5007=4)*'[1]عهد ومصروفات دمياط'!$T$8:$T$5007),0)) | O44: =IF($A44="","",N(M44)-N(N44)) | Q44: =IF($A44="","",IFERROR(SUMPRODUCT(('[1]عهد ومصروفات دمياط'!$H$8:$H$5007=$A44)*('[1]عهد ومصروفات دمياط'!$S$8:$S$5007=5)*'[1]عهد ومصروفات دمياط'!$T$8:$T$5007),0)) | R44: =IF($A44="","",N(P44)-N(Q44)) | T44: =IF($A44="","",IFERROR(SUMPRODUCT(('[1]عهد ومصروفات دمياط'!$H$8:$H$5007=$A44)*('[1]عهد ومصروفات دمياط'!$S$8:$S$5007=6)*'[1]عهد ومصروفات دمياط'!$T$8:$T$5007),0)) | U44: =IF($A44="","",N(S44)-N(T44)) | W44: =IF($A44="","",IFERROR(SUMPRODUCT(('[1]عهد ومصروفات دمياط'!$H$8:$H$5007=$A44)*('[1]عهد ومصروفات دمياط'!$S$8:$S$5007=7)*'[1]عهد ومصروفات دمياط'!$T$8:$T$5007),0)) | X44: =IF($A44="","",N(V44)-N(W44)) | Z44: =IF($A44="","",IFERROR(SUMPRODUCT(('[1]عهد ومصروفات دمياط'!$H$8:$H$5007=$A44)*('[1]عهد ومصروفات دمياط'!$S$8:$S$5007=8)*'[1]عهد ومصروفات دمياط'!$T$8:$T$5007),0)) | AA44: =IF($A44="","",N(Y44)-N(Z44)) | AC44: =IF($A44="","",IFERROR(SUMPRODUCT(('[1]عهد ومصروفات دمياط'!$H$8:$H$5007=$A44)*('[1]عهد ومصروفات دمياط'!$S$8:$S$5007=9)*'[1]عهد ومصروفات دمياط'!$T$8:$T$5007),0)) | AD44: =IF($A44="","",N(AB44)-N(AC44)) | AF44: =IF($A44="","",IFERROR(SUMPRODUCT(('[1]عهد ومصروفات دمياط'!$H$8:$H$5007=$A44)*('[1]عهد ومصروفات دمياط'!$S$8:$S$5007=10)*'[1]عهد ومصروفات دمياط'!$T$8:$T$5007),0)) | AG44: =IF($A44="","",N(AE44)-N(AF44)) | AI44: =IF($A44="","",IFERROR(SUMPRODUCT(('[1]عهد ومصروفات دمياط'!$H$8:$H$5007=$A44)*('[1]عهد ومصروفات دمياط'!$S$8:$S$5007=11)*'[1]عهد ومصروفات دمياط'!$T$8:$T$5007),0)) | AJ44: =IF($A44="","",N(AH44)-N(AI44)) | AL44: =IF($A44="","",IFERROR(SUMPRODUCT(('[1]عهد ومصروفات دمياط'!$H$8:$H$5007=$A44)*('[1]عهد ومصروفات دمياط'!$S$8:$S$5007=12)*'[1]عهد ومصروفات دمياط'!$T$8:$T$5007),0)) | AM44: =IF($A44="","",N(AK44)-N(AL44)) | AN44: =IF(A44="","",N(D44)+N(G44)+N(J44)+N(M44)+N(P44)+N(S44)+N(V44)+N(Y44)+N(AB44)+N(AE44)+N(AH44)+N(AK44)) | AO44: =IF(A44="","",N(E44)+N(H44)+N(K44)+N(N44)+N(Q44)+N(T44)+N(W44)+N(Z44)+N(AC44)+N(AF44)+N(AI44)+N(AL44)) | AP44: =IF(A44="","",N(B44)-AO44) | AQ44: =IF(A44="",0,(N(F44)<0)+(N(I44)<0)+(N(L44)<0)+(N(O44)<0)+(N(R44)<0)+(N(U44)<0)+(N(X44)<0)+(N(AA44)<0)+(N(AD44)<0)+(N(AG44)<0)+(N(AJ44)<0)+(N(AM44)<0)) | AR44: =IF(A44="",0,MAX(0,-N(F44))+MAX(0,-N(I44))+MAX(0,-N(L44))+MAX(0,-N(O44))+MAX(0,-N(R44))+MAX(0,-N(U44))+MAX(0,-N(X44))+MAX(0,-N(AA44))+MAX(0,-N(AD44))+MAX(0,-N(AG44))+MAX(0,-N(AJ44))+MAX(0,-N(AM44))) | AS44: =IF(A44="",0,IF(OR(N(AP44)<0,AQ44>0),1,0)) | AT44: =AT43+AS44 | AU44: =IF(A44="",-1,N(AO44)+ROW()/10000000)
C45: =IF(A45="","",N(B45)/12) | E45: =IF($A45="","",IFERROR(SUMPRODUCT(('[1]عهد ومصروفات دمياط'!$H$8:$H$5007=$A45)*('[1]عهد ومصروفات دمياط'!$S$8:$S$5007=1)*'[1]عهد ومصروفات دمياط'!$T$8:$T$5007),0)) | F45: =IF($A45="","",N(D45)-N(E45)) | H45: =IF($A45="","",IFERROR(SUMPRODUCT(('[1]عهد ومصروفات دمياط'!$H$8:$H$5007=$A45)*('[1]عهد ومصروفات دمياط'!$S$8:$S$5007=2)*'[1]عهد ومصروفات دمياط'!$T$8:$T$5007),0)) | I45: =IF($A45="","",N(G45)-N(H45)) | K45: =IF($A45="","",IFERROR(SUMPRODUCT(('[1]عهد ومصروفات دمياط'!$H$8:$H$5007=$A45)*('[1]عهد ومصروفات دمياط'!$S$8:$S$5007=3)*'[1]عهد ومصروفات دمياط'!$T$8:$T$5007),0)) | L45: =IF($A45="","",N(J45)-N(K45)) | N45: =IF($A45="","",IFERROR(SUMPRODUCT(('[1]عهد ومصروفات دمياط'!$H$8:$H$5007=$A45)*('[1]عهد ومصروفات دمياط'!$S$8:$S$5007=4)*'[1]عهد ومصروفات دمياط'!$T$8:$T$5007),0)) | O45: =IF($A45="","",N(M45)-N(N45)) | Q45: =IF($A45="","",IFERROR(SUMPRODUCT(('[1]عهد ومصروفات دمياط'!$H$8:$H$5007=$A45)*('[1]عهد ومصروفات دمياط'!$S$8:$S$5007=5)*'[1]عهد ومصروفات دمياط'!$T$8:$T$5007),0)) | R45: =IF($A45="","",N(P45)-N(Q45)) | T45: =IF($A45="","",IFERROR(SUMPRODUCT(('[1]عهد ومصروفات دمياط'!$H$8:$H$5007=$A45)*('[1]عهد ومصروفات دمياط'!$S$8:$S$5007=6)*'[1]عهد ومصروفات دمياط'!$T$8:$T$5007),0)) | U45: =IF($A45="","",N(S45)-N(T45)) | W45: =IF($A45="","",IFERROR(SUMPRODUCT(('[1]عهد ومصروفات دمياط'!$H$8:$H$5007=$A45)*('[1]عهد ومصروفات دمياط'!$S$8:$S$5007=7)*'[1]عهد ومصروفات دمياط'!$T$8:$T$5007),0)) | X45: =IF($A45="","",N(V45)-N(W45)) | Z45: =IF($A45="","",IFERROR(SUMPRODUCT(('[1]عهد ومصروفات دمياط'!$H$8:$H$5007=$A45)*('[1]عهد ومصروفات دمياط'!$S$8:$S$5007=8)*'[1]عهد ومصروفات دمياط'!$T$8:$T$5007),0)) | AA45: =IF($A45="","",N(Y45)-N(Z45)) | AC45: =IF($A45="","",IFERROR(SUMPRODUCT(('[1]عهد ومصروفات دمياط'!$H$8:$H$5007=$A45)*('[1]عهد ومصروفات دمياط'!$S$8:$S$5007=9)*'[1]عهد ومصروفات دمياط'!$T$8:$T$5007),0)) | AD45: =IF($A45="","",N(AB45)-N(AC45)) | AF45: =IF($A45="","",IFERROR(SUMPRODUCT(('[1]عهد ومصروفات دمياط'!$H$8:$H$5007=$A45)*('[1]عهد ومصروفات دمياط'!$S$8:$S$5007=10)*'[1]عهد ومصروفات دمياط'!$T$8:$T$5007),0)) | AG45: =IF($A45="","",N(AE45)-N(AF45)) | AI45: =IF($A45="","",IFERROR(SUMPRODUCT(('[1]عهد ومصروفات دمياط'!$H$8:$H$5007=$A45)*('[1]عهد ومصروفات دمياط'!$S$8:$S$5007=11)*'[1]عهد ومصروفات دمياط'!$T$8:$T$5007),0)) | AJ45: =IF($A45="","",N(AH45)-N(AI45)) | AL45: =IF($A45="","",IFERROR(SUMPRODUCT(('[1]عهد ومصروفات دمياط'!$H$8:$H$5007=$A45)*('[1]عهد ومصروفات دمياط'!$S$8:$S$5007=12)*'[1]عهد ومصروفات دمياط'!$T$8:$T$5007),0)) | AM45: =IF($A45="","",N(AK45)-N(AL45)) | AN45: =IF(A45="","",N(D45)+N(G45)+N(J45)+N(M45)+N(P45)+N(S45)+N(V45)+N(Y45)+N(AB45)+N(AE45)+N(AH45)+N(AK45)) | AO45: =IF(A45="","",N(E45)+N(H45)+N(K45)+N(N45)+N(Q45)+N(T45)+N(W45)+N(Z45)+N(AC45)+N(AF45)+N(AI45)+N(AL45)) | AP45: =IF(A45="","",N(B45)-AO45) | AQ45: =IF(A45="",0,(N(F45)<0)+(N(I45)<0)+(N(L45)<0)+(N(O45)<0)+(N(R45)<0)+(N(U45)<0)+(N(X45)<0)+(N(AA45)<0)+(N(AD45)<0)+(N(AG45)<0)+(N(AJ45)<0)+(N(AM45)<0)) | AR45: =IF(A45="",0,MAX(0,-N(F45))+MAX(0,-N(I45))+MAX(0,-N(L45))+MAX(0,-N(O45))+MAX(0,-N(R45))+MAX(0,-N(U45))+MAX(0,-N(X45))+MAX(0,-N(AA45))+MAX(0,-N(AD45))+MAX(0,-N(AG45))+MAX(0,-N(AJ45))+MAX(0,-N(AM45))) | AS45: =IF(A45="",0,IF(OR(N(AP45)<0,AQ45>0),1,0)) | AT45: =AT44+AS45 | AU45: =IF(A45="",-1,N(AO45)+ROW()/10000000)
C46: =IF(A46="","",N(B46)/12) | E46: =IF($A46="","",IFERROR(SUMPRODUCT(('[1]عهد ومصروفات دمياط'!$H$8:$H$5007=$A46)*('[1]عهد ومصروفات دمياط'!$S$8:$S$5007=1)*'[1]عهد ومصروفات دمياط'!$T$8:$T$5007),0)) | F46: =IF($A46="","",N(D46)-N(E46)) | H46: =IF($A46="","",IFERROR(SUMPRODUCT(('[1]عهد ومصروفات دمياط'!$H$8:$H$5007=$A46)*('[1]عهد ومصروفات دمياط'!$S$8:$S$5007=2)*'[1]عهد ومصروفات دمياط'!$T$8:$T$5007),0)) | I46: =IF($A46="","",N(G46)-N(H46)) | K46: =IF($A46="","",IFERROR(SUMPRODUCT(('[1]عهد ومصروفات دمياط'!$H$8:$H$5007=$A46)*('[1]عهد ومصروفات دمياط'!$S$8:$S$5007=3)*'[1]عهد ومصروفات دمياط'!$T$8:$T$5007),0)) | L46: =IF($A46="","",N(J46)-N(K46)) | N46: =IF($A46="","",IFERROR(SUMPRODUCT(('[1]عهد ومصروفات دمياط'!$H$8:$H$5007=$A46)*('[1]عهد ومصروفات دمياط'!$S$8:$S$5007=4)*'[1]عهد ومصروفات دمياط'!$T$8:$T$5007),0)) | O46: =IF($A46="","",N(M46)-N(N46)) | Q46: =IF($A46="","",IFERROR(SUMPRODUCT(('[1]عهد ومصروفات دمياط'!$H$8:$H$5007=$A46)*('[1]عهد ومصروفات دمياط'!$S$8:$S$5007=5)*'[1]عهد ومصروفات دمياط'!$T$8:$T$5007),0)) | R46: =IF($A46="","",N(P46)-N(Q46)) | T46: =IF($A46="","",IFERROR(SUMPRODUCT(('[1]عهد ومصروفات دمياط'!$H$8:$H$5007=$A46)*('[1]عهد ومصروفات دمياط'!$S$8:$S$5007=6)*'[1]عهد ومصروفات دمياط'!$T$8:$T$5007),0)) | U46: =IF($A46="","",N(S46)-N(T46)) | W46: =IF($A46="","",IFERROR(SUMPRODUCT(('[1]عهد ومصروفات دمياط'!$H$8:$H$5007=$A46)*('[1]عهد ومصروفات دمياط'!$S$8:$S$5007=7)*'[1]عهد ومصروفات دمياط'!$T$8:$T$5007),0)) | X46: =IF($A46="","",N(V46)-N(W46)) | Z46: =IF($A46="","",IFERROR(SUMPRODUCT(('[1]عهد ومصروفات دمياط'!$H$8:$H$5007=$A46)*('[1]عهد ومصروفات دمياط'!$S$8:$S$5007=8)*'[1]عهد ومصروفات دمياط'!$T$8:$T$5007),0)) | AA46: =IF($A46="","",N(Y46)-N(Z46)) | AC46: =IF($A46="","",IFERROR(SUMPRODUCT(('[1]عهد ومصروفات دمياط'!$H$8:$H$5007=$A46)*('[1]عهد ومصروفات دمياط'!$S$8:$S$5007=9)*'[1]عهد ومصروفات دمياط'!$T$8:$T$5007),0)) | AD46: =IF($A46="","",N(AB46)-N(AC46)) | AF46: =IF($A46="","",IFERROR(SUMPRODUCT(('[1]عهد ومصروفات دمياط'!$H$8:$H$5007=$A46)*('[1]عهد ومصروفات دمياط'!$S$8:$S$5007=10)*'[1]عهد ومصروفات دمياط'!$T$8:$T$5007),0)) | AG46: =IF($A46="","",N(AE46)-N(AF46)) | AI46: =IF($A46="","",IFERROR(SUMPRODUCT(('[1]عهد ومصروفات دمياط'!$H$8:$H$5007=$A46)*('[1]عهد ومصروفات دمياط'!$S$8:$S$5007=11)*'[1]عهد ومصروفات دمياط'!$T$8:$T$5007),0)) | AJ46: =IF($A46="","",N(AH46)-N(AI46)) | AL46: =IF($A46="","",IFERROR(SUMPRODUCT(('[1]عهد ومصروفات دمياط'!$H$8:$H$5007=$A46)*('[1]عهد ومصروفات دمياط'!$S$8:$S$5007=12)*'[1]عهد ومصروفات دمياط'!$T$8:$T$5007),0)) | AM46: =IF($A46="","",N(AK46)-N(AL46)) | AN46: =IF(A46="","",N(D46)+N(G46)+N(J46)+N(M46)+N(P46)+N(S46)+N(V46)+N(Y46)+N(AB46)+N(AE46)+N(AH46)+N(AK46)) | AO46: =IF(A46="","",N(E46)+N(H46)+N(K46)+N(N46)+N(Q46)+N(T46)+N(W46)+N(Z46)+N(AC46)+N(AF46)+N(AI46)+N(AL46)) | AP46: =IF(A46="","",N(B46)-AO46) | AQ46: =IF(A46="",0,(N(F46)<0)+(N(I46)<0)+(N(L46)<0)+(N(O46)<0)+(N(R46)<0)+(N(U46)<0)+(N(X46)<0)+(N(AA46)<0)+(N(AD46)<0)+(N(AG46)<0)+(N(AJ46)<0)+(N(AM46)<0)) | AR46: =IF(A46="",0,MAX(0,-N(F46))+MAX(0,-N(I46))+MAX(0,-N(L46))+MAX(0,-N(O46))+MAX(0,-N(R46))+MAX(0,-N(U46))+MAX(0,-N(X46))+MAX(0,-N(AA46))+MAX(0,-N(AD46))+MAX(0,-N(AG46))+MAX(0,-N(AJ46))+MAX(0,-N(AM46))) | AS46: =IF(A46="",0,IF(OR(N(AP46)<0,AQ46>0),1,0)) | AT46: =AT45+AS46 | AU46: =IF(A46="",-1,N(AO46)+ROW()/10000000)
C47: =IF(A47="","",N(B47)/12) | E47: =IF($A47="","",IFERROR(SUMPRODUCT(('[1]عهد ومصروفات دمياط'!$H$8:$H$5007=$A47)*('[1]عهد ومصروفات دمياط'!$S$8:$S$5007=1)*'[1]عهد ومصروفات دمياط'!$T$8:$T$5007),0)) | F47: =IF($A47="","",N(D47)-N(E47)) | H47: =IF($A47="","",IFERROR(SUMPRODUCT(('[1]عهد ومصروفات دمياط'!$H$8:$H$5007=$A47)*('[1]عهد ومصروفات دمياط'!$S$8:$S$5007=2)*'[1]عهد ومصروفات دمياط'!$T$8:$T$5007),0)) | I47: =IF($A47="","",N(G47)-N(H47)) | K47: =IF($A47="","",IFERROR(SUMPRODUCT(('[1]عهد ومصروفات دمياط'!$H$8:$H$5007=$A47)*('[1]عهد ومصروفات دمياط'!$S$8:$S$5007=3)*'[1]عهد ومصروفات دمياط'!$T$8:$T$5007),0)) | L47: =IF($A47="","",N(J47)-N(K47)) | N47: =IF($A47="","",IFERROR(SUMPRODUCT(('[1]عهد ومصروفات دمياط'!$H$8:$H$5007=$A47)*('[1]عهد ومصروفات دمياط'!$S$8:$S$5007=4)*'[1]عهد ومصروفات دمياط'!$T$8:$T$5007),0)) | O47: =IF($A47="","",N(M47)-N(N47)) | Q47: =IF($A47="","",IFERROR(SUMPRODUCT(('[1]عهد ومصروفات دمياط'!$H$8:$H$5007=$A47)*('[1]عهد ومصروفات دمياط'!$S$8:$S$5007=5)*'[1]عهد ومصروفات دمياط'!$T$8:$T$5007),0)) | R47: =IF($A47="","",N(P47)-N(Q47)) | T47: =IF($A47="","",IFERROR(SUMPRODUCT(('[1]عهد ومصروفات دمياط'!$H$8:$H$5007=$A47)*('[1]عهد ومصروفات دمياط'!$S$8:$S$5007=6)*'[1]عهد ومصروفات دمياط'!$T$8:$T$5007),0)) | U47: =IF($A47="","",N(S47)-N(T47)) | W47: =IF($A47="","",IFERROR(SUMPRODUCT(('[1]عهد ومصروفات دمياط'!$H$8:$H$5007=$A47)*('[1]عهد ومصروفات دمياط'!$S$8:$S$5007=7)*'[1]عهد ومصروفات دمياط'!$T$8:$T$5007),0)) | X47: =IF($A47="","",N(V47)-N(W47)) | Z47: =IF($A47="","",IFERROR(SUMPRODUCT(('[1]عهد ومصروفات دمياط'!$H$8:$H$5007=$A47)*('[1]عهد ومصروفات دمياط'!$S$8:$S$5007=8)*'[1]عهد ومصروفات دمياط'!$T$8:$T$5007),0)) | AA47: =IF($A47="","",N(Y47)-N(Z47)) | AC47: =IF($A47="","",IFERROR(SUMPRODUCT(('[1]عهد ومصروفات دمياط'!$H$8:$H$5007=$A47)*('[1]عهد ومصروفات دمياط'!$S$8:$S$5007=9)*'[1]عهد ومصروفات دمياط'!$T$8:$T$5007),0)) | AD47: =IF($A47="","",N(AB47)-N(AC47)) | AF47: =IF($A47="","",IFERROR(SUMPRODUCT(('[1]عهد ومصروفات دمياط'!$H$8:$H$5007=$A47)*('[1]عهد ومصروفات دمياط'!$S$8:$S$5007=10)*'[1]عهد ومصروفات دمياط'!$T$8:$T$5007),0)) | AG47: =IF($A47="","",N(AE47)-N(AF47)) | AI47: =IF($A47="","",IFERROR(SUMPRODUCT(('[1]عهد ومصروفات دمياط'!$H$8:$H$5007=$A47)*('[1]عهد ومصروفات دمياط'!$S$8:$S$5007=11)*'[1]عهد ومصروفات دمياط'!$T$8:$T$5007),0)) | AJ47: =IF($A47="","",N(AH47)-N(AI47)) | AL47: =IF($A47="","",IFERROR(SUMPRODUCT(('[1]عهد ومصروفات دمياط'!$H$8:$H$5007=$A47)*('[1]عهد ومصروفات دمياط'!$S$8:$S$5007=12)*'[1]عهد ومصروفات دمياط'!$T$8:$T$5007),0)) | AM47: =IF($A47="","",N(AK47)-N(AL47)) | AN47: =IF(A47="","",N(D47)+N(G47)+N(J47)+N(M47)+N(P47)+N(S47)+N(V47)+N(Y47)+N(AB47)+N(AE47)+N(AH47)+N(AK47)) | AO47: =IF(A47="","",N(E47)+N(H47)+N(K47)+N(N47)+N(Q47)+N(T47)+N(W47)+N(Z47)+N(AC47)+N(AF47)+N(AI47)+N(AL47)) | AP47: =IF(A47="","",N(B47)-AO47) | AQ47: =IF(A47="",0,(N(F47)<0)+(N(I47)<0)+(N(L47)<0)+(N(O47)<0)+(N(R47)<0)+(N(U47)<0)+(N(X47)<0)+(N(AA47)<0)+(N(AD47)<0)+(N(AG47)<0)+(N(AJ47)<0)+(N(AM47)<0)) | AR47: =IF(A47="",0,MAX(0,-N(F47))+MAX(0,-N(I47))+MAX(0,-N(L47))+MAX(0,-N(O47))+MAX(0,-N(R47))+MAX(0,-N(U47))+MAX(0,-N(X47))+MAX(0,-N(AA47))+MAX(0,-N(AD47))+MAX(0,-N(AG47))+MAX(0,-N(AJ47))+MAX(0,-N(AM47))) | AS47: =IF(A47="",0,IF(OR(N(AP47)<0,AQ47>0),1,0)) | AT47: =AT46+AS47 | AU47: =IF(A47="",-1,N(AO47)+ROW()/10000000)
C48: =IF(A48="","",N(B48)/12) | E48: =IF($A48="","",IFERROR(SUMPRODUCT(('[1]عهد ومصروفات دمياط'!$H$8:$H$5007=$A48)*('[1]عهد ومصروفات دمياط'!$S$8:$S$5007=1)*'[1]عهد ومصروفات دمياط'!$T$8:$T$5007),0)) | F48: =IF($A48="","",N(D48)-N(E48)) | H48: =IF($A48="","",IFERROR(SUMPRODUCT(('[1]عهد ومصروفات دمياط'!$H$8:$H$5007=$A48)*('[1]عهد ومصروفات دمياط'!$S$8:$S$5007=2)*'[1]عهد ومصروفات دمياط'!$T$8:$T$5007),0)) | I48: =IF($A48="","",N(G48)-N(H48)) | K48: =IF($A48="","",IFERROR(SUMPRODUCT(('[1]عهد ومصروفات دمياط'!$H$8:$H$5007=$A48)*('[1]عهد ومصروفات دمياط'!$S$8:$S$5007=3)*'[1]عهد ومصروفات دمياط'!$T$8:$T$5007),0)) | L48: =IF($A48="","",N(J48)-N(K48)) | N48: =IF($A48="","",IFERROR(SUMPRODUCT(('[1]عهد ومصروفات دمياط'!$H$8:$H$5007=$A48)*('[1]عهد ومصروفات دمياط'!$S$8:$S$5007=4)*'[1]عهد ومصروفات دمياط'!$T$8:$T$5007),0)) | O48: =IF($A48="","",N(M48)-N(N48)) | Q48: =IF($A48="","",IFERROR(SUMPRODUCT(('[1]عهد ومصروفات دمياط'!$H$8:$H$5007=$A48)*('[1]عهد ومصروفات دمياط'!$S$8:$S$5007=5)*'[1]عهد ومصروفات دمياط'!$T$8:$T$5007),0)) | R48: =IF($A48="","",N(P48)-N(Q48)) | T48: =IF($A48="","",IFERROR(SUMPRODUCT(('[1]عهد ومصروفات دمياط'!$H$8:$H$5007=$A48)*('[1]عهد ومصروفات دمياط'!$S$8:$S$5007=6)*'[1]عهد ومصروفات دمياط'!$T$8:$T$5007),0)) | U48: =IF($A48="","",N(S48)-N(T48)) | W48: =IF($A48="","",IFERROR(SUMPRODUCT(('[1]عهد ومصروفات دمياط'!$H$8:$H$5007=$A48)*('[1]عهد ومصروفات دمياط'!$S$8:$S$5007=7)*'[1]عهد ومصروفات دمياط'!$T$8:$T$5007),0)) | X48: =IF($A48="","",N(V48)-N(W48)) | Z48: =IF($A48="","",IFERROR(SUMPRODUCT(('[1]عهد ومصروفات دمياط'!$H$8:$H$5007=$A48)*('[1]عهد ومصروفات دمياط'!$S$8:$S$5007=8)*'[1]عهد ومصروفات دمياط'!$T$8:$T$5007),0)) | AA48: =IF($A48="","",N(Y48)-N(Z48)) | AC48: =IF($A48="","",IFERROR(SUMPRODUCT(('[1]عهد ومصروفات دمياط'!$H$8:$H$5007=$A48)*('[1]عهد ومصروفات دمياط'!$S$8:$S$5007=9)*'[1]عهد ومصروفات دمياط'!$T$8:$T$5007),0)) | AD48: =IF($A48="","",N(AB48)-N(AC48)) | AF48: =IF($A48="","",IFERROR(SUMPRODUCT(('[1]عهد ومصروفات دمياط'!$H$8:$H$5007=$A48)*('[1]عهد ومصروفات دمياط'!$S$8:$S$5007=10)*'[1]عهد ومصروفات دمياط'!$T$8:$T$5007),0)) | AG48: =IF($A48="","",N(AE48)-N(AF48)) | AI48: =IF($A48="","",IFERROR(SUMPRODUCT(('[1]عهد ومصروفات دمياط'!$H$8:$H$5007=$A48)*('[1]عهد ومصروفات دمياط'!$S$8:$S$5007=11)*'[1]عهد ومصروفات دمياط'!$T$8:$T$5007),0)) | AJ48: =IF($A48="","",N(AH48)-N(AI48)) | AL48: =IF($A48="","",IFERROR(SUMPRODUCT(('[1]عهد ومصروفات دمياط'!$H$8:$H$5007=$A48)*('[1]عهد ومصروفات دمياط'!$S$8:$S$5007=12)*'[1]عهد ومصروفات دمياط'!$T$8:$T$5007),0)) | AM48: =IF($A48="","",N(AK48)-N(AL48)) | AN48: =IF(A48="","",N(D48)+N(G48)+N(J48)+N(M48)+N(P48)+N(S48)+N(V48)+N(Y48)+N(AB48)+N(AE48)+N(AH48)+N(AK48)) | AO48: =IF(A48="","",N(E48)+N(H48)+N(K48)+N(N48)+N(Q48)+N(T48)+N(W48)+N(Z48)+N(AC48)+N(AF48)+N(AI48)+N(AL48)) | AP48: =IF(A48="","",N(B48)-AO48) | AQ48: =IF(A48="",0,(N(F48)<0)+(N(I48)<0)+(N(L48)<0)+(N(O48)<0)+(N(R48)<0)+(N(U48)<0)+(N(X48)<0)+(N(AA48)<0)+(N(AD48)<0)+(N(AG48)<0)+(N(AJ48)<0)+(N(AM48)<0)) | AR48: =IF(A48="",0,MAX(0,-N(F48))+MAX(0,-N(I48))+MAX(0,-N(L48))+MAX(0,-N(O48))+MAX(0,-N(R48))+MAX(0,-N(U48))+MAX(0,-N(X48))+MAX(0,-N(AA48))+MAX(0,-N(AD48))+MAX(0,-N(AG48))+MAX(0,-N(AJ48))+MAX(0,-N(AM48))) | AS48: =IF(A48="",0,IF(OR(N(AP48)<0,AQ48>0),1,0)) | AT48: =AT47+AS48 | AU48: =IF(A48="",-1,N(AO48)+ROW()/10000000)
C49: =IF(A49="","",N(B49)/12) | E49: =IF($A49="","",IFERROR(SUMPRODUCT(('[1]عهد ومصروفات دمياط'!$H$8:$H$5007=$A49)*('[1]عهد ومصروفات دمياط'!$S$8:$S$5007=1)*'[1]عهد ومصروفات دمياط'!$T$8:$T$5007),0)) | F49: =IF($A49="","",N(D49)-N(E49)) | H49: =IF($A49="","",IFERROR(SUMPRODUCT(('[1]عهد ومصروفات دمياط'!$H$8:$H$5007=$A49)*('[1]عهد ومصروفات دمياط'!$S$8:$S$5007=2)*'[1]عهد ومصروفات دمياط'!$T$8:$T$5007),0)) | I49: =IF($A49="","",N(G49)-N(H49)) | K49: =IF($A49="","",IFERROR(SUMPRODUCT(('[1]عهد ومصروفات دمياط'!$H$8:$H$5007=$A49)*('[1]عهد ومصروفات دمياط'!$S$8:$S$5007=3)*'[1]عهد ومصروفات دمياط'!$T$8:$T$5007),0)) | L49: =IF($A49="","",N(J49)-N(K49)) | N49: =IF($A49="","",IFERROR(SUMPRODUCT(('[1]عهد ومصروفات دمياط'!$H$8:$H$5007=$A49)*('[1]عهد ومصروفات دمياط'!$S$8:$S$5007=4)*'[1]عهد ومصروفات دمياط'!$T$8:$T$5007),0)) | O49: =IF($A49="","",N(M49)-N(N49)) | Q49: =IF($A49="","",IFERROR(SUMPRODUCT(('[1]عهد ومصروفات دمياط'!$H$8:$H$5007=$A49)*('[1]عهد ومصروفات دمياط'!$S$8:$S$5007=5)*'[1]عهد ومصروفات دمياط'!$T$8:$T$5007),0)) | R49: =IF($A49="","",N(P49)-N(Q49)) | T49: =IF($A49="","",IFERROR(SUMPRODUCT(('[1]عهد ومصروفات دمياط'!$H$8:$H$5007=$A49)*('[1]عهد ومصروفات دمياط'!$S$8:$S$5007=6)*'[1]عهد ومصروفات دمياط'!$T$8:$T$5007),0)) | U49: =IF($A49="","",N(S49)-N(T49)) | W49: =IF($A49="","",IFERROR(SUMPRODUCT(('[1]عهد ومصروفات دمياط'!$H$8:$H$5007=$A49)*('[1]عهد ومصروفات دمياط'!$S$8:$S$5007=7)*'[1]عهد ومصروفات دمياط'!$T$8:$T$5007),0)) | X49: =IF($A49="","",N(V49)-N(W49)) | Z49: =IF($A49="","",IFERROR(SUMPRODUCT(('[1]عهد ومصروفات دمياط'!$H$8:$H$5007=$A49)*('[1]عهد ومصروفات دمياط'!$S$8:$S$5007=8)*'[1]عهد ومصروفات دمياط'!$T$8:$T$5007),0)) | AA49: =IF($A49="","",N(Y49)-N(Z49)) | AC49: =IF($A49="","",IFERROR(SUMPRODUCT(('[1]عهد ومصروفات دمياط'!$H$8:$H$5007=$A49)*('[1]عهد ومصروفات دمياط'!$S$8:$S$5007=9)*'[1]عهد ومصروفات دمياط'!$T$8:$T$5007),0)) | AD49: =IF($A49="","",N(AB49)-N(AC49)) | AF49: =IF($A49="","",IFERROR(SUMPRODUCT(('[1]عهد ومصروفات دمياط'!$H$8:$H$5007=$A49)*('[1]عهد ومصروفات دمياط'!$S$8:$S$5007=10)*'[1]عهد ومصروفات دمياط'!$T$8:$T$5007),0)) | AG49: =IF($A49="","",N(AE49)-N(AF49)) | AI49: =IF($A49="","",IFERROR(SUMPRODUCT(('[1]عهد ومصروفات دمياط'!$H$8:$H$5007=$A49)*('[1]عهد ومصروفات دمياط'!$S$8:$S$5007=11)*'[1]عهد ومصروفات دمياط'!$T$8:$T$5007),0)) | AJ49: =IF($A49="","",N(AH49)-N(AI49)) | AL49: =IF($A49="","",IFERROR(SUMPRODUCT(('[1]عهد ومصروفات دمياط'!$H$8:$H$5007=$A49)*('[1]عهد ومصروفات دمياط'!$S$8:$S$5007=12)*'[1]عهد ومصروفات دمياط'!$T$8:$T$5007),0)) | AM49: =IF($A49="","",N(AK49)-N(AL49)) | AN49: =IF(A49="","",N(D49)+N(G49)+N(J49)+N(M49)+N(P49)+N(S49)+N(V49)+N(Y49)+N(AB49)+N(AE49)+N(AH49)+N(AK49)) | AO49: =IF(A49="","",N(E49)+N(H49)+N(K49)+N(N49)+N(Q49)+N(T49)+N(W49)+N(Z49)+N(AC49)+N(AF49)+N(AI49)+N(AL49)) | AP49: =IF(A49="","",N(B49)-AO49) | AQ49: =IF(A49="",0,(N(F49)<0)+(N(I49)<0)+(N(L49)<0)+(N(O49)<0)+(N(R49)<0)+(N(U49)<0)+(N(X49)<0)+(N(AA49)<0)+(N(AD49)<0)+(N(AG49)<0)+(N(AJ49)<0)+(N(AM49)<0)) | AR49: =IF(A49="",0,MAX(0,-N(F49))+MAX(0,-N(I49))+MAX(0,-N(L49))+MAX(0,-N(O49))+MAX(0,-N(R49))+MAX(0,-N(U49))+MAX(0,-N(X49))+MAX(0,-N(AA49))+MAX(0,-N(AD49))+MAX(0,-N(AG49))+MAX(0,-N(AJ49))+MAX(0,-N(AM49))) | AS49: =IF(A49="",0,IF(OR(N(AP49)<0,AQ49>0),1,0)) | AT49: =AT48+AS49 | AU49: =IF(A49="",-1,N(AO49)+ROW()/10000000)
C50: =IF(A50="","",N(B50)/12) | E50: =IF($A50="","",IFERROR(SUMPRODUCT(('[1]عهد ومصروفات دمياط'!$H$8:$H$5007=$A50)*('[1]عهد ومصروفات دمياط'!$S$8:$S$5007=1)*'[1]عهد ومصروفات دمياط'!$T$8:$T$5007),0)) | F50: =IF($A50="","",N(D50)-N(E50)) | H50: =IF($A50="","",IFERROR(SUMPRODUCT(('[1]عهد ومصروفات دمياط'!$H$8:$H$5007=$A50)*('[1]عهد ومصروفات دمياط'!$S$8:$S$5007=2)*'[1]عهد ومصروفات دمياط'!$T$8:$T$5007),0)) | I50: =IF($A50="","",N(G50)-N(H50)) | K50: =IF($A50="","",IFERROR(SUMPRODUCT(('[1]عهد ومصروفات دمياط'!$H$8:$H$5007=$A50)*('[1]عهد ومصروفات دمياط'!$S$8:$S$5007=3)*'[1]عهد ومصروفات دمياط'!$T$8:$T$5007),0)) | L50: =IF($A50="","",N(J50)-N(K50)) | N50: =IF($A50="","",IFERROR(SUMPRODUCT(('[1]عهد ومصروفات دمياط'!$H$8:$H$5007=$A50)*('[1]عهد ومصروفات دمياط'!$S$8:$S$5007=4)*'[1]عهد ومصروفات دمياط'!$T$8:$T$5007),0)) | O50: =IF($A50="","",N(M50)-N(N50)) | Q50: =IF($A50="","",IFERROR(SUMPRODUCT(('[1]عهد ومصروفات دمياط'!$H$8:$H$5007=$A50)*('[1]عهد ومصروفات دمياط'!$S$8:$S$5007=5)*'[1]عهد ومصروفات دمياط'!$T$8:$T$5007),0)) | R50: =IF($A50="","",N(P50)-N(Q50)) | T50: =IF($A50="","",IFERROR(SUMPRODUCT(('[1]عهد ومصروفات دمياط'!$H$8:$H$5007=$A50)*('[1]عهد ومصروفات دمياط'!$S$8:$S$5007=6)*'[1]عهد ومصروفات دمياط'!$T$8:$T$5007),0)) | U50: =IF($A50="","",N(S50)-N(T50)) | W50: =IF($A50="","",IFERROR(SUMPRODUCT(('[1]عهد ومصروفات دمياط'!$H$8:$H$5007=$A50)*('[1]عهد ومصروفات دمياط'!$S$8:$S$5007=7)*'[1]عهد ومصروفات دمياط'!$T$8:$T$5007),0)) | X50: =IF($A50="","",N(V50)-N(W50)) | Z50: =IF($A50="","",IFERROR(SUMPRODUCT(('[1]عهد ومصروفات دمياط'!$H$8:$H$5007=$A50)*('[1]عهد ومصروفات دمياط'!$S$8:$S$5007=8)*'[1]عهد ومصروفات دمياط'!$T$8:$T$5007),0)) | AA50: =IF($A50="","",N(Y50)-N(Z50)) | AC50: =IF($A50="","",IFERROR(SUMPRODUCT(('[1]عهد ومصروفات دمياط'!$H$8:$H$5007=$A50)*('[1]عهد ومصروفات دمياط'!$S$8:$S$5007=9)*'[1]عهد ومصروفات دمياط'!$T$8:$T$5007),0)) | AD50: =IF($A50="","",N(AB50)-N(AC50)) | AF50: =IF($A50="","",IFERROR(SUMPRODUCT(('[1]عهد ومصروفات دمياط'!$H$8:$H$5007=$A50)*('[1]عهد ومصروفات دمياط'!$S$8:$S$5007=10)*'[1]عهد ومصروفات دمياط'!$T$8:$T$5007),0)) | AG50: =IF($A50="","",N(AE50)-N(AF50)) | AI50: =IF($A50="","",IFERROR(SUMPRODUCT(('[1]عهد ومصروفات دمياط'!$H$8:$H$5007=$A50)*('[1]عهد ومصروفات دمياط'!$S$8:$S$5007=11)*'[1]عهد ومصروفات دمياط'!$T$8:$T$5007),0)) | AJ50: =IF($A50="","",N(AH50)-N(AI50)) | AL50: =IF($A50="","",IFERROR(SUMPRODUCT(('[1]عهد ومصروفات دمياط'!$H$8:$H$5007=$A50)*('[1]عهد ومصروفات دمياط'!$S$8:$S$5007=12)*'[1]عهد ومصروفات دمياط'!$T$8:$T$5007),0)) | AM50: =IF($A50="","",N(AK50)-N(AL50)) | AN50: =IF(A50="","",N(D50)+N(G50)+N(J50)+N(M50)+N(P50)+N(S50)+N(V50)+N(Y50)+N(AB50)+N(AE50)+N(AH50)+N(AK50)) | AO50: =IF(A50="","",N(E50)+N(H50)+N(K50)+N(N50)+N(Q50)+N(T50)+N(W50)+N(Z50)+N(AC50)+N(AF50)+N(AI50)+N(AL50)) | AP50: =IF(A50="","",N(B50)-AO50) | AQ50: =IF(A50="",0,(N(F50)<0)+(N(I50)<0)+(N(L50)<0)+(N(O50)<0)+(N(R50)<0)+(N(U50)<0)+(N(X50)<0)+(N(AA50)<0)+(N(AD50)<0)+(N(AG50)<0)+(N(AJ50)<0)+(N(AM50)<0)) | AR50: =IF(A50="",0,MAX(0,-N(F50))+MAX(0,-N(I50))+MAX(0,-N(L50))+MAX(0,-N(O50))+MAX(0,-N(R50))+MAX(0,-N(U50))+MAX(0,-N(X50))+MAX(0,-N(AA50))+MAX(0,-N(AD50))+MAX(0,-N(AG50))+MAX(0,-N(AJ50))+MAX(0,-N(AM50))) | AS50: =IF(A50="",0,IF(OR(N(AP50)<0,AQ50>0),1,0)) | AT50: =AT49+AS50 | AU50: =IF(A50="",-1,N(AO50)+ROW()/10000000)
C51: =IF(A51="","",N(B51)/12) | E51: =IF($A51="","",IFERROR(SUMPRODUCT(('[1]عهد ومصروفات دمياط'!$H$8:$H$5007=$A51)*('[1]عهد ومصروفات دمياط'!$S$8:$S$5007=1)*'[1]عهد ومصروفات دمياط'!$T$8:$T$5007),0)) | F51: =IF($A51="","",N(D51)-N(E51)) | H51: =IF($A51="","",IFERROR(SUMPRODUCT(('[1]عهد ومصروفات دمياط'!$H$8:$H$5007=$A51)*('[1]عهد ومصروفات دمياط'!$S$8:$S$5007=2)*'[1]عهد ومصروفات دمياط'!$T$8:$T$5007),0)) | I51: =IF($A51="","",N(G51)-N(H51)) | K51: =IF($A51="","",IFERROR(SUMPRODUCT(('[1]عهد ومصروفات دمياط'!$H$8:$H$5007=$A51)*('[1]عهد ومصروفات دمياط'!$S$8:$S$5007=3)*'[1]عهد ومصروفات دمياط'!$T$8:$T$5007),0)) | L51: =IF($A51="","",N(J51)-N(K51)) | N51: =IF($A51="","",IFERROR(SUMPRODUCT(('[1]عهد ومصروفات دمياط'!$H$8:$H$5007=$A51)*('[1]عهد ومصروفات دمياط'!$S$8:$S$5007=4)*'[1]عهد ومصروفات دمياط'!$T$8:$T$5007),0)) | O51: =IF($A51="","",N(M51)-N(N51)) | Q51: =IF($A51="","",IFERROR(SUMPRODUCT(('[1]عهد ومصروفات دمياط'!$H$8:$H$5007=$A51)*('[1]عهد ومصروفات دمياط'!$S$8:$S$5007=5)*'[1]عهد ومصروفات دمياط'!$T$8:$T$5007),0)) | R51: =IF($A51="","",N(P51)-N(Q51)) | T51: =IF($A51="","",IFERROR(SUMPRODUCT(('[1]عهد ومصروفات دمياط'!$H$8:$H$5007=$A51)*('[1]عهد ومصروفات دمياط'!$S$8:$S$5007=6)*'[1]عهد ومصروفات دمياط'!$T$8:$T$5007),0)) | U51: =IF($A51="","",N(S51)-N(T51)) | W51: =IF($A51="","",IFERROR(SUMPRODUCT(('[1]عهد ومصروفات دمياط'!$H$8:$H$5007=$A51)*('[1]عهد ومصروفات دمياط'!$S$8:$S$5007=7)*'[1]عهد ومصروفات دمياط'!$T$8:$T$5007),0)) | X51: =IF($A51="","",N(V51)-N(W51)) | Z51: =IF($A51="","",IFERROR(SUMPRODUCT(('[1]عهد ومصروفات دمياط'!$H$8:$H$5007=$A51)*('[1]عهد ومصروفات دمياط'!$S$8:$S$5007=8)*'[1]عهد ومصروفات دمياط'!$T$8:$T$5007),0)) | AA51: =IF($A51="","",N(Y51)-N(Z51)) | AC51: =IF($A51="","",IFERROR(SUMPRODUCT(('[1]عهد ومصروفات دمياط'!$H$8:$H$5007=$A51)*('[1]عهد ومصروفات دمياط'!$S$8:$S$5007=9)*'[1]عهد ومصروفات دمياط'!$T$8:$T$5007),0)) | AD51: =IF($A51="","",N(AB51)-N(AC51)) | AF51: =IF($A51="","",IFERROR(SUMPRODUCT(('[1]عهد ومصروفات دمياط'!$H$8:$H$5007=$A51)*('[1]عهد ومصروفات دمياط'!$S$8:$S$5007=10)*'[1]عهد ومصروفات دمياط'!$T$8:$T$5007),0)) | AG51: =IF($A51="","",N(AE51)-N(AF51)) | AI51: =IF($A51="","",IFERROR(SUMPRODUCT(('[1]عهد ومصروفات دمياط'!$H$8:$H$5007=$A51)*('[1]عهد ومصروفات دمياط'!$S$8:$S$5007=11)*'[1]عهد ومصروفات دمياط'!$T$8:$T$5007),0)) | AJ51: =IF($A51="","",N(AH51)-N(AI51)) | AL51: =IF($A51="","",IFERROR(SUMPRODUCT(('[1]عهد ومصروفات دمياط'!$H$8:$H$5007=$A51)*('[1]عهد ومصروفات دمياط'!$S$8:$S$5007=12)*'[1]عهد ومصروفات دمياط'!$T$8:$T$5007),0)) | AM51: =IF($A51="","",N(AK51)-N(AL51)) | AN51: =IF(A51="","",N(D51)+N(G51)+N(J51)+N(M51)+N(P51)+N(S51)+N(V51)+N(Y51)+N(AB51)+N(AE51)+N(AH51)+N(AK51)) | AO51: =IF(A51="","",N(E51)+N(H51)+N(K51)+N(N51)+N(Q51)+N(T51)+N(W51)+N(Z51)+N(AC51)+N(AF51)+N(AI51)+N(AL51)) | AP51: =IF(A51="","",N(B51)-AO51) | AQ51: =IF(A51="",0,(N(F51)<0)+(N(I51)<0)+(N(L51)<0)+(N(O51)<0)+(N(R51)<0)+(N(U51)<0)+(N(X51)<0)+(N(AA51)<0)+(N(AD51)<0)+(N(AG51)<0)+(N(AJ51)<0)+(N(AM51)<0)) | AR51: =IF(A51="",0,MAX(0,-N(F51))+MAX(0,-N(I51))+MAX(0,-N(L51))+MAX(0,-N(O51))+MAX(0,-N(R51))+MAX(0,-N(U51))+MAX(0,-N(X51))+MAX(0,-N(AA51))+MAX(0,-N(AD51))+MAX(0,-N(AG51))+MAX(0,-N(AJ51))+MAX(0,-N(AM51))) | AS51: =IF(A51="",0,IF(OR(N(AP51)<0,AQ51>0),1,0)) | AT51: =AT50+AS51 | AU51: =IF(A51="",-1,N(AO51)+ROW()/10000000)
... C67: =IF(A67="","",N(B67)/12) | E67: =IF($A67="","",IFERROR(SUMPRODUCT(('[1]عهد ومصروفات دمياط'!$H$8:$H$5007=$A67)*('[1]عهد ومصروفات دمياط'!$S$8:$S$5007=1)*'[1]عهد ومصروفات دمياط'!$T$8:$T$5007),0)) | F67: =IF($A67="","",N(D67)-N(E67)) | H67: =IF($A67="","",IFERROR(SUMPRODUCT(('[1]عهد ومصروفات دمياط'!$H$8:$H$5007=$A67)*('[1]عهد ومصروفات دمياط'!$S$8:$S$5007=2)*'[1]عهد ومصروفات دمياط'!$T$8:$T$5007),0)) | I67: =IF($A67="","",N(G67)-N(H67)) | K67: =IF($A67="","",IFERROR(SUMPRODUCT(('[1]عهد ومصروفات دمياط'!$H$8:$H$5007=$A67)*('[1]عهد ومصروفات دمياط'!$S$8:$S$5007=3)*'[1]عهد ومصروفات دمياط'!$T$8:$T$5007),0)) | L67: =IF($A67="","",N(J67)-N(K67)) | N67: =IF($A67="","",IFERROR(SUMPRODUCT(('[1]عهد ومصروفات دمياط'!$H$8:$H$5007=$A67)*('[1]عهد ومصروفات دمياط'!$S$8:$S$5007=4)*'[1]عهد ومصروفات دمياط'!$T$8:$T$5007),0)) | O67: =IF($A67="","",N(M67)-N(N67)) | Q67: =IF($A67="","",IFERROR(SUMPRODUCT(('[1]عهد ومصروفات دمياط'!$H$8:$H$5007=$A67)*('[1]عهد ومصروفات دمياط'!$S$8:$S$5007=5)*'[1]عهد ومصروفات دمياط'!$T$8:$T$5007),0)) | R67: =IF($A67="","",N(P67)-N(Q67)) | T67: =IF($A67="","",IFERROR(SUMPRODUCT(('[1]عهد ومصروفات دمياط'!$H$8:$H$5007=$A67)*('[1]عهد ومصروفات دمياط'!$S$8:$S$5007=6)*'[1]عهد ومصروفات دمياط'!$T$8:$T$5007),0)) | U67: =IF($A67="","",N(S67)-N(T67)) | W67: =IF($A67="","",IFERROR(SUMPRODUCT(('[1]عهد ومصروفات دمياط'!$H$8:$H$5007=$A67)*('[1]عهد ومصروفات دمياط'!$S$8:$S$5007=7)*'[1]عهد ومصروفات دمياط'!$T$8:$T$5007),0)) | X67: =IF($A67="","",N(V67)-N(W67)) | Z67: =IF($A67="","",IFERROR(SUMPRODUCT(('[1]عهد ومصروفات دمياط'!$H$8:$H$5007=$A67)*('[1]عهد ومصروفات دمياط'!$S$8:$S$5007=8)*'[1]عهد ومصروفات دمياط'!$T$8:$T$5007),0)) | AA67: =IF($A67="","",N(Y67)-N(Z67)) | AC67: =IF($A67="","",IFERROR(SUMPRODUCT(('[1]عهد ومصروفات دمياط'!$H$8:$H$5007=$A67)*('[1]عهد ومصروفات دمياط'!$S$8:$S$5007=9)*'[1]عهد ومصروفات دمياط'!$T$8:$T$5007),0)) | AD67: =IF($A67="","",N(AB67)-N(AC67)) | AF67: =IF($A67="","",IFERROR(SUMPRODUCT(('[1]عهد ومصروفات دمياط'!$H$8:$H$5007=$A67)*('[1]عهد ومصروفات دمياط'!$S$8:$S$5007=10)*'[1]عهد ومصروفات دمياط'!$T$8:$T$5007),0)) | AG67: =IF($A67="","",N(AE67)-N(AF67)) | AI67: =IF($A67="","",IFERROR(SUMPRODUCT(('[1]عهد ومصروفات دمياط'!$H$8:$H$5007=$A67)*('[1]عهد ومصروفات دمياط'!$S$8:$S$5007=11)*'[1]عهد ومصروفات دمياط'!$T$8:$T$5007),0)) | AJ67: =IF($A67="","",N(AH67)-N(AI67)) | AL67: =IF($A67="","",IFERROR(SUMPRODUCT(('[1]عهد ومصروفات دمياط'!$H$8:$H$5007=$A67)*('[1]عهد ومصروفات دمياط'!$S$8:$S$5007=12)*'[1]عهد ومصروفات دمياط'!$T$8:$T$5007),0)) | AM67: =IF($A67="","",N(AK67)-N(AL67)) | AN67: =IF(A67="","",N(D67)+N(G67)+N(J67)+N(M67)+N(P67)+N(S67)+N(V67)+N(Y67)+N(AB67)+N(AE67)+N(AH67)+N(AK67)) | AO67: =IF(A67="","",N(E67)+N(H67)+N(K67)+N(N67)+N(Q67)+N(T67)+N(W67)+N(Z67)+N(AC67)+N(AF67)+N(AI67)+N(AL67)) | AP67: =IF(A67="","",N(B67)-AO67) | AQ67: =IF(A67="",0,(N(F67)<0)+(N(I67)<0)+(N(L67)<0)+(N(O67)<0)+(N(R67)<0)+(N(U67)<0)+(N(X67)<0)+(N(AA67)<0)+(N(AD67)<0)+(N(AG67)<0)+(N(AJ67)<0)+(N(AM67)<0)) | AR67: =IF(A67="",0,MAX(0,-N(F67))+MAX(0,-N(I67))+MAX(0,-N(L67))+MAX(0,-N(O67))+MAX(0,-N(R67))+MAX(0,-N(U67))+MAX(0,-N(X67))+MAX(0,-N(AA67))+MAX(0,-N(AD67))+MAX(0,-N(AG67))+MAX(0,-N(AJ67))+MAX(0,-N(AM67))) | AS67: =IF(A67="",0,IF(OR(N(AP67)<0,AQ67>0),1,0)) | AT67: =AT66+AS67 | AU67: =IF(A67="",-1,N(AO67)+ROW()/10000000)
A68: الإجمالي | B68: =SUM(B8:B67) | C68: =SUM(C8:C67) | D68: =SUM(D8:D67) | E68: =SUM(E8:E67) | F68: =SUM(F8:F67) | G68: =SUM(G8:G67) | H68: =SUM(H8:H67) | I68: =SUM(I8:I67) | ... AP68: =SUM(AP8:AP67)

Sheet موازنة بدر
A1: موازنة مدرسة ابدأ الوطنية – بدر | السنة المالية سبتمبر 2026 – أغسطس 2027 (ج.م)
A2: الخلايا الصفراء الفاتحة فقط للإدخال (البند، المخصص السنوي، مخصص كل شهر). «المنصرف» يُحسب تلقائيًا من ملف العهد والمصروفات (شيت «عهد ومصروفات بدر» – المصروفات التي وافق عليها المدير المباشر). المتبقي/العجز = المخصص − المنصرف، والعجز يظهر بالأحمر. لإضافة بند جديد اكتبه في أول صف فارغ.
A3: المخصص السنوي | B3: إجمالي المنصرف | D3: المتبقي / العجز السنوي | G3: نسبة الصرف من الموازنة | J3: بنود بها عجز
A4: =SUM($B$8:$B$67) | B4: =SUM($AO$8:$AO$67) | D4: =SUM($B$8:$B$67)-SUM($AO$8:$AO$67) | G4: =IF(SUM($B$8:$B$67)=0,0,SUM($AO$8:$AO$67)/SUM($B$8:$B$67)) | J4: =COUNTIF($AS$8:$AS$67,1)
M5: ■ برتقالي في «إجمالي المخصص السنوي» = مجموع الأشهر لا يساوي المخصص السنوي (من الملف الأصلي) · ■ أحمر في اسم البند = يوجد عجز
D6: سبتمبر 2026 | G6: أكتوبر 2026 | J6: نوفمبر 2026 | M6: ديسمبر 2026 | P6: يناير 2027 | S6: فبراير 2027 | V6: مارس 2027 | Y6: أبريل 2027 | AB6: مايو 2027 | AE6: يونيو 2027 | AH6: يوليو 2027 | AK6: أغسطس 2027 | AN6: الإجمالي السنوي
A7: البند | B7: المخصص السنوي | C7: المخصص الشهري | D7: سبتمبر 2026 مخصص | E7: سبتمبر 2026 منصرف | F7: سبتمبر 2026 متبقي/عجز | G7: أكتوبر 2026 مخصص | H7: أكتوبر 2026 منصرف | I7: أكتوبر 2026 متبقي/عجز | J7: نوفمبر 2026 مخصص | K7: نوفمبر 2026 منصرف | L7: نوفمبر 2026 متبقي/عجز | M7: ديسمبر 2026 مخصص | N7: ديسمبر 2026 منصرف | O7: ديسمبر 2026 متبقي/عجز | P7: يناير 2027 مخصص | Q7: يناير 2027 منصرف | R7: يناير 2027 متبقي/عجز | S7: فبراير 2027 مخصص | T7: فبراير 2027 منصرف | U7: فبراير 2027 متبقي/عجز | V7: مارس 2027 مخصص | W7: مارس 2027 منصرف | X7: مارس 2027 متبقي/عجز | Y7: أبريل 2027 مخصص | Z7: أبريل 2027 منصرف | AA7: أبريل 2027 متبقي/عجز | AB7: مايو 2027 مخصص | AC7: مايو 2027 منصرف | AD7: مايو 2027 متبقي/عجز | AE7: يونيو 2027 مخصص | AF7: يونيو 2027 منصرف | AG7: يونيو 2027 متبقي/عجز | AH7: يوليو 2027 مخصص | AI7: يوليو 2027 منصرف | AJ7: يوليو 2027 متبقي/عجز | AK7: أغسطس 2027 مخصص | AL7: أغسطس 2027 منصرف | AM7: أغسطس 2027 متبقي/عجز | AN7: إجمالي المخصص السنوي | AO7: إجمالي المنصرف السنوي | AP7: المتبقي أو العجز السنوي | AQ7: def_months | AR7: overspend | AS7: def_flag | AT7: def_cum | AU7: top_key
A8: رواتب وحوافز | B8: 4242000 | C8: =IF(A8="","",N(B8)/12) | D8: 336407.5 | E8: =IF($A8="","",IFERROR(SUMPRODUCT(('[1]عهد ومصروفات بدر'!$H$8:$H$5007=$A8)*('[1]عهد ومصروفات بدر'!$S$8:$S$5007=1)*'[1]عهد ومصروفات بدر'!$T$8:$T$5007),0)) | F8: =IF($A8="","",N(D8)-N(E8)) | G8: 336407.5 | H8: =IF($A8="","",IFERROR(SUMPRODUCT(('[1]عهد ومصروفات بدر'!$H$8:$H$5007=$A8)*('[1]عهد ومصروفات بدر'!$S$8:$S$5007=2)*'[1]عهد ومصروفات بدر'!$T$8:$T$5007),0)) | I8: =IF($A8="","",N(G8)-N(H8)) | J8: 336407.5 | K8: =IF($A8="","",IFERROR(SUMPRODUCT(('[1]عهد ومصروفات بدر'!$H$8:$H$5007=$A8)*('[1]عهد ومصروفات بدر'!$S$8:$S$5007=3)*'[1]عهد ومصروفات بدر'!$T$8:$T$5007),0)) | L8: =IF($A8="","",N(J8)-N(K8)) | M8: 336407.5 | N8: =IF($A8="","",IFERROR(SUMPRODUCT(('[1]عهد ومصروفات بدر'!$H$8:$H$5007=$A8)*('[1]عهد ومصروفات بدر'!$S$8:$S$5007=4)*'[1]عهد ومصروفات بدر'!$T$8:$T$5007),0)) | O8: =IF($A8="","",N(M8)-N(N8)) | P8: 336407.5 | Q8: =IF($A8="","",IFERROR(SUMPRODUCT(('[1]عهد ومصروفات بدر'!$H$8:$H$5007=$A8)*('[1]عهد ومصروفات بدر'!$S$8:$S$5007=5)*'[1]عهد ومصروفات بدر'!$T$8:$T$5007),0)) | R8: =IF($A8="","",N(P8)-N(Q8)) | S8: 336407.5 | T8: =IF($A8="","",IFERROR(SUMPRODUCT(('[1]عهد ومصروفات بدر'!$H$8:$H$5007=$A8)*('[1]عهد ومصروفات بدر'!$S$8:$S$5007=6)*'[1]عهد ومصروفات بدر'!$T$8:$T$5007),0)) | U8: =IF($A8="","",N(S8)-N(T8)) | V8: 336407.5 | W8: =IF($A8="","",IFERROR(SUMPRODUCT(('[1]عهد ومصروفات بدر'!$H$8:$H$5007=$A8)*('[1]عهد ومصروفات بدر'!$S$8:$S$5007=7)*'[1]عهد ومصروفات بدر'!$T$8:$T$5007),0)) | X8: =IF($A8="","",N(V8)-N(W8)) | Y8: 336407.5 | Z8: =IF($A8="","",IFERROR(SUMPRODUCT(('[1]عهد ومصروفات بدر'!$H$8:$H$5007=$A8)*('[1]عهد ومصروفات بدر'!$S$8:$S$5007=8)*'[1]عهد ومصروفات بدر'!$T$8:$T$5007),0)) | AA8: =IF($A8="","",N(Y8)-N(Z8)) | AB8: 336407.5 | AC8: =IF($A8="","",IFERROR(SUMPRODUCT(('[1]عهد ومصروفات بدر'!$H$8:$H$5007=$A8)*('[1]عهد ومصروفات بدر'!$S$8:$S$5007=9)*'[1]عهد ومصروفات بدر'!$T$8:$T$5007),0)) | AD8: =IF($A8="","",N(AB8)-N(AC8)) | AE8: 336407.5 | AF8: =IF($A8="","",IFERROR(SUMPRODUCT(('[1]عهد ومصروفات بدر'!$H$8:$H$5007=$A8)*('[1]عهد ومصروفات بدر'!$S$8:$S$5007=10)*'[1]عهد ومصروفات بدر'!$T$8:$T$5007),0)) | AG8: =IF($A8="","",N(AE8)-N(AF8)) | AH8: 336407.5 | AI8: =IF($A8="","",IFERROR(SUMPRODUCT(('[1]عهد ومصروفات بدر'!$H$8:$H$5007=$A8)*('[1]عهد ومصروفات بدر'!$S$8:$S$5007=11)*'[1]عهد ومصروفات بدر'!$T$8:$T$5007),0)) | AJ8: =IF($A8="","",N(AH8)-N(AI8)) | AK8: 336407.5 | AL8: =IF($A8="","",IFERROR(SUMPRODUCT(('[1]عهد ومصروفات بدر'!$H$8:$H$5007=$A8)*('[1]عهد ومصروفات بدر'!$S$8:$S$5007=12)*'[1]عهد ومصروفات بدر'!$T$8:$T$5007),0)) | AM8: =IF($A8="","",N(AK8)-N(AL8)) | AN8: =IF(A8="","",N(D8)+N(G8)+N(J8)+N(M8)+N(P8)+N(S8)+N(V8)+N(Y8)+N(AB8)+N(AE8)+N(AH8)+N(AK8)) | AO8: =IF(A8="","",N(E8)+N(H8)+N(K8)+N(N8)+N(Q8)+N(T8)+N(W8)+N(Z8)+N(AC8)+N(AF8)+N(AI8)+N(AL8)) | AP8: =IF(A8="","",N(B8)-AO8) | AQ8: =IF(A8="",0,(N(F8)<0)+(N(I8)<0)+(N(L8)<0)+(N(O8)<0)+(N(R8)<0)+(N(U8)<0)+(N(X8)<0)+(N(AA8)<0)+(N(AD8)<0)+(N(AG8)<0)+(N(AJ8)<0)+(N(AM8)<0)) | AR8: =IF(A8="",0,MAX(0,-N(F8))+MAX(0,-N(I8))+MAX(0,-N(L8))+MAX(0,-N(O8))+MAX(0,-N(R8))+MAX(0,-N(U8))+MAX(0,-N(X8))+MAX(0,-N(AA8))+MAX(0,-N(AD8))+MAX(0,-N(AG8))+MAX(0,-N(AJ8))+MAX(0,-N(AM8))) | AS8: =IF(A8="",0,IF(OR(N(AP8)<0,AQ8>0),1,0)) | AT8: =AS8 | AU8: =IF(A8="",-1,N(AO8)+ROW()/10000000)
A9: تدريب المعلمين | B9: 150000 | C9: =IF(A9="","",N(B9)/12) | D9: 0 | E9: =IF($A9="","",IFERROR(SUMPRODUCT(('[1]عهد ومصروفات بدر'!$H$8:$H$5007=$A9)*('[1]عهد ومصروفات بدر'!$S$8:$S$5007=1)*'[1]عهد ومصروفات بدر'!$T$8:$T$5007),0)) | F9: =IF($A9="","",N(D9)-N(E9)) | G9: 0 | H9: =IF($A9="","",IFERROR(SUMPRODUCT(('[1]عهد ومصروفات بدر'!$H$8:$H$5007=$A9)*('[1]عهد ومصروفات بدر'!$S$8:$S$5007=2)*'[1]عهد ومصروفات بدر'!$T$8:$T$5007),0)) | I9: =IF($A9="","",N(G9)-N(H9)) | J9: 0 | K9: =IF($A9="","",IFERROR(SUMPRODUCT(('[1]عهد ومصروفات بدر'!$H$8:$H$5007=$A9)*('[1]عهد ومصروفات بدر'!$S$8:$S$5007=3)*'[1]عهد ومصروفات بدر'!$T$8:$T$5007),0)) | L9: =IF($A9="","",N(J9)-N(K9)) | M9: 0 | N9: =IF($A9="","",IFERROR(SUMPRODUCT(('[1]عهد ومصروفات بدر'!$H$8:$H$5007=$A9)*('[1]عهد ومصروفات بدر'!$S$8:$S$5007=4)*'[1]عهد ومصروفات بدر'!$T$8:$T$5007),0)) | O9: =IF($A9="","",N(M9)-N(N9)) | P9: 75000 | Q9: =IF($A9="","",IFERROR(SUMPRODUCT(('[1]عهد ومصروفات بدر'!$H$8:$H$5007=$A9)*('[1]عهد ومصروفات بدر'!$S$8:$S$5007=5)*'[1]عهد ومصروفات بدر'!$T$8:$T$5007),0)) | R9: =IF($A9="","",N(P9)-N(Q9)) | S9: 0 | T9: =IF($A9="","",IFERROR(SUMPRODUCT(('[1]عهد ومصروفات بدر'!$H$8:$H$5007=$A9)*('[1]عهد ومصروفات بدر'!$S$8:$S$5007=6)*'[1]عهد ومصروفات بدر'!$T$8:$T$5007),0)) | U9: =IF($A9="","",N(S9)-N(T9)) | V9: 0 | W9: =IF($A9="","",IFERROR(SUMPRODUCT(('[1]عهد ومصروفات بدر'!$H$8:$H$5007=$A9)*('[1]عهد ومصروفات بدر'!$S$8:$S$5007=7)*'[1]عهد ومصروفات بدر'!$T$8:$T$5007),0)) | X9: =IF($A9="","",N(V9)-N(W9)) | Y9: 0 | Z9: =IF($A9="","",IFERROR(SUMPRODUCT(('[1]عهد ومصروفات بدر'!$H$8:$H$5007=$A9)*('[1]عهد ومصروفات بدر'!$S$8:$S$5007=8)*'[1]عهد ومصروفات بدر'!$T$8:$T$5007),0)) | AA9: =IF($A9="","",N(Y9)-N(Z9)) | AB9: 0 | AC9: =IF($A9="","",IFERROR(SUMPRODUCT(('[1]عهد ومصروفات بدر'!$H$8:$H$5007=$A9)*('[1]عهد ومصروفات بدر'!$S$8:$S$5007=9)*'[1]عهد ومصروفات بدر'!$T$8:$T$5007),0)) | AD9: =IF($A9="","",N(AB9)-N(AC9)) | AE9: 0 | AF9: =IF($A9="","",IFERROR(SUMPRODUCT(('[1]عهد ومصروفات بدر'!$H$8:$H$5007=$A9)*('[1]عهد ومصروفات بدر'!$S$8:$S$5007=10)*'[1]عهد ومصروفات بدر'!$T$8:$T$5007),0)) | AG9: =IF($A9="","",N(AE9)-N(AF9)) | AH9: 0 | AI9: =IF($A9="","",IFERROR(SUMPRODUCT(('[1]عهد ومصروفات بدر'!$H$8:$H$5007=$A9)*('[1]عهد ومصروفات بدر'!$S$8:$S$5007=11)*'[1]عهد ومصروفات بدر'!$T$8:$T$5007),0)) | AJ9: =IF($A9="","",N(AH9)-N(AI9)) | AK9: 75000 | AL9: =IF($A9="","",IFERROR(SUMPRODUCT(('[1]عهد ومصروفات بدر'!$H$8:$H$5007=$A9)*('[1]عهد ومصروفات بدر'!$S$8:$S$5007=12)*'[1]عهد ومصروفات بدر'!$T$8:$T$5007),0)) | AM9: =IF($A9="","",N(AK9)-N(AL9)) | AN9: =IF(A9="","",N(D9)+N(G9)+N(J9)+N(M9)+N(P9)+N(S9)+N(V9)+N(Y9)+N(AB9)+N(AE9)+N(AH9)+N(AK9)) | AO9: =IF(A9="","",N(E9)+N(H9)+N(K9)+N(N9)+N(Q9)+N(T9)+N(W9)+N(Z9)+N(AC9)+N(AF9)+N(AI9)+N(AL9)) | AP9: =IF(A9="","",N(B9)-AO9) | AQ9: =IF(A9="",0,(N(F9)<0)+(N(I9)<0)+(N(L9)<0)+(N(O9)<0)+(N(R9)<0)+(N(U9)<0)+(N(X9)<0)+(N(AA9)<0)+(N(AD9)<0)+(N(AG9)<0)+(N(AJ9)<0)+(N(AM9)<0)) | AR9: =IF(A9="",0,MAX(0,-N(F9))+MAX(0,-N(I9))+MAX(0,-N(L9))+MAX(0,-N(O9))+MAX(0,-N(R9))+MAX(0,-N(U9))+MAX(0,-N(X9))+MAX(0,-N(AA9))+MAX(0,-N(AD9))+MAX(0,-N(AG9))+MAX(0,-N(AJ9))+MAX(0,-N(AM9))) | AS9: =IF(A9="",0,IF(OR(N(AP9)<0,AQ9>0),1,0)) | AT9: =AT8+AS9 | AU9: =IF(A9="",-1,N(AO9)+ROW()/10000000)
A10: انتقالات وبدلات المتابعة الميدانية | B10: 28800 | C10: =IF(A10="","",N(B10)/12) | D10: 3600 | E10: =IF($A10="","",IFERROR(SUMPRODUCT(('[1]عهد ومصروفات بدر'!$H$8:$H$5007=$A10)*('[1]عهد ومصروفات بدر'!$S$8:$S$5007=1)*'[1]عهد ومصروفات بدر'!$T$8:$T$5007),0)) | F10: =IF($A10="","",N(D10)-N(E10)) | G10: 3600 | H10: =IF($A10="","",IFERROR(SUMPRODUCT(('[1]عهد ومصروفات بدر'!$H$8:$H$5007=$A10)*('[1]عهد ومصروفات بدر'!$S$8:$S$5007=2)*'[1]عهد ومصروفات بدر'!$T$8:$T$5007),0)) | I10: =IF($A10="","",N(G10)-N(H10)) | J10: 3600 | K10: =IF($A10="","",IFERROR(SUMPRODUCT(('[1]عهد ومصروفات بدر'!$H$8:$H$5007=$A10)*('[1]عهد ومصروفات بدر'!$S$8:$S$5007=3)*'[1]عهد ومصروفات بدر'!$T$8:$T$5007),0)) | L10: =IF($A10="","",N(J10)-N(K10)) | M10: 3600 | N10: =IF($A10="","",IFERROR(SUMPRODUCT(('[1]عهد ومصروفات بدر'!$H$8:$H$5007=$A10)*('[1]عهد ومصروفات بدر'!$S$8:$S$5007=4)*'[1]عهد ومصروفات بدر'!$T$8:$T$5007),0)) | O10: =IF($A10="","",N(M10)-N(N10)) | P10: 3600 | Q10: =IF($A10="","",IFERROR(SUMPRODUCT(('[1]عهد ومصروفات بدر'!$H$8:$H$5007=$A10)*('[1]عهد ومصروفات بدر'!$S$8:$S$5007=5)*'[1]عهد ومصروفات بدر'!$T$8:$T$5007),0)) | R10: =IF($A10="","",N(P10)-N(Q10)) | S10: 3600 | T10: =IF($A10="","",IFERROR(SUMPRODUCT(('[1]عهد ومصروفات بدر'!$H$8:$H$5007=$A10)*('[1]عهد ومصروفات بدر'!$S$8:$S$5007=6)*'[1]عهد ومصروفات بدر'!$T$8:$T$5007),0)) | U10: =IF($A10="","",N(S10)-N(T10)) | V10: 3600 | W10: =IF($A10="","",IFERROR(SUMPRODUCT(('[1]عهد ومصروفات بدر'!$H$8:$H$5007=$A10)*('[1]عهد ومصروفات بدر'!$S$8:$S$5007=7)*'[1]عهد ومصروفات بدر'!$T$8:$T$5007),0)) | X10: =IF($A10="","",N(V10)-N(W10)) | Y10: 3600 | Z10: =IF($A10="","",IFERROR(SUMPRODUCT(('[1]عهد ومصروفات بدر'!$H$8:$H$5007=$A10)*('[1]عهد ومصروفات بدر'!$S$8:$S$5007=8)*'[1]عهد ومصروفات بدر'!$T$8:$T$5007),0)) | AA10: =IF($A10="","",N(Y10)-N(Z10)) | AB10: 0 | AC10: =IF($A10="","",IFERROR(SUMPRODUCT(('[1]عهد ومصروفات بدر'!$H$8:$H$5007=$A10)*('[1]عهد ومصروفات بدر'!$S$8:$S$5007=9)*'[1]عهد ومصروفات بدر'!$T$8:$T$5007),0)) | AD10: =IF($A10="","",N(AB10)-N(AC10)) | AE10: 0 | AF10: =IF($A10="","",IFERROR(SUMPRODUCT(('[1]عهد ومصروفات بدر'!$H$8:$H$5007=$A10)*('[1]عهد ومصروفات بدر'!$S$8:$S$5007=10)*'[1]عهد ومصروفات بدر'!$T$8:$T$5007),0)) | AG10: =IF($A10="","",N(AE10)-N(AF10)) | AH10: 0 | AI10: =IF($A10="","",IFERROR(SUMPRODUCT(('[1]عهد ومصروفات بدر'!$H$8:$H$5007=$A10)*('[1]عهد ومصروفات بدر'!$S$8:$S$5007=11)*'[1]عهد ومصروفات بدر'!$T$8:$T$5007),0)) | AJ10: =IF($A10="","",N(AH10)-N(AI10)) | AK10: 0 | AL10: =IF($A10="","",IFERROR(SUMPRODUCT(('[1]عهد ومصروفات بدر'!$H$8:$H$5007=$A10)*('[1]عهد ومصروفات بدر'!$S$8:$S$5007=12)*'[1]عهد ومصروفات بدر'!$T$8:$T$5007),0)) | AM10: =IF($A10="","",N(AK10)-N(AL10)) | AN10: =IF(A10="","",N(D10)+N(G10)+N(J10)+N(M10)+N(P10)+N(S10)+N(V10)+N(Y10)+N(AB10)+N(AE10)+N(AH10)+N(AK10)) | AO10: =IF(A10="","",N(E10)+N(H10)+N(K10)+N(N10)+N(Q10)+N(T10)+N(W10)+N(Z10)+N(AC10)+N(AF10)+N(AI10)+N(AL10)) | AP10: =IF(A10="","",N(B10)-AO10) | AQ10: =IF(A10="",0,(N(F10)<0)+(N(I10)<0)+(N(L10)<0)+(N(O10)<0)+(N(R10)<0)+(N(U10)<0)+(N(X10)<0)+(N(AA10)<0)+(N(AD10)<0)+(N(AG10)<0)+(N(AJ10)<0)+(N(AM10)<0)) | AR10: =IF(A10="",0,MAX(0,-N(F10))+MAX(0,-N(I10))+MAX(0,-N(L10))+MAX(0,-N(O10))+MAX(0,-N(R10))+MAX(0,-N(U10))+MAX(0,-N(X10))+MAX(0,-N(AA10))+MAX(0,-N(AD10))+MAX(0,-N(AG10))+MAX(0,-N(AJ10))+MAX(0,-N(AM10))) | AS10: =IF(A10="",0,IF(OR(N(AP10)<0,AQ10>0),1,0)) | AT10: =AT9+AS10 | AU10: =IF(A10="",-1,N(AO10)+ROW()/10000000)
A11: معدات الأمن والسلامة (الصف الأول) | B11: 0 | C11: =IF(A11="","",N(B11)/12) | D11: 0 | E11: =IF($A11="","",IFERROR(SUMPRODUCT(('[1]عهد ومصروفات بدر'!$H$8:$H$5007=$A11)*('[1]عهد ومصروفات بدر'!$S$8:$S$5007=1)*'[1]عهد ومصروفات بدر'!$T$8:$T$5007),0)) | F11: =IF($A11="","",N(D11)-N(E11)) | G11: 0 | H11: =IF($A11="","",IFERROR(SUMPRODUCT(('[1]عهد ومصروفات بدر'!$H$8:$H$5007=$A11)*('[1]عهد ومصروفات بدر'!$S$8:$S$5007=2)*'[1]عهد ومصروفات بدر'!$T$8:$T$5007),0)) | I11: =IF($A11="","",N(G11)-N(H11)) | J11: 0 | K11: =IF($A11="","",IFERROR(SUMPRODUCT(('[1]عهد ومصروفات بدر'!$H$8:$H$5007=$A11)*('[1]عهد ومصروفات بدر'!$S$8:$S$5007=3)*'[1]عهد ومصروفات بدر'!$T$8:$T$5007),0)) | L11: =IF($A11="","",N(J11)-N(K11)) | M11: 0 | N11: =IF($A11="","",IFERROR(SUMPRODUCT(('[1]عهد ومصروفات بدر'!$H$8:$H$5007=$A11)*('[1]عهد ومصروفات بدر'!$S$8:$S$5007=4)*'[1]عهد ومصروفات بدر'!$T$8:$T$5007),0)) | O11: =IF($A11="","",N(M11)-N(N11)) | P11: 0 | Q11: =IF($A11="","",IFERROR(SUMPRODUCT(('[1]عهد ومصروفات بدر'!$H$8:$H$5007=$A11)*('[1]عهد ومصروفات بدر'!$S$8:$S$5007=5)*'[1]عهد ومصروفات بدر'!$T$8:$T$5007),0)) | R11: =IF($A11="","",N(P11)-N(Q11)) | S11: 0 | T11: =IF($A11="","",IFERROR(SUMPRODUCT(('[1]عهد ومصروفات بدر'!$H$8:$H$5007=$A11)*('[1]عهد ومصروفات بدر'!$S$8:$S$5007=6)*'[1]عهد ومصروفات بدر'!$T$8:$T$5007),0)) | U11: =IF($A11="","",N(S11)-N(T11)) | V11: 0 | W11: =IF($A11="","",IFERROR(SUMPRODUCT(('[1]عهد ومصروفات بدر'!$H$8:$H$5007=$A11)*('[1]عهد ومصروفات بدر'!$S$8:$S$5007=7)*'[1]عهد ومصروفات بدر'!$T$8:$T$5007),0)) | X11: =IF($A11="","",N(V11)-N(W11)) | Y11: 0 | Z11: =IF($A11="","",IFERROR(SUMPRODUCT(('[1]عهد ومصروفات بدر'!$H$8:$H$5007=$A11)*('[1]عهد ومصروفات بدر'!$S$8:$S$5007=8)*'[1]عهد ومصروفات بدر'!$T$8:$T$5007),0)) | AA11: =IF($A11="","",N(Y11)-N(Z11)) | AB11: 0 | AC11: =IF($A11="","",IFERROR(SUMPRODUCT(('[1]عهد ومصروفات بدر'!$H$8:$H$5007=$A11)*('[1]عهد ومصروفات بدر'!$S$8:$S$5007=9)*'[1]عهد ومصروفات بدر'!$T$8:$T$5007),0)) | AD11: =IF($A11="","",N(AB11)-N(AC11)) | AE11: 0 | AF11: =IF($A11="","",IFERROR(SUMPRODUCT(('[1]عهد ومصروفات بدر'!$H$8:$H$5007=$A11)*('[1]عهد ومصروفات بدر'!$S$8:$S$5007=10)*'[1]عهد ومصروفات بدر'!$T$8:$T$5007),0)) | AG11: =IF($A11="","",N(AE11)-N(AF11)) | AH11: 0 | AI11: =IF($A11="","",IFERROR(SUMPRODUCT(('[1]عهد ومصروفات بدر'!$H$8:$H$5007=$A11)*('[1]عهد ومصروفات بدر'!$S$8:$S$5007=11)*'[1]عهد ومصروفات بدر'!$T$8:$T$5007),0)) | AJ11: =IF($A11="","",N(AH11)-N(AI11)) | AK11: 0 | AL11: =IF($A11="","",IFERROR(SUMPRODUCT(('[1]عهد ومصروفات بدر'!$H$8:$H$5007=$A11)*('[1]عهد ومصروفات بدر'!$S$8:$S$5007=12)*'[1]عهد ومصروفات بدر'!$T$8:$T$5007),0)) | AM11: =IF($A11="","",N(AK11)-N(AL11)) | AN11: =IF(A11="","",N(D11)+N(G11)+N(J11)+N(M11)+N(P11)+N(S11)+N(V11)+N(Y11)+N(AB11)+N(AE11)+N(AH11)+N(AK11)) | AO11: =IF(A11="","",N(E11)+N(H11)+N(K11)+N(N11)+N(Q11)+N(T11)+N(W11)+N(Z11)+N(AC11)+N(AF11)+N(AI11)+N(AL11)) | AP11: =IF(A11="","",N(B11)-AO11) | AQ11: =IF(A11="",0,(N(F11)<0)+(N(I11)<0)+(N(L11)<0)+(N(O11)<0)+(N(R11)<0)+(N(U11)<0)+(N(X11)<0)+(N(AA11)<0)+(N(AD11)<0)+(N(AG11)<0)+(N(AJ11)<0)+(N(AM11)<0)) | AR11: =IF(A11="",0,MAX(0,-N(F11))+MAX(0,-N(I11))+MAX(0,-N(L11))+MAX(0,-N(O11))+MAX(0,-N(R11))+MAX(0,-N(U11))+MAX(0,-N(X11))+MAX(0,-N(AA11))+MAX(0,-N(AD11))+MAX(0,-N(AG11))+MAX(0,-N(AJ11))+MAX(0,-N(AM11))) | AS11: =IF(A11="",0,IF(OR(N(AP11)<0,AQ11>0),1,0)) | AT11: =AT10+AS11 | AU11: =IF(A11="",-1,N(AO11)+ROW()/10000000)
A12: الزى المدرسى (الصف الأول) | B12: 180000 | C12: =IF(A12="","",N(B12)/12) | D12: 180000 | E12: =IF($A12="","",IFERROR(SUMPRODUCT(('[1]عهد ومصروفات بدر'!$H$8:$H$5007=$A12)*('[1]عهد ومصروفات بدر'!$S$8:$S$5007=1)*'[1]عهد ومصروفات بدر'!$T$8:$T$5007),0)) | F12: =IF($A12="","",N(D12)-N(E12)) | G12: 0 | H12: =IF($A12="","",IFERROR(SUMPRODUCT(('[1]عهد ومصروفات بدر'!$H$8:$H$5007=$A12)*('[1]عهد ومصروفات بدر'!$S$8:$S$5007=2)*'[1]عهد ومصروفات بدر'!$T$8:$T$5007),0)) | I12: =IF($A12="","",N(G12)-N(H12)) | J12: 0 | K12: =IF($A12="","",IFERROR(SUMPRODUCT(('[1]عهد ومصروفات بدر'!$H$8:$H$5007=$A12)*('[1]عهد ومصروفات بدر'!$S$8:$S$5007=3)*'[1]عهد ومصروفات بدر'!$T$8:$T$5007),0)) | L12: =IF($A12="","",N(J12)-N(K12)) | M12: 0 | N12: =IF($A12="","",IFERROR(SUMPRODUCT(('[1]عهد ومصروفات بدر'!$H$8:$H$5007=$A12)*('[1]عهد ومصروفات بدر'!$S$8:$S$5007=4)*'[1]عهد ومصروفات بدر'!$T$8:$T$5007),0)) | O12: =IF($A12="","",N(M12)-N(N12)) | P12: 0 | Q12: =IF($A12="","",IFERROR(SUMPRODUCT(('[1]عهد ومصروفات بدر'!$H$8:$H$5007=$A12)*('[1]عهد ومصروفات بدر'!$S$8:$S$5007=5)*'[1]عهد ومصروفات بدر'!$T$8:$T$5007),0)) | R12: =IF($A12="","",N(P12)-N(Q12)) | S12: 0 | T12: =IF($A12="","",IFERROR(SUMPRODUCT(('[1]عهد ومصروفات بدر'!$H$8:$H$5007=$A12)*('[1]عهد ومصروفات بدر'!$S$8:$S$5007=6)*'[1]عهد ومصروفات بدر'!$T$8:$T$5007),0)) | U12: =IF($A12="","",N(S12)-N(T12)) | V12: 0 | W12: =IF($A12="","",IFERROR(SUMPRODUCT(('[1]عهد ومصروفات بدر'!$H$8:$H$5007=$A12)*('[1]عهد ومصروفات بدر'!$S$8:$S$5007=7)*'[1]عهد ومصروفات بدر'!$T$8:$T$5007),0)) | X12: =IF($A12="","",N(V12)-N(W12)) | Y12: 0 | Z12: =IF($A12="","",IFERROR(SUMPRODUCT(('[1]عهد ومصروفات بدر'!$H$8:$H$5007=$A12)*('[1]عهد ومصروفات بدر'!$S$8:$S$5007=8)*'[1]عهد ومصروفات بدر'!$T$8:$T$5007),0)) | AA12: =IF($A12="","",N(Y12)-N(Z12)) | AB12: 0 | AC12: =IF($A12="","",IFERROR(SUMPRODUCT(('[1]عهد ومصروفات بدر'!$H$8:$H$5007=$A12)*('[1]عهد ومصروفات بدر'!$S$8:$S$5007=9)*'[1]عهد ومصروفات بدر'!$T$8:$T$5007),0)) | AD12: =IF($A12="","",N(AB12)-N(AC12)) | AE12: 0 | AF12: =IF($A12="","",IFERROR(SUMPRODUCT(('[1]عهد ومصروفات بدر'!$H$8:$H$5007=$A12)*('[1]عهد ومصروفات بدر'!$S$8:$S$5007=10)*'[1]عهد ومصروفات بدر'!$T$8:$T$5007),0)) | AG12: =IF($A12="","",N(AE12)-N(AF12)) | AH12: 0 | AI12: =IF($A12="","",IFERROR(SUMPRODUCT(('[1]عهد ومصروفات بدر'!$H$8:$H$5007=$A12)*('[1]عهد ومصروفات بدر'!$S$8:$S$5007=11)*'[1]عهد ومصروفات بدر'!$T$8:$T$5007),0)) | AJ12: =IF($A12="","",N(AH12)-N(AI12)) | AK12: 0 | AL12: =IF($A12="","",IFERROR(SUMPRODUCT(('[1]عهد ومصروفات بدر'!$H$8:$H$5007=$A12)*('[1]عهد ومصروفات بدر'!$S$8:$S$5007=12)*'[1]عهد ومصروفات بدر'!$T$8:$T$5007),0)) | AM12: =IF($A12="","",N(AK12)-N(AL12)) | AN12: =IF(A12="","",N(D12)+N(G12)+N(J12)+N(M12)+N(P12)+N(S12)+N(V12)+N(Y12)+N(AB12)+N(AE12)+N(AH12)+N(AK12)) | AO12: =IF(A12="","",N(E12)+N(H12)+N(K12)+N(N12)+N(Q12)+N(T12)+N(W12)+N(Z12)+N(AC12)+N(AF12)+N(AI12)+N(AL12)) | AP12: =IF(A12="","",N(B12)-AO12) | AQ12: =IF(A12="",0,(N(F12)<0)+(N(I12)<0)+(N(L12)<0)+(N(O12)<0)+(N(R12)<0)+(N(U12)<0)+(N(X12)<0)+(N(AA12)<0)+(N(AD12)<0)+(N(AG12)<0)+(N(AJ12)<0)+(N(AM12)<0)) | AR12: =IF(A12="",0,MAX(0,-N(F12))+MAX(0,-N(I12))+MAX(0,-N(L12))+MAX(0,-N(O12))+MAX(0,-N(R12))+MAX(0,-N(U12))+MAX(0,-N(X12))+MAX(0,-N(AA12))+MAX(0,-N(AD12))+MAX(0,-N(AG12))+MAX(0,-N(AJ12))+MAX(0,-N(AM12))) | AS12: =IF(A12="",0,IF(OR(N(AP12)<0,AQ12>0),1,0)) | AT12: =AT11+AS12 | AU12: =IF(A12="",-1,N(AO12)+ROW()/10000000)
A13: انتقالات الموقع – الصف الثالث | B13: 54000 | C13: =IF(A13="","",N(B13)/12) | D13: 0 | E13: =IF($A13="","",IFERROR(SUMPRODUCT(('[1]عهد ومصروفات بدر'!$H$8:$H$5007=$A13)*('[1]عهد ومصروفات بدر'!$S$8:$S$5007=1)*'[1]عهد ومصروفات بدر'!$T$8:$T$5007),0)) | F13: =IF($A13="","",N(D13)-N(E13)) | G13: 9000 | H13: =IF($A13="","",IFERROR(SUMPRODUCT(('[1]عهد ومصروفات بدر'!$H$8:$H$5007=$A13)*('[1]عهد ومصروفات بدر'!$S$8:$S$5007=2)*'[1]عهد ومصروفات بدر'!$T$8:$T$5007),0)) | I13: =IF($A13="","",N(G13)-N(H13)) | J13: 9000 | K13: =IF($A13="","",IFERROR(SUMPRODUCT(('[1]عهد ومصروفات بدر'!$H$8:$H$5007=$A13)*('[1]عهد ومصروفات بدر'!$S$8:$S$5007=3)*'[1]عهد ومصروفات بدر'!$T$8:$T$5007),0)) | L13: =IF($A13="","",N(J13)-N(K13)) | M13: 9000 | N13: =IF($A13="","",IFERROR(SUMPRODUCT(('[1]عهد ومصروفات بدر'!$H$8:$H$5007=$A13)*('[1]عهد ومصروفات بدر'!$S$8:$S$5007=4)*'[1]عهد ومصروفات بدر'!$T$8:$T$5007),0)) | O13: =IF($A13="","",N(M13)-N(N13)) | P13: 0 | Q13: =IF($A13="","",IFERROR(SUMPRODUCT(('[1]عهد ومصروفات بدر'!$H$8:$H$5007=$A13)*('[1]عهد ومصروفات بدر'!$S$8:$S$5007=5)*'[1]عهد ومصروفات بدر'!$T$8:$T$5007),0)) | R13: =IF($A13="","",N(P13)-N(Q13)) | S13: 4500 | T13: =IF($A13="","",IFERROR(SUMPRODUCT(('[1]عهد ومصروفات بدر'!$H$8:$H$5007=$A13)*('[1]عهد ومصروفات بدر'!$S$8:$S$5007=6)*'[1]عهد ومصروفات بدر'!$T$8:$T$5007),0)) | U13: =IF($A13="","",N(S13)-N(T13)) | V13: 9000 | W13: =IF($A13="","",IFERROR(SUMPRODUCT(('[1]عهد ومصروفات بدر'!$H$8:$H$5007=$A13)*('[1]عهد ومصروفات بدر'!$S$8:$S$5007=7)*'[1]عهد ومصروفات بدر'!$T$8:$T$5007),0)) | X13: =IF($A13="","",N(V13)-N(W13)) | Y13: 0 | Z13: =IF($A13="","",IFERROR(SUMPRODUCT(('[1]عهد ومصروفات بدر'!$H$8:$H$5007=$A13)*('[1]عهد ومصروفات بدر'!$S$8:$S$5007=8)*'[1]عهد ومصروفات بدر'!$T$8:$T$5007),0)) | AA13: =IF($A13="","",N(Y13)-N(Z13)) | AB13: 0 | AC13: =IF($A13="","",IFERROR(SUMPRODUCT(('[1]عهد ومصروفات بدر'!$H$8:$H$5007=$A13)*('[1]عهد ومصروفات بدر'!$S$8:$S$5007=9)*'[1]عهد ومصروفات بدر'!$T$8:$T$5007),0)) | AD13: =IF($A13="","",N(AB13)-N(AC13)) | AE13: 0 | AF13: =IF($A13="","",IFERROR(SUMPRODUCT(('[1]عهد ومصروفات بدر'!$H$8:$H$5007=$A13)*('[1]عهد ومصروفات بدر'!$S$8:$S$5007=10)*'[1]عهد ومصروفات بدر'!$T$8:$T$5007),0)) | AG13: =IF($A13="","",N(AE13)-N(AF13)) | AH13: 0 | AI13: =IF($A13="","",IFERROR(SUMPRODUCT(('[1]عهد ومصروفات بدر'!$H$8:$H$5007=$A13)*('[1]عهد ومصروفات بدر'!$S$8:$S$5007=11)*'[1]عهد ومصروفات بدر'!$T$8:$T$5007),0)) | AJ13: =IF($A13="","",N(AH13)-N(AI13)) | AK13: 0 | AL13: =IF($A13="","",IFERROR(SUMPRODUCT(('[1]عهد ومصروفات بدر'!$H$8:$H$5007=$A13)*('[1]عهد ومصروفات بدر'!$S$8:$S$5007=12)*'[1]عهد ومصروفات بدر'!$T$8:$T$5007),0)) | AM13: =IF($A13="","",N(AK13)-N(AL13)) | AN13: =IF(A13="","",N(D13)+N(G13)+N(J13)+N(M13)+N(P13)+N(S13)+N(V13)+N(Y13)+N(AB13)+N(AE13)+N(AH13)+N(AK13)) | AO13: =IF(A13="","",N(E13)+N(H13)+N(K13)+N(N13)+N(Q13)+N(T13)+N(W13)+N(Z13)+N(AC13)+N(AF13)+N(AI13)+N(AL13)) | AP13: =IF(A13="","",N(B13)-AO13) | AQ13: =IF(A13="",0,(N(F13)<0)+(N(I13)<0)+(N(L13)<0)+(N(O13)<0)+(N(R13)<0)+(N(U13)<0)+(N(X13)<0)+(N(AA13)<0)+(N(AD13)<0)+(N(AG13)<0)+(N(AJ13)<0)+(N(AM13)<0)) | AR13: =IF(A13="",0,MAX(0,-N(F13))+MAX(0,-N(I13))+MAX(0,-N(L13))+MAX(0,-N(O13))+MAX(0,-N(R13))+MAX(0,-N(U13))+MAX(0,-N(X13))+MAX(0,-N(AA13))+MAX(0,-N(AD13))+MAX(0,-N(AG13))+MAX(0,-N(AJ13))+MAX(0,-N(AM13))) | AS13: =IF(A13="",0,IF(OR(N(AP13)<0,AQ13>0),1,0)) | AT13: =AT12+AS13 | AU13: =IF(A13="",-1,N(AO13)+ROW()/10000000)
A14: وجبات الموقع – الصف الثالث | B14: 17160 | C14: =IF(A14="","",N(B14)/12) | D14: 0 | E14: =IF($A14="","",IFERROR(SUMPRODUCT(('[1]عهد ومصروفات بدر'!$H$8:$H$5007=$A14)*('[1]عهد ومصروفات بدر'!$S$8:$S$5007=1)*'[1]عهد ومصروفات بدر'!$T$8:$T$5007),0)) | F14: =IF($A14="","",N(D14)-N(E14)) | G14: 5720 | H14: =IF($A14="","",IFERROR(SUMPRODUCT(('[1]عهد ومصروفات بدر'!$H$8:$H$5007=$A14)*('[1]عهد ومصروفات بدر'!$S$8:$S$5007=2)*'[1]عهد ومصروفات بدر'!$T$8:$T$5007),0)) | I14: =IF($A14="","",N(G14)-N(H14)) | J14: 5720 | K14: =IF($A14="","",IFERROR(SUMPRODUCT(('[1]عهد ومصروفات بدر'!$H$8:$H$5007=$A14)*('[1]عهد ومصروفات بدر'!$S$8:$S$5007=3)*'[1]عهد ومصروفات بدر'!$T$8:$T$5007),0)) | L14: =IF($A14="","",N(J14)-N(K14)) | M14: 5720 | N14: =IF($A14="","",IFERROR(SUMPRODUCT(('[1]عهد ومصروفات بدر'!$H$8:$H$5007=$A14)*('[1]عهد ومصروفات بدر'!$S$8:$S$5007=4)*'[1]عهد ومصروفات بدر'!$T$8:$T$5007),0)) | O14: =IF($A14="","",N(M14)-N(N14)) | P14: 0 | Q14: =IF($A14="","",IFERROR(SUMPRODUCT(('[1]عهد ومصروفات بدر'!$H$8:$H$5007=$A14)*('[1]عهد ومصروفات بدر'!$S$8:$S$5007=5)*'[1]عهد ومصروفات بدر'!$T$8:$T$5007),0)) | R14: =IF($A14="","",N(P14)-N(Q14)) | S14: 2860 | T14: =IF($A14="","",IFERROR(SUMPRODUCT(('[1]عهد ومصروفات بدر'!$H$8:$H$5007=$A14)*('[1]عهد ومصروفات بدر'!$S$8:$S$5007=6)*'[1]عهد ومصروفات بدر'!$T$8:$T$5007),0)) | U14: =IF($A14="","",N(S14)-N(T14)) | V14: 5720 | W14: =IF($A14="","",IFERROR(SUMPRODUCT(('[1]عهد ومصروفات بدر'!$H$8:$H$5007=$A14)*('[1]عهد ومصروفات بدر'!$S$8:$S$5007=7)*'[1]عهد ومصروفات بدر'!$T$8:$T$5007),0)) | X14: =IF($A14="","",N(V14)-N(W14)) | Y14: 0 | Z14: =IF($A14="","",IFERROR(SUMPRODUCT(('[1]عهد ومصروفات بدر'!$H$8:$H$5007=$A14)*('[1]عهد ومصروفات بدر'!$S$8:$S$5007=8)*'[1]عهد ومصروفات بدر'!$T$8:$T$5007),0)) | AA14: =IF($A14="","",N(Y14)-N(Z14)) | AB14: 0 | AC14: =IF($A14="","",IFERROR(SUMPRODUCT(('[1]عهد ومصروفات بدر'!$H$8:$H$5007=$A14)*('[1]عهد ومصروفات بدر'!$S$8:$S$5007=9)*'[1]عهد ومصروفات بدر'!$T$8:$T$5007),0)) | AD14: =IF($A14="","",N(AB14)-N(AC14)) | AE14: 0 | AF14: =IF($A14="","",IFERROR(SUMPRODUCT(('[1]عهد ومصروفات بدر'!$H$8:$H$5007=$A14)*('[1]عهد ومصروفات بدر'!$S$8:$S$5007=10)*'[1]عهد ومصروفات بدر'!$T$8:$T$5007),0)) | AG14: =IF($A14="","",N(AE14)-N(AF14)) | AH14: 0 | AI14: =IF($A14="","",IFERROR(SUMPRODUCT(('[1]عهد ومصروفات بدر'!$H$8:$H$5007=$A14)*('[1]عهد ومصروفات بدر'!$S$8:$S$5007=11)*'[1]عهد ومصروفات بدر'!$T$8:$T$5007),0)) | AJ14: =IF($A14="","",N(AH14)-N(AI14)) | AK14: 0 | AL14: =IF($A14="","",IFERROR(SUMPRODUCT(('[1]عهد ومصروفات بدر'!$H$8:$H$5007=$A14)*('[1]عهد ومصروفات بدر'!$S$8:$S$5007=12)*'[1]عهد ومصروفات بدر'!$T$8:$T$5007),0)) | AM14: =IF($A14="","",N(AK14)-N(AL14)) | AN14: =IF(A14="","",N(D14)+N(G14)+N(J14)+N(M14)+N(P14)+N(S14)+N(V14)+N(Y14)+N(AB14)+N(AE14)+N(AH14)+N(AK14)) | AO14: =IF(A14="","",N(E14)+N(H14)+N(K14)+N(N14)+N(Q14)+N(T14)+N(W14)+N(Z14)+N(AC14)+N(AF14)+N(AI14)+N(AL14)) | AP14: =IF(A14="","",N(B14)-AO14) | AQ14: =IF(A14="",0,(N(F14)<0)+(N(I14)<0)+(N(L14)<0)+(N(O14)<0)+(N(R14)<0)+(N(U14)<0)+(N(X14)<0)+(N(AA14)<0)+(N(AD14)<0)+(N(AG14)<0)+(N(AJ14)<0)+(N(AM14)<0)) | AR14: =IF(A14="",0,MAX(0,-N(F14))+MAX(0,-N(I14))+MAX(0,-N(L14))+MAX(0,-N(O14))+MAX(0,-N(R14))+MAX(0,-N(U14))+MAX(0,-N(X14))+MAX(0,-N(AA14))+MAX(0,-N(AD14))+MAX(0,-N(AG14))+MAX(0,-N(AJ14))+MAX(0,-N(AM14))) | AS14: =IF(A14="",0,IF(OR(N(AP14)<0,AQ14>0),1,0)) | AT14: =AT13+AS14 | AU14: =IF(A14="",-1,N(AO14)+ROW()/10000000)
A15: انتقالات الموقع – الصف الأول | B15: 27000 | C15: =IF(A15="","",N(B15)/12) | D15: 0 | E15: =IF($A15="","",IFERROR(SUMPRODUCT(('[1]عهد ومصروفات بدر'!$H$8:$H$5007=$A15)*('[1]عهد ومصروفات بدر'!$S$8:$S$5007=1)*'[1]عهد ومصروفات بدر'!$T$8:$T$5007),0)) | F15: =IF($A15="","",N(D15)-N(E15)) | G15: 0 | H15: =IF($A15="","",IFERROR(SUMPRODUCT(('[1]عهد ومصروفات بدر'!$H$8:$H$5007=$A15)*('[1]عهد ومصروفات بدر'!$S$8:$S$5007=2)*'[1]عهد ومصروفات بدر'!$T$8:$T$5007),0)) | I15: =IF($A15="","",N(G15)-N(H15)) | J15: 0 | K15: =IF($A15="","",IFERROR(SUMPRODUCT(('[1]عهد ومصروفات بدر'!$H$8:$H$5007=$A15)*('[1]عهد ومصروفات بدر'!$S$8:$S$5007=3)*'[1]عهد ومصروفات بدر'!$T$8:$T$5007),0)) | L15: =IF($A15="","",N(J15)-N(K15)) | M15: 0 | N15: =IF($A15="","",IFERROR(SUMPRODUCT(('[1]عهد ومصروفات بدر'!$H$8:$H$5007=$A15)*('[1]عهد ومصروفات بدر'!$S$8:$S$5007=4)*'[1]عهد ومصروفات بدر'!$T$8:$T$5007),0)) | O15: =IF($A15="","",N(M15)-N(N15)) | P15: 0 | Q15: =IF($A15="","",IFERROR(SUMPRODUCT(('[1]عهد ومصروفات بدر'!$H$8:$H$5007=$A15)*('[1]عهد ومصروفات بدر'!$S$8:$S$5007=5)*'[1]عهد ومصروفات بدر'!$T$8:$T$5007),0)) | R15: =IF($A15="","",N(P15)-N(Q15)) | S15: 45000 | T15: =IF($A15="","",IFERROR(SUMPRODUCT(('[1]عهد ومصروفات بدر'!$H$8:$H$5007=$A15)*('[1]عهد ومصروفات بدر'!$S$8:$S$5007=6)*'[1]عهد ومصروفات بدر'!$T$8:$T$5007),0)) | U15: =IF($A15="","",N(S15)-N(T15)) | V15: 45000 | W15: =IF($A15="","",IFERROR(SUMPRODUCT(('[1]عهد ومصروفات بدر'!$H$8:$H$5007=$A15)*('[1]عهد ومصروفات بدر'!$S$8:$S$5007=7)*'[1]عهد ومصروفات بدر'!$T$8:$T$5007),0)) | X15: =IF($A15="","",N(V15)-N(W15)) | Y15: 0 | Z15: =IF($A15="","",IFERROR(SUMPRODUCT(('[1]عهد ومصروفات بدر'!$H$8:$H$5007=$A15)*('[1]عهد ومصروفات بدر'!$S$8:$S$5007=8)*'[1]عهد ومصروفات بدر'!$T$8:$T$5007),0)) | AA15: =IF($A15="","",N(Y15)-N(Z15)) | AB15: 0 | AC15: =IF($A15="","",IFERROR(SUMPRODUCT(('[1]عهد ومصروفات بدر'!$H$8:$H$5007=$A15)*('[1]عهد ومصروفات بدر'!$S$8:$S$5007=9)*'[1]عهد ومصروفات بدر'!$T$8:$T$5007),0)) | AD15: =IF($A15="","",N(AB15)-N(AC15)) | AE15: 0 | AF15: =IF($A15="","",IFERROR(SUMPRODUCT(('[1]عهد ومصروفات بدر'!$H$8:$H$5007=$A15)*('[1]عهد ومصروفات بدر'!$S$8:$S$5007=10)*'[1]عهد ومصروفات بدر'!$T$8:$T$5007),0)) | AG15: =IF($A15="","",N(AE15)-N(AF15)) | AH15: 0 | AI15: =IF($A15="","",IFERROR(SUMPRODUCT(('[1]عهد ومصروفات بدر'!$H$8:$H$5007=$A15)*('[1]عهد ومصروفات بدر'!$S$8:$S$5007=11)*'[1]عهد ومصروفات بدر'!$T$8:$T$5007),0)) | AJ15: =IF($A15="","",N(AH15)-N(AI15)) | AK15: 0 | AL15: =IF($A15="","",IFERROR(SUMPRODUCT(('[1]عهد ومصروفات بدر'!$H$8:$H$5007=$A15)*('[1]عهد ومصروفات بدر'!$S$8:$S$5007=12)*'[1]عهد ومصروفات بدر'!$T$8:$T$5007),0)) | AM15: =IF($A15="","",N(AK15)-N(AL15)) | AN15: =IF(A15="","",N(D15)+N(G15)+N(J15)+N(M15)+N(P15)+N(S15)+N(V15)+N(Y15)+N(AB15)+N(AE15)+N(AH15)+N(AK15)) | AO15: =IF(A15="","",N(E15)+N(H15)+N(K15)+N(N15)+N(Q15)+N(T15)+N(W15)+N(Z15)+N(AC15)+N(AF15)+N(AI15)+N(AL15)) | AP15: =IF(A15="","",N(B15)-AO15) | AQ15: =IF(A15="",0,(N(F15)<0)+(N(I15)<0)+(N(L15)<0)+(N(O15)<0)+(N(R15)<0)+(N(U15)<0)+(N(X15)<0)+(N(AA15)<0)+(N(AD15)<0)+(N(AG15)<0)+(N(AJ15)<0)+(N(AM15)<0)) | AR15: =IF(A15="",0,MAX(0,-N(F15))+MAX(0,-N(I15))+MAX(0,-N(L15))+MAX(0,-N(O15))+MAX(0,-N(R15))+MAX(0,-N(U15))+MAX(0,-N(X15))+MAX(0,-N(AA15))+MAX(0,-N(AD15))+MAX(0,-N(AG15))+MAX(0,-N(AJ15))+MAX(0,-N(AM15))) | AS15: =IF(A15="",0,IF(OR(N(AP15)<0,AQ15>0),1,0)) | AT15: =AT14+AS15 | AU15: =IF(A15="",-1,N(AO15)+ROW()/10000000)
A16: انتقالات الموقع – الصف الثانى | B16: 27000 | C16: =IF(A16="","",N(B16)/12) | D16: 0 | E16: =IF($A16="","",IFERROR(SUMPRODUCT(('[1]عهد ومصروفات بدر'!$H$8:$H$5007=$A16)*('[1]عهد ومصروفات بدر'!$S$8:$S$5007=1)*'[1]عهد ومصروفات بدر'!$T$8:$T$5007),0)) | F16: =IF($A16="","",N(D16)-N(E16)) | G16: 0 | H16: =IF($A16="","",IFERROR(SUMPRODUCT(('[1]عهد ومصروفات بدر'!$H$8:$H$5007=$A16)*('[1]عهد ومصروفات بدر'!$S$8:$S$5007=2)*'[1]عهد ومصروفات بدر'!$T$8:$T$5007),0)) | I16: =IF($A16="","",N(G16)-N(H16)) | J16: 0 | K16: =IF($A16="","",IFERROR(SUMPRODUCT(('[1]عهد ومصروفات بدر'!$H$8:$H$5007=$A16)*('[1]عهد ومصروفات بدر'!$S$8:$S$5007=3)*'[1]عهد ومصروفات بدر'!$T$8:$T$5007),0)) | L16: =IF($A16="","",N(J16)-N(K16)) | M16: 0 | N16: =IF($A16="","",IFERROR(SUMPRODUCT(('[1]عهد ومصروفات بدر'!$H$8:$H$5007=$A16)*('[1]عهد ومصروفات بدر'!$S$8:$S$5007=4)*'[1]عهد ومصروفات بدر'!$T$8:$T$5007),0)) | O16: =IF($A16="","",N(M16)-N(N16)) | P16: 0 | Q16: =IF($A16="","",IFERROR(SUMPRODUCT(('[1]عهد ومصروفات بدر'!$H$8:$H$5007=$A16)*('[1]عهد ومصروفات بدر'!$S$8:$S$5007=5)*'[1]عهد ومصروفات بدر'!$T$8:$T$5007),0)) | R16: =IF($A16="","",N(P16)-N(Q16)) | S16: 50000 | T16: =IF($A16="","",IFERROR(SUMPRODUCT(('[1]عهد ومصروفات بدر'!$H$8:$H$5007=$A16)*('[1]عهد ومصروفات بدر'!$S$8:$S$5007=6)*'[1]عهد ومصروفات بدر'!$T$8:$T$5007),0)) | U16: =IF($A16="","",N(S16)-N(T16)) | V16: 85000 | W16: =IF($A16="","",IFERROR(SUMPRODUCT(('[1]عهد ومصروفات بدر'!$H$8:$H$5007=$A16)*('[1]عهد ومصروفات بدر'!$S$8:$S$5007=7)*'[1]عهد ومصروفات بدر'!$T$8:$T$5007),0)) | X16: =IF($A16="","",N(V16)-N(W16)) | Y16: 0 | Z16: =IF($A16="","",IFERROR(SUMPRODUCT(('[1]عهد ومصروفات بدر'!$H$8:$H$5007=$A16)*('[1]عهد ومصروفات بدر'!$S$8:$S$5007=8)*'[1]عهد ومصروفات بدر'!$T$8:$T$5007),0)) | AA16: =IF($A16="","",N(Y16)-N(Z16)) | AB16: 0 | AC16: =IF($A16="","",IFERROR(SUMPRODUCT(('[1]عهد ومصروفات بدر'!$H$8:$H$5007=$A16)*('[1]عهد ومصروفات بدر'!$S$8:$S$5007=9)*'[1]عهد ومصروفات بدر'!$T$8:$T$5007),0)) | AD16: =IF($A16="","",N(AB16)-N(AC16)) | AE16: 0 | AF16: =IF($A16="","",IFERROR(SUMPRODUCT(('[1]عهد ومصروفات بدر'!$H$8:$H$5007=$A16)*('[1]عهد ومصروفات بدر'!$S$8:$S$5007=10)*'[1]عهد ومصروفات بدر'!$T$8:$T$5007),0)) | AG16: =IF($A16="","",N(AE16)-N(AF16)) | AH16: 0 | AI16: =IF($A16="","",IFERROR(SUMPRODUCT(('[1]عهد ومصروفات بدر'!$H$8:$H$5007=$A16)*('[1]عهد ومصروفات بدر'!$S$8:$S$5007=11)*'[1]عهد ومصروفات بدر'!$T$8:$T$5007),0)) | AJ16: =IF($A16="","",N(AH16)-N(AI16)) | AK16: 0 | AL16: =IF($A16="","",IFERROR(SUMPRODUCT(('[1]عهد ومصروفات بدر'!$H$8:$H$5007=$A16)*('[1]عهد ومصروفات بدر'!$S$8:$S$5007=12)*'[1]عهد ومصروفات بدر'!$T$8:$T$5007),0)) | AM16: =IF($A16="","",N(AK16)-N(AL16)) | AN16: =IF(A16="","",N(D16)+N(G16)+N(J16)+N(M16)+N(P16)+N(S16)+N(V16)+N(Y16)+N(AB16)+N(AE16)+N(AH16)+N(AK16)) | AO16: =IF(A16="","",N(E16)+N(H16)+N(K16)+N(N16)+N(Q16)+N(T16)+N(W16)+N(Z16)+N(AC16)+N(AF16)+N(AI16)+N(AL16)) | AP16: =IF(A16="","",N(B16)-AO16) | AQ16: =IF(A16="",0,(N(F16)<0)+(N(I16)<0)+(N(L16)<0)+(N(O16)<0)+(N(R16)<0)+(N(U16)<0)+(N(X16)<0)+(N(AA16)<0)+(N(AD16)<0)+(N(AG16)<0)+(N(AJ16)<0)+(N(AM16)<0)) | AR16: =IF(A16="",0,MAX(0,-N(F16))+MAX(0,-N(I16))+MAX(0,-N(L16))+MAX(0,-N(O16))+MAX(0,-N(R16))+MAX(0,-N(U16))+MAX(0,-N(X16))+MAX(0,-N(AA16))+MAX(0,-N(AD16))+MAX(0,-N(AG16))+MAX(0,-N(AJ16))+MAX(0,-N(AM16))) | AS16: =IF(A16="",0,IF(OR(N(AP16)<0,AQ16>0),1,0)) | AT16: =AT15+AS16 | AU16: =IF(A16="",-1,N(AO16)+ROW()/10000000)
A17: وجبات الموقع – الصف الأول | B17: 17820 | C17: =IF(A17="","",N(B17)/12) | D17: 0 | E17: =IF($A17="","",IFERROR(SUMPRODUCT(('[1]عهد ومصروفات بدر'!$H$8:$H$5007=$A17)*('[1]عهد ومصروفات بدر'!$S$8:$S$5007=1)*'[1]عهد ومصروفات بدر'!$T$8:$T$5007),0)) | F17: =IF($A17="","",N(D17)-N(E17)) | G17: 0 | H17: =IF($A17="","",IFERROR(SUMPRODUCT(('[1]عهد ومصروفات بدر'!$H$8:$H$5007=$A17)*('[1]عهد ومصروفات بدر'!$S$8:$S$5007=2)*'[1]عهد ومصروفات بدر'!$T$8:$T$5007),0)) | I17: =IF($A17="","",N(G17)-N(H17)) | J17: 0 | K17: =IF($A17="","",IFERROR(SUMPRODUCT(('[1]عهد ومصروفات بدر'!$H$8:$H$5007=$A17)*('[1]عهد ومصروفات بدر'!$S$8:$S$5007=3)*'[1]عهد ومصروفات بدر'!$T$8:$T$5007),0)) | L17: =IF($A17="","",N(J17)-N(K17)) | M17: 0 | N17: =IF($A17="","",IFERROR(SUMPRODUCT(('[1]عهد ومصروفات بدر'!$H$8:$H$5007=$A17)*('[1]عهد ومصروفات بدر'!$S$8:$S$5007=4)*'[1]عهد ومصروفات بدر'!$T$8:$T$5007),0)) | O17: =IF($A17="","",N(M17)-N(N17)) | P17: 0 | Q17: =IF($A17="","",IFERROR(SUMPRODUCT(('[1]عهد ومصروفات بدر'!$H$8:$H$5007=$A17)*('[1]عهد ومصروفات بدر'!$S$8:$S$5007=5)*'[1]عهد ومصروفات بدر'!$T$8:$T$5007),0)) | R17: =IF($A17="","",N(P17)-N(Q17)) | S17: 29700 | T17: =IF($A17="","",IFERROR(SUMPRODUCT(('[1]عهد ومصروفات بدر'!$H$8:$H$5007=$A17)*('[1]عهد ومصروفات بدر'!$S$8:$S$5007=6)*'[1]عهد ومصروفات بدر'!$T$8:$T$5007),0)) | U17: =IF($A17="","",N(S17)-N(T17)) | V17: 29700 | W17: =IF($A17="","",IFERROR(SUMPRODUCT(('[1]عهد ومصروفات بدر'!$H$8:$H$5007=$A17)*('[1]عهد ومصروفات بدر'!$S$8:$S$5007=7)*'[1]عهد ومصروفات بدر'!$T$8:$T$5007),0)) | X17: =IF($A17="","",N(V17)-N(W17)) | Y17: 0 | Z17: =IF($A17="","",IFERROR(SUMPRODUCT(('[1]عهد ومصروفات بدر'!$H$8:$H$5007=$A17)*('[1]عهد ومصروفات بدر'!$S$8:$S$5007=8)*'[1]عهد ومصروفات بدر'!$T$8:$T$5007),0)) | AA17: =IF($A17="","",N(Y17)-N(Z17)) | AB17: 0 | AC17: =IF($A17="","",IFERROR(SUMPRODUCT(('[1]عهد ومصروفات بدر'!$H$8:$H$5007=$A17)*('[1]عهد ومصروفات بدر'!$S$8:$S$5007=9)*'[1]عهد ومصروفات بدر'!$T$8:$T$5007),0)) | AD17: =IF($A17="","",N(AB17)-N(AC17)) | AE17: 0 | AF17: =IF($A17="","",IFERROR(SUMPRODUCT(('[1]عهد ومصروفات بدر'!$H$8:$H$5007=$A17)*('[1]عهد ومصروفات بدر'!$S$8:$S$5007=10)*'[1]عهد ومصروفات بدر'!$T$8:$T$5007),0)) | AG17: =IF($A17="","",N(AE17)-N(AF17)) | AH17: 0 | AI17: =IF($A17="","",IFERROR(SUMPRODUCT(('[1]عهد ومصروفات بدر'!$H$8:$H$5007=$A17)*('[1]عهد ومصروفات بدر'!$S$8:$S$5007=11)*'[1]عهد ومصروفات بدر'!$T$8:$T$5007),0)) | AJ17: =IF($A17="","",N(AH17)-N(AI17)) | AK17: 0 | AL17: =IF($A17="","",IFERROR(SUMPRODUCT(('[1]عهد ومصروفات بدر'!$H$8:$H$5007=$A17)*('[1]عهد ومصروفات بدر'!$S$8:$S$5007=12)*'[1]عهد ومصروفات بدر'!$T$8:$T$5007),0)) | AM17: =IF($A17="","",N(AK17)-N(AL17)) | AN17: =IF(A17="","",N(D17)+N(G17)+N(J17)+N(M17)+N(P17)+N(S17)+N(V17)+N(Y17)+N(AB17)+N(AE17)+N(AH17)+N(AK17)) | AO17: =IF(A17="","",N(E17)+N(H17)+N(K17)+N(N17)+N(Q17)+N(T17)+N(W17)+N(Z17)+N(AC17)+N(AF17)+N(AI17)+N(AL17)) | AP17: =IF(A17="","",N(B17)-AO17) | AQ17: =IF(A17="",0,(N(F17)<0)+(N(I17)<0)+(N(L17)<0)+(N(O17)<0)+(N(R17)<0)+(N(U17)<0)+(N(X17)<0)+(N(AA17)<0)+(N(AD17)<0)+(N(AG17)<0)+(N(AJ17)<0)+(N(AM17)<0)) | AR17: =IF(A17="",0,MAX(0,-N(F17))+MAX(0,-N(I17))+MAX(0,-N(L17))+MAX(0,-N(O17))+MAX(0,-N(R17))+MAX(0,-N(U17))+MAX(0,-N(X17))+MAX(0,-N(AA17))+MAX(0,-N(AD17))+MAX(0,-N(AG17))+MAX(0,-N(AJ17))+MAX(0,-N(AM17))) | AS17: =IF(A17="",0,IF(OR(N(AP17)<0,AQ17>0),1,0)) | AT17: =AT16+AS17 | AU17: =IF(A17="",-1,N(AO17)+ROW()/10000000)
A18: وجبات الموقع – الصف الثانى | B18: 10065 | C18: =IF(A18="","",N(B18)/12) | D18: 0 | E18: =IF($A18="","",IFERROR(SUMPRODUCT(('[1]عهد ومصروفات بدر'!$H$8:$H$5007=$A18)*('[1]عهد ومصروفات بدر'!$S$8:$S$5007=1)*'[1]عهد ومصروفات بدر'!$T$8:$T$5007),0)) | F18: =IF($A18="","",N(D18)-N(E18)) | G18: 0 | H18: =IF($A18="","",IFERROR(SUMPRODUCT(('[1]عهد ومصروفات بدر'!$H$8:$H$5007=$A18)*('[1]عهد ومصروفات بدر'!$S$8:$S$5007=2)*'[1]عهد ومصروفات بدر'!$T$8:$T$5007),0)) | I18: =IF($A18="","",N(G18)-N(H18)) | J18: 0 | K18: =IF($A18="","",IFERROR(SUMPRODUCT(('[1]عهد ومصروفات بدر'!$H$8:$H$5007=$A18)*('[1]عهد ومصروفات بدر'!$S$8:$S$5007=3)*'[1]عهد ومصروفات بدر'!$T$8:$T$5007),0)) | L18: =IF($A18="","",N(J18)-N(K18)) | M18: 0 | N18: =IF($A18="","",IFERROR(SUMPRODUCT(('[1]عهد ومصروفات بدر'!$H$8:$H$5007=$A18)*('[1]عهد ومصروفات بدر'!$S$8:$S$5007=4)*'[1]عهد ومصروفات بدر'!$T$8:$T$5007),0)) | O18: =IF($A18="","",N(M18)-N(N18)) | P18: 0 | Q18: =IF($A18="","",IFERROR(SUMPRODUCT(('[1]عهد ومصروفات بدر'!$H$8:$H$5007=$A18)*('[1]عهد ومصروفات بدر'!$S$8:$S$5007=5)*'[1]عهد ومصروفات بدر'!$T$8:$T$5007),0)) | R18: =IF($A18="","",N(P18)-N(Q18)) | S18: 18614.815 | T18: =IF($A18="","",IFERROR(SUMPRODUCT(('[1]عهد ومصروفات بدر'!$H$8:$H$5007=$A18)*('[1]عهد ومصروفات بدر'!$S$8:$S$5007=6)*'[1]عهد ومصروفات بدر'!$T$8:$T$5007),0)) | U18: =IF($A18="","",N(S18)-N(T18)) | V18: 31645.185 | W18: =IF($A18="","",IFERROR(SUMPRODUCT(('[1]عهد ومصروفات بدر'!$H$8:$H$5007=$A18)*('[1]عهد ومصروفات بدر'!$S$8:$S$5007=7)*'[1]عهد ومصروفات بدر'!$T$8:$T$5007),0)) | X18: =IF($A18="","",N(V18)-N(W18)) | Y18: 0 | Z18: =IF($A18="","",IFERROR(SUMPRODUCT(('[1]عهد ومصروفات بدر'!$H$8:$H$5007=$A18)*('[1]عهد ومصروفات بدر'!$S$8:$S$5007=8)*'[1]عهد ومصروفات بدر'!$T$8:$T$5007),0)) | AA18: =IF($A18="","",N(Y18)-N(Z18)) | AB18: 0 | AC18: =IF($A18="","",IFERROR(SUMPRODUCT(('[1]عهد ومصروفات بدر'!$H$8:$H$5007=$A18)*('[1]عهد ومصروفات بدر'!$S$8:$S$5007=9)*'[1]عهد ومصروفات بدر'!$T$8:$T$5007),0)) | AD18: =IF($A18="","",N(AB18)-N(AC18)) | AE18: 0 | AF18: =IF($A18="","",IFERROR(SUMPRODUCT(('[1]عهد ومصروفات بدر'!$H$8:$H$5007=$A18)*('[1]عهد ومصروفات بدر'!$S$8:$S$5007=10)*'[1]عهد ومصروفات بدر'!$T$8:$T$5007),0)) | AG18: =IF($A18="","",N(AE18)-N(AF18)) | AH18: 0 | AI18: =IF($A18="","",IFERROR(SUMPRODUCT(('[1]عهد ومصروفات بدر'!$H$8:$H$5007=$A18)*('[1]عهد ومصروفات بدر'!$S$8:$S$5007=11)*'[1]عهد ومصروفات بدر'!$T$8:$T$5007),0)) | AJ18: =IF($A18="","",N(AH18)-N(AI18)) | AK18: 0 | AL18: =IF($A18="","",IFERROR(SUMPRODUCT(('[1]عهد ومصروفات بدر'!$H$8:$H$5007=$A18)*('[1]عهد ومصروفات بدر'!$S$8:$S$5007=12)*'[1]عهد ومصروفات بدر'!$T$8:$T$5007),0)) | AM18: =IF($A18="","",N(AK18)-N(AL18)) | AN18: =IF(A18="","",N(D18)+N(G18)+N(J18)+N(M18)+N(P18)+N(S18)+N(V18)+N(Y18)+N(AB18)+N(AE18)+N(AH18)+N(AK18)) | AO18: =IF(A18="","",N(E18)+N(H18)+N(K18)+N(N18)+N(Q18)+N(T18)+N(W18)+N(Z18)+N(AC18)+N(AF18)+N(AI18)+N(AL18)) | AP18: =IF(A18="","",N(B18)-AO18) | AQ18: =IF(A18="",0,(N(F18)<0)+(N(I18)<0)+(N(L18)<0)+(N(O18)<0)+(N(R18)<0)+(N(U18)<0)+(N(X18)<0)+(N(AA18)<0)+(N(AD18)<0)+(N(AG18)<0)+(N(AJ18)<0)+(N(AM18)<0)) | AR18: =IF(A18="",0,MAX(0,-N(F18))+MAX(0,-N(I18))+MAX(0,-N(L18))+MAX(0,-N(O18))+MAX(0,-N(R18))+MAX(0,-N(U18))+MAX(0,-N(X18))+MAX(0,-N(AA18))+MAX(0,-N(AD18))+MAX(0,-N(AG18))+MAX(0,-N(AJ18))+MAX(0,-N(AM18))) | AS18: =IF(A18="",0,IF(OR(N(AP18)<0,AQ18>0),1,0)) | AT18: =AT17+AS18 | AU18: =IF(A18="",-1,N(AO18)+ROW()/10000000)
A19: التأمين على الطلاب والعاملين | B19: 43050 | C19: =IF(A19="","",N(B19)/12) | D19: 43050 | E19: =IF($A19="","",IFERROR(SUMPRODUCT(('[1]عهد ومصروفات بدر'!$H$8:$H$5007=$A19)*('[1]عهد ومصروفات بدر'!$S$8:$S$5007=1)*'[1]عهد ومصروفات بدر'!$T$8:$T$5007),0)) | F19: =IF($A19="","",N(D19)-N(E19)) | G19: 0 | H19: =IF($A19="","",IFERROR(SUMPRODUCT(('[1]عهد ومصروفات بدر'!$H$8:$H$5007=$A19)*('[1]عهد ومصروفات بدر'!$S$8:$S$5007=2)*'[1]عهد ومصروفات بدر'!$T$8:$T$5007),0)) | I19: =IF($A19="","",N(G19)-N(H19)) | J19: 0 | K19: =IF($A19="","",IFERROR(SUMPRODUCT(('[1]عهد ومصروفات بدر'!$H$8:$H$5007=$A19)*('[1]عهد ومصروفات بدر'!$S$8:$S$5007=3)*'[1]عهد ومصروفات بدر'!$T$8:$T$5007),0)) | L19: =IF($A19="","",N(J19)-N(K19)) | M19: 0 | N19: =IF($A19="","",IFERROR(SUMPRODUCT(('[1]عهد ومصروفات بدر'!$H$8:$H$5007=$A19)*('[1]عهد ومصروفات بدر'!$S$8:$S$5007=4)*'[1]عهد ومصروفات بدر'!$T$8:$T$5007),0)) | O19: =IF($A19="","",N(M19)-N(N19)) | P19: 0 | Q19: =IF($A19="","",IFERROR(SUMPRODUCT(('[1]عهد ومصروفات بدر'!$H$8:$H$5007=$A19)*('[1]عهد ومصروفات بدر'!$S$8:$S$5007=5)*'[1]عهد ومصروفات بدر'!$T$8:$T$5007),0)) | R19: =IF($A19="","",N(P19)-N(Q19)) | S19: 0 | T19: =IF($A19="","",IFERROR(SUMPRODUCT(('[1]عهد ومصروفات بدر'!$H$8:$H$5007=$A19)*('[1]عهد ومصروفات بدر'!$S$8:$S$5007=6)*'[1]عهد ومصروفات بدر'!$T$8:$T$5007),0)) | U19: =IF($A19="","",N(S19)-N(T19)) | V19: 0 | W19: =IF($A19="","",IFERROR(SUMPRODUCT(('[1]عهد ومصروفات بدر'!$H$8:$H$5007=$A19)*('[1]عهد ومصروفات بدر'!$S$8:$S$5007=7)*'[1]عهد ومصروفات بدر'!$T$8:$T$5007),0)) | X19: =IF($A19="","",N(V19)-N(W19)) | Y19: 0 | Z19: =IF($A19="","",IFERROR(SUMPRODUCT(('[1]عهد ومصروفات بدر'!$H$8:$H$5007=$A19)*('[1]عهد ومصروفات بدر'!$S$8:$S$5007=8)*'[1]عهد ومصروفات بدر'!$T$8:$T$5007),0)) | AA19: =IF($A19="","",N(Y19)-N(Z19)) | AB19: 0 | AC19: =IF($A19="","",IFERROR(SUMPRODUCT(('[1]عهد ومصروفات بدر'!$H$8:$H$5007=$A19)*('[1]عهد ومصروفات بدر'!$S$8:$S$5007=9)*'[1]عهد ومصروفات بدر'!$T$8:$T$5007),0)) | AD19: =IF($A19="","",N(AB19)-N(AC19)) | AE19: 0 | AF19: =IF($A19="","",IFERROR(SUMPRODUCT(('[1]عهد ومصروفات بدر'!$H$8:$H$5007=$A19)*('[1]عهد ومصروفات بدر'!$S$8:$S$5007=10)*'[1]عهد ومصروفات بدر'!$T$8:$T$5007),0)) | AG19: =IF($A19="","",N(AE19)-N(AF19)) | AH19: 0 | AI19: =IF($A19="","",IFERROR(SUMPRODUCT(('[1]عهد ومصروفات بدر'!$H$8:$H$5007=$A19)*('[1]عهد ومصروفات بدر'!$S$8:$S$5007=11)*'[1]عهد ومصروفات بدر'!$T$8:$T$5007),0)) | AJ19: =IF($A19="","",N(AH19)-N(AI19)) | AK19: 0 | AL19: =IF($A19="","",IFERROR(SUMPRODUCT(('[1]عهد ومصروفات بدر'!$H$8:$H$5007=$A19)*('[1]عهد ومصروفات بدر'!$S$8:$S$5007=12)*'[1]عهد ومصروفات بدر'!$T$8:$T$5007),0)) | AM19: =IF($A19="","",N(AK19)-N(AL19)) | AN19: =IF(A19="","",N(D19)+N(G19)+N(J19)+N(M19)+N(P19)+N(S19)+N(V19)+N(Y19)+N(AB19)+N(AE19)+N(AH19)+N(AK19)) | AO19: =IF(A19="","",N(E19)+N(H19)+N(K19)+N(N19)+N(Q19)+N(T19)+N(W19)+N(Z19)+N(AC19)+N(AF19)+N(AI19)+N(AL19)) | AP19: =IF(A19="","",N(B19)-AO19) | AQ19: =IF(A19="",0,(N(F19)<0)+(N(I19)<0)+(N(L19)<0)+(N(O19)<0)+(N(R19)<0)+(N(U19)<0)+(N(X19)<0)+(N(AA19)<0)+(N(AD19)<0)+(N(AG19)<0)+(N(AJ19)<0)+(N(AM19)<0)) | AR19: =IF(A19="",0,MAX(0,-N(F19))+MAX(0,-N(I19))+MAX(0,-N(L19))+MAX(0,-N(O19))+MAX(0,-N(R19))+MAX(0,-N(U19))+MAX(0,-N(X19))+MAX(0,-N(AA19))+MAX(0,-N(AD19))+MAX(0,-N(AG19))+MAX(0,-N(AJ19))+MAX(0,-N(AM19))) | AS19: =IF(A19="",0,IF(OR(N(AP19)<0,AQ19>0),1,0)) | AT19: =AT18+AS19 | AU19: =IF(A19="",-1,N(AO19)+ROW()/10000000)
A20: حافز برنامج المهارات الحياتية (سمات) | B20: 100000 | C20: =IF(A20="","",N(B20)/12) | D20: 10000 | E20: =IF($A20="","",IFERROR(SUMPRODUCT(('[1]عهد ومصروفات بدر'!$H$8:$H$5007=$A20)*('[1]عهد ومصروفات بدر'!$S$8:$S$5007=1)*'[1]عهد ومصروفات بدر'!$T$8:$T$5007),0)) | F20: =IF($A20="","",N(D20)-N(E20)) | G20: 10000 | H20: =IF($A20="","",IFERROR(SUMPRODUCT(('[1]عهد ومصروفات بدر'!$H$8:$H$5007=$A20)*('[1]عهد ومصروفات بدر'!$S$8:$S$5007=2)*'[1]عهد ومصروفات بدر'!$T$8:$T$5007),0)) | I20: =IF($A20="","",N(G20)-N(H20)) | J20: 10000 | K20: =IF($A20="","",IFERROR(SUMPRODUCT(('[1]عهد ومصروفات بدر'!$H$8:$H$5007=$A20)*('[1]عهد ومصروفات بدر'!$S$8:$S$5007=3)*'[1]عهد ومصروفات بدر'!$T$8:$T$5007),0)) | L20: =IF($A20="","",N(J20)-N(K20)) | M20: 10000 | N20: =IF($A20="","",IFERROR(SUMPRODUCT(('[1]عهد ومصروفات بدر'!$H$8:$H$5007=$A20)*('[1]عهد ومصروفات بدر'!$S$8:$S$5007=4)*'[1]عهد ومصروفات بدر'!$T$8:$T$5007),0)) | O20: =IF($A20="","",N(M20)-N(N20)) | P20: 15000 | Q20: =IF($A20="","",IFERROR(SUMPRODUCT(('[1]عهد ومصروفات بدر'!$H$8:$H$5007=$A20)*('[1]عهد ومصروفات بدر'!$S$8:$S$5007=5)*'[1]عهد ومصروفات بدر'!$T$8:$T$5007),0)) | R20: =IF($A20="","",N(P20)-N(Q20)) | S20: 15000 | T20: =IF($A20="","",IFERROR(SUMPRODUCT(('[1]عهد ومصروفات بدر'!$H$8:$H$5007=$A20)*('[1]عهد ومصروفات بدر'!$S$8:$S$5007=6)*'[1]عهد ومصروفات بدر'!$T$8:$T$5007),0)) | U20: =IF($A20="","",N(S20)-N(T20)) | V20: 15000 | W20: =IF($A20="","",IFERROR(SUMPRODUCT(('[1]عهد ومصروفات بدر'!$H$8:$H$5007=$A20)*('[1]عهد ومصروفات بدر'!$S$8:$S$5007=7)*'[1]عهد ومصروفات بدر'!$T$8:$T$5007),0)) | X20: =IF($A20="","",N(V20)-N(W20)) | Y20: 15000 | Z20: =IF($A20="","",IFERROR(SUMPRODUCT(('[1]عهد ومصروفات بدر'!$H$8:$H$5007=$A20)*('[1]عهد ومصروفات بدر'!$S$8:$S$5007=8)*'[1]عهد ومصروفات بدر'!$T$8:$T$5007),0)) | AA20: =IF($A20="","",N(Y20)-N(Z20)) | AB20: 0 | AC20: =IF($A20="","",IFERROR(SUMPRODUCT(('[1]عهد ومصروفات بدر'!$H$8:$H$5007=$A20)*('[1]عهد ومصروفات بدر'!$S$8:$S$5007=9)*'[1]عهد ومصروفات بدر'!$T$8:$T$5007),0)) | AD20: =IF($A20="","",N(AB20)-N(AC20)) | AE20: 0 | AF20: =IF($A20="","",IFERROR(SUMPRODUCT(('[1]عهد ومصروفات بدر'!$H$8:$H$5007=$A20)*('[1]عهد ومصروفات بدر'!$S$8:$S$5007=10)*'[1]عهد ومصروفات بدر'!$T$8:$T$5007),0)) | AG20: =IF($A20="","",N(AE20)-N(AF20)) | AH20: 0 | AI20: =IF($A20="","",IFERROR(SUMPRODUCT(('[1]عهد ومصروفات بدر'!$H$8:$H$5007=$A20)*('[1]عهد ومصروفات بدر'!$S$8:$S$5007=11)*'[1]عهد ومصروفات بدر'!$T$8:$T$5007),0)) | AJ20: =IF($A20="","",N(AH20)-N(AI20)) | AK20: 0 | AL20: =IF($A20="","",IFERROR(SUMPRODUCT(('[1]عهد ومصروفات بدر'!$H$8:$H$5007=$A20)*('[1]عهد ومصروفات بدر'!$S$8:$S$5007=12)*'[1]عهد ومصروفات بدر'!$T$8:$T$5007),0)) | AM20: =IF($A20="","",N(AK20)-N(AL20)) | AN20: =IF(A20="","",N(D20)+N(G20)+N(J20)+N(M20)+N(P20)+N(S20)+N(V20)+N(Y20)+N(AB20)+N(AE20)+N(AH20)+N(AK20)) | AO20: =IF(A20="","",N(E20)+N(H20)+N(K20)+N(N20)+N(Q20)+N(T20)+N(W20)+N(Z20)+N(AC20)+N(AF20)+N(AI20)+N(AL20)) | AP20: =IF(A20="","",N(B20)-AO20) | AQ20: =IF(A20="",0,(N(F20)<0)+(N(I20)<0)+(N(L20)<0)+(N(O20)<0)+(N(R20)<0)+(N(U20)<0)+(N(X20)<0)+(N(AA20)<0)+(N(AD20)<0)+(N(AG20)<0)+(N(AJ20)<0)+(N(AM20)<0)) | AR20: =IF(A20="",0,MAX(0,-N(F20))+MAX(0,-N(I20))+MAX(0,-N(L20))+MAX(0,-N(O20))+MAX(0,-N(R20))+MAX(0,-N(U20))+MAX(0,-N(X20))+MAX(0,-N(AA20))+MAX(0,-N(AD20))+MAX(0,-N(AG20))+MAX(0,-N(AJ20))+MAX(0,-N(AM20))) | AS20: =IF(A20="",0,IF(OR(N(AP20)<0,AQ20>0),1,0)) | AT20: =AT19+AS20 | AU20: =IF(A20="",-1,N(AO20)+ROW()/10000000)
... A39: تكلفة الاعتماد الدولى والمراجعة الخارجية | B39: 0 | C39: =IF(A39="","",N(B39)/12) | D39: 0 | E39: =IF($A39="","",IFERROR(SUMPRODUCT(('[1]عهد ومصروفات بدر'!$H$8:$H$5007=$A39)*('[1]عهد ومصروفات بدر'!$S$8:$S$5007=1)*'[1]عهد ومصروفات بدر'!$T$8:$T$5007),0)) | F39: =IF($A39="","",N(D39)-N(E39)) | G39: 0 | H39: =IF($A39="","",IFERROR(SUMPRODUCT(('[1]عهد ومصروفات بدر'!$H$8:$H$5007=$A39)*('[1]عهد ومصروفات بدر'!$S$8:$S$5007=2)*'[1]عهد ومصروفات بدر'!$T$8:$T$5007),0)) | I39: =IF($A39="","",N(G39)-N(H39)) | J39: 0 | K39: =IF($A39="","",IFERROR(SUMPRODUCT(('[1]عهد ومصروفات بدر'!$H$8:$H$5007=$A39)*('[1]عهد ومصروفات بدر'!$S$8:$S$5007=3)*'[1]عهد ومصروفات بدر'!$T$8:$T$5007),0)) | L39: =IF($A39="","",N(J39)-N(K39)) | M39: 0 | N39: =IF($A39="","",IFERROR(SUMPRODUCT(('[1]عهد ومصروفات بدر'!$H$8:$H$5007=$A39)*('[1]عهد ومصروفات بدر'!$S$8:$S$5007=4)*'[1]عهد ومصروفات بدر'!$T$8:$T$5007),0)) | O39: =IF($A39="","",N(M39)-N(N39)) | P39: 0 | Q39: =IF($A39="","",IFERROR(SUMPRODUCT(('[1]عهد ومصروفات بدر'!$H$8:$H$5007=$A39)*('[1]عهد ومصروفات بدر'!$S$8:$S$5007=5)*'[1]عهد ومصروفات بدر'!$T$8:$T$5007),0)) | R39: =IF($A39="","",N(P39)-N(Q39)) | S39: 0 | T39: =IF($A39="","",IFERROR(SUMPRODUCT(('[1]عهد ومصروفات بدر'!$H$8:$H$5007=$A39)*('[1]عهد ومصروفات بدر'!$S$8:$S$5007=6)*'[1]عهد ومصروفات بدر'!$T$8:$T$5007),0)) | U39: =IF($A39="","",N(S39)-N(T39)) | V39: 0 | W39: =IF($A39="","",IFERROR(SUMPRODUCT(('[1]عهد ومصروفات بدر'!$H$8:$H$5007=$A39)*('[1]عهد ومصروفات بدر'!$S$8:$S$5007=7)*'[1]عهد ومصروفات بدر'!$T$8:$T$5007),0)) | X39: =IF($A39="","",N(V39)-N(W39)) | Y39: 0 | Z39: =IF($A39="","",IFERROR(SUMPRODUCT(('[1]عهد ومصروفات بدر'!$H$8:$H$5007=$A39)*('[1]عهد ومصروفات بدر'!$S$8:$S$5007=8)*'[1]عهد ومصروفات بدر'!$T$8:$T$5007),0)) | AA39: =IF($A39="","",N(Y39)-N(Z39)) | AB39: 0 | AC39: =IF($A39="","",IFERROR(SUMPRODUCT(('[1]عهد ومصروفات بدر'!$H$8:$H$5007=$A39)*('[1]عهد ومصروفات بدر'!$S$8:$S$5007=9)*'[1]عهد ومصروفات بدر'!$T$8:$T$5007),0)) | AD39: =IF($A39="","",N(AB39)-N(AC39)) | AE39: 0 | AF39: =IF($A39="","",IFERROR(SUMPRODUCT(('[1]عهد ومصروفات بدر'!$H$8:$H$5007=$A39)*('[1]عهد ومصروفات بدر'!$S$8:$S$5007=10)*'[1]عهد ومصروفات بدر'!$T$8:$T$5007),0)) | AG39: =IF($A39="","",N(AE39)-N(AF39)) | AH39: 0 | AI39: =IF($A39="","",IFERROR(SUMPRODUCT(('[1]عهد ومصروفات بدر'!$H$8:$H$5007=$A39)*('[1]عهد ومصروفات بدر'!$S$8:$S$5007=11)*'[1]عهد ومصروفات بدر'!$T$8:$T$5007),0)) | AJ39: =IF($A39="","",N(AH39)-N(AI39)) | AK39: 0 | AL39: =IF($A39="","",IFERROR(SUMPRODUCT(('[1]عهد ومصروفات بدر'!$H$8:$H$5007=$A39)*('[1]عهد ومصروفات بدر'!$S$8:$S$5007=12)*'[1]عهد ومصروفات بدر'!$T$8:$T$5007),0)) | AM39: =IF($A39="","",N(AK39)-N(AL39)) | AN39: =IF(A39="","",N(D39)+N(G39)+N(J39)+N(M39)+N(P39)+N(S39)+N(V39)+N(Y39)+N(AB39)+N(AE39)+N(AH39)+N(AK39)) | AO39: =IF(A39="","",N(E39)+N(H39)+N(K39)+N(N39)+N(Q39)+N(T39)+N(W39)+N(Z39)+N(AC39)+N(AF39)+N(AI39)+N(AL39)) | AP39: =IF(A39="","",N(B39)-AO39) | AQ39: =IF(A39="",0,(N(F39)<0)+(N(I39)<0)+(N(L39)<0)+(N(O39)<0)+(N(R39)<0)+(N(U39)<0)+(N(X39)<0)+(N(AA39)<0)+(N(AD39)<0)+(N(AG39)<0)+(N(AJ39)<0)+(N(AM39)<0)) | AR39: =IF(A39="",0,MAX(0,-N(F39))+MAX(0,-N(I39))+MAX(0,-N(L39))+MAX(0,-N(O39))+MAX(0,-N(R39))+MAX(0,-N(U39))+MAX(0,-N(X39))+MAX(0,-N(AA39))+MAX(0,-N(AD39))+MAX(0,-N(AG39))+MAX(0,-N(AJ39))+MAX(0,-N(AM39))) | AS39: =IF(A39="",0,IF(OR(N(AP39)<0,AQ39>0),1,0)) | AT39: =AT38+AS39 | AU39: =IF(A39="",-1,N(AO39)+ROW()/10000000)
C40: =IF(A40="","",N(B40)/12) | E40: =IF($A40="","",IFERROR(SUMPRODUCT(('[1]عهد ومصروفات بدر'!$H$8:$H$5007=$A40)*('[1]عهد ومصروفات بدر'!$S$8:$S$5007=1)*'[1]عهد ومصروفات بدر'!$T$8:$T$5007),0)) | F40: =IF($A40="","",N(D40)-N(E40)) | H40: =IF($A40="","",IFERROR(SUMPRODUCT(('[1]عهد ومصروفات بدر'!$H$8:$H$5007=$A40)*('[1]عهد ومصروفات بدر'!$S$8:$S$5007=2)*'[1]عهد ومصروفات بدر'!$T$8:$T$5007),0)) | I40: =IF($A40="","",N(G40)-N(H40)) | K40: =IF($A40="","",IFERROR(SUMPRODUCT(('[1]عهد ومصروفات بدر'!$H$8:$H$5007=$A40)*('[1]عهد ومصروفات بدر'!$S$8:$S$5007=3)*'[1]عهد ومصروفات بدر'!$T$8:$T$5007),0)) | L40: =IF($A40="","",N(J40)-N(K40)) | N40: =IF($A40="","",IFERROR(SUMPRODUCT(('[1]عهد ومصروفات بدر'!$H$8:$H$5007=$A40)*('[1]عهد ومصروفات بدر'!$S$8:$S$5007=4)*'[1]عهد ومصروفات بدر'!$T$8:$T$5007),0)) | O40: =IF($A40="","",N(M40)-N(N40)) | Q40: =IF($A40="","",IFERROR(SUMPRODUCT(('[1]عهد ومصروفات بدر'!$H$8:$H$5007=$A40)*('[1]عهد ومصروفات بدر'!$S$8:$S$5007=5)*'[1]عهد ومصروفات بدر'!$T$8:$T$5007),0)) | R40: =IF($A40="","",N(P40)-N(Q40)) | T40: =IF($A40="","",IFERROR(SUMPRODUCT(('[1]عهد ومصروفات بدر'!$H$8:$H$5007=$A40)*('[1]عهد ومصروفات بدر'!$S$8:$S$5007=6)*'[1]عهد ومصروفات بدر'!$T$8:$T$5007),0)) | U40: =IF($A40="","",N(S40)-N(T40)) | W40: =IF($A40="","",IFERROR(SUMPRODUCT(('[1]عهد ومصروفات بدر'!$H$8:$H$5007=$A40)*('[1]عهد ومصروفات بدر'!$S$8:$S$5007=7)*'[1]عهد ومصروفات بدر'!$T$8:$T$5007),0)) | X40: =IF($A40="","",N(V40)-N(W40)) | Z40: =IF($A40="","",IFERROR(SUMPRODUCT(('[1]عهد ومصروفات بدر'!$H$8:$H$5007=$A40)*('[1]عهد ومصروفات بدر'!$S$8:$S$5007=8)*'[1]عهد ومصروفات بدر'!$T$8:$T$5007),0)) | AA40: =IF($A40="","",N(Y40)-N(Z40)) | AC40: =IF($A40="","",IFERROR(SUMPRODUCT(('[1]عهد ومصروفات بدر'!$H$8:$H$5007=$A40)*('[1]عهد ومصروفات بدر'!$S$8:$S$5007=9)*'[1]عهد ومصروفات بدر'!$T$8:$T$5007),0)) | AD40: =IF($A40="","",N(AB40)-N(AC40)) | AF40: =IF($A40="","",IFERROR(SUMPRODUCT(('[1]عهد ومصروفات بدر'!$H$8:$H$5007=$A40)*('[1]عهد ومصروفات بدر'!$S$8:$S$5007=10)*'[1]عهد ومصروفات بدر'!$T$8:$T$5007),0)) | AG40: =IF($A40="","",N(AE40)-N(AF40)) | AI40: =IF($A40="","",IFERROR(SUMPRODUCT(('[1]عهد ومصروفات بدر'!$H$8:$H$5007=$A40)*('[1]عهد ومصروفات بدر'!$S$8:$S$5007=11)*'[1]عهد ومصروفات بدر'!$T$8:$T$5007),0)) | AJ40: =IF($A40="","",N(AH40)-N(AI40)) | AL40: =IF($A40="","",IFERROR(SUMPRODUCT(('[1]عهد ومصروفات بدر'!$H$8:$H$5007=$A40)*('[1]عهد ومصروفات بدر'!$S$8:$S$5007=12)*'[1]عهد ومصروفات بدر'!$T$8:$T$5007),0)) | AM40: =IF($A40="","",N(AK40)-N(AL40)) | AN40: =IF(A40="","",N(D40)+N(G40)+N(J40)+N(M40)+N(P40)+N(S40)+N(V40)+N(Y40)+N(AB40)+N(AE40)+N(AH40)+N(AK40)) | AO40: =IF(A40="","",N(E40)+N(H40)+N(K40)+N(N40)+N(Q40)+N(T40)+N(W40)+N(Z40)+N(AC40)+N(AF40)+N(AI40)+N(AL40)) | AP40: =IF(A40="","",N(B40)-AO40) | AQ40: =IF(A40="",0,(N(F40)<0)+(N(I40)<0)+(N(L40)<0)+(N(O40)<0)+(N(R40)<0)+(N(U40)<0)+(N(X40)<0)+(N(AA40)<0)+(N(AD40)<0)+(N(AG40)<0)+(N(AJ40)<0)+(N(AM40)<0)) | AR40: =IF(A40="",0,MAX(0,-N(F40))+MAX(0,-N(I40))+MAX(0,-N(L40))+MAX(0,-N(O40))+MAX(0,-N(R40))+MAX(0,-N(U40))+MAX(0,-N(X40))+MAX(0,-N(AA40))+MAX(0,-N(AD40))+MAX(0,-N(AG40))+MAX(0,-N(AJ40))+MAX(0,-N(AM40))) | AS40: =IF(A40="",0,IF(OR(N(AP40)<0,AQ40>0),1,0)) | AT40: =AT39+AS40 | AU40: =IF(A40="",-1,N(AO40)+ROW()/10000000)
C41: =IF(A41="","",N(B41)/12) | E41: =IF($A41="","",IFERROR(SUMPRODUCT(('[1]عهد ومصروفات بدر'!$H$8:$H$5007=$A41)*('[1]عهد ومصروفات بدر'!$S$8:$S$5007=1)*'[1]عهد ومصروفات بدر'!$T$8:$T$5007),0)) | F41: =IF($A41="","",N(D41)-N(E41)) | H41: =IF($A41="","",IFERROR(SUMPRODUCT(('[1]عهد ومصروفات بدر'!$H$8:$H$5007=$A41)*('[1]عهد ومصروفات بدر'!$S$8:$S$5007=2)*'[1]عهد ومصروفات بدر'!$T$8:$T$5007),0)) | I41: =IF($A41="","",N(G41)-N(H41)) | K41: =IF($A41="","",IFERROR(SUMPRODUCT(('[1]عهد ومصروفات بدر'!$H$8:$H$5007=$A41)*('[1]عهد ومصروفات بدر'!$S$8:$S$5007=3)*'[1]عهد ومصروفات بدر'!$T$8:$T$5007),0)) | L41: =IF($A41="","",N(J41)-N(K41)) | N41: =IF($A41="","",IFERROR(SUMPRODUCT(('[1]عهد ومصروفات بدر'!$H$8:$H$5007=$A41)*('[1]عهد ومصروفات بدر'!$S$8:$S$5007=4)*'[1]عهد ومصروفات بدر'!$T$8:$T$5007),0)) | O41: =IF($A41="","",N(M41)-N(N41)) | Q41: =IF($A41="","",IFERROR(SUMPRODUCT(('[1]عهد ومصروفات بدر'!$H$8:$H$5007=$A41)*('[1]عهد ومصروفات بدر'!$S$8:$S$5007=5)*'[1]عهد ومصروفات بدر'!$T$8:$T$5007),0)) | R41: =IF($A41="","",N(P41)-N(Q41)) | T41: =IF($A41="","",IFERROR(SUMPRODUCT(('[1]عهد ومصروفات بدر'!$H$8:$H$5007=$A41)*('[1]عهد ومصروفات بدر'!$S$8:$S$5007=6)*'[1]عهد ومصروفات بدر'!$T$8:$T$5007),0)) | U41: =IF($A41="","",N(S41)-N(T41)) | W41: =IF($A41="","",IFERROR(SUMPRODUCT(('[1]عهد ومصروفات بدر'!$H$8:$H$5007=$A41)*('[1]عهد ومصروفات بدر'!$S$8:$S$5007=7)*'[1]عهد ومصروفات بدر'!$T$8:$T$5007),0)) | X41: =IF($A41="","",N(V41)-N(W41)) | Z41: =IF($A41="","",IFERROR(SUMPRODUCT(('[1]عهد ومصروفات بدر'!$H$8:$H$5007=$A41)*('[1]عهد ومصروفات بدر'!$S$8:$S$5007=8)*'[1]عهد ومصروفات بدر'!$T$8:$T$5007),0)) | AA41: =IF($A41="","",N(Y41)-N(Z41)) | AC41: =IF($A41="","",IFERROR(SUMPRODUCT(('[1]عهد ومصروفات بدر'!$H$8:$H$5007=$A41)*('[1]عهد ومصروفات بدر'!$S$8:$S$5007=9)*'[1]عهد ومصروفات بدر'!$T$8:$T$5007),0)) | AD41: =IF($A41="","",N(AB41)-N(AC41)) | AF41: =IF($A41="","",IFERROR(SUMPRODUCT(('[1]عهد ومصروفات بدر'!$H$8:$H$5007=$A41)*('[1]عهد ومصروفات بدر'!$S$8:$S$5007=10)*'[1]عهد ومصروفات بدر'!$T$8:$T$5007),0)) | AG41: =IF($A41="","",N(AE41)-N(AF41)) | AI41: =IF($A41="","",IFERROR(SUMPRODUCT(('[1]عهد ومصروفات بدر'!$H$8:$H$5007=$A41)*('[1]عهد ومصروفات بدر'!$S$8:$S$5007=11)*'[1]عهد ومصروفات بدر'!$T$8:$T$5007),0)) | AJ41: =IF($A41="","",N(AH41)-N(AI41)) | AL41: =IF($A41="","",IFERROR(SUMPRODUCT(('[1]عهد ومصروفات بدر'!$H$8:$H$5007=$A41)*('[1]عهد ومصروفات بدر'!$S$8:$S$5007=12)*'[1]عهد ومصروفات بدر'!$T$8:$T$5007),0)) | AM41: =IF($A41="","",N(AK41)-N(AL41)) | AN41: =IF(A41="","",N(D41)+N(G41)+N(J41)+N(M41)+N(P41)+N(S41)+N(V41)+N(Y41)+N(AB41)+N(AE41)+N(AH41)+N(AK41)) | AO41: =IF(A41="","",N(E41)+N(H41)+N(K41)+N(N41)+N(Q41)+N(T41)+N(W41)+N(Z41)+N(AC41)+N(AF41)+N(AI41)+N(AL41)) | AP41: =IF(A41="","",N(B41)-AO41) | AQ41: =IF(A41="",0,(N(F41)<0)+(N(I41)<0)+(N(L41)<0)+(N(O41)<0)+(N(R41)<0)+(N(U41)<0)+(N(X41)<0)+(N(AA41)<0)+(N(AD41)<0)+(N(AG41)<0)+(N(AJ41)<0)+(N(AM41)<0)) | AR41: =IF(A41="",0,MAX(0,-N(F41))+MAX(0,-N(I41))+MAX(0,-N(L41))+MAX(0,-N(O41))+MAX(0,-N(R41))+MAX(0,-N(U41))+MAX(0,-N(X41))+MAX(0,-N(AA41))+MAX(0,-N(AD41))+MAX(0,-N(AG41))+MAX(0,-N(AJ41))+MAX(0,-N(AM41))) | AS41: =IF(A41="",0,IF(OR(N(AP41)<0,AQ41>0),1,0)) | AT41: =AT40+AS41 | AU41: =IF(A41="",-1,N(AO41)+ROW()/10000000)
C42: =IF(A42="","",N(B42)/12) | E42: =IF($A42="","",IFERROR(SUMPRODUCT(('[1]عهد ومصروفات بدر'!$H$8:$H$5007=$A42)*('[1]عهد ومصروفات بدر'!$S$8:$S$5007=1)*'[1]عهد ومصروفات بدر'!$T$8:$T$5007),0)) | F42: =IF($A42="","",N(D42)-N(E42)) | H42: =IF($A42="","",IFERROR(SUMPRODUCT(('[1]عهد ومصروفات بدر'!$H$8:$H$5007=$A42)*('[1]عهد ومصروفات بدر'!$S$8:$S$5007=2)*'[1]عهد ومصروفات بدر'!$T$8:$T$5007),0)) | I42: =IF($A42="","",N(G42)-N(H42)) | K42: =IF($A42="","",IFERROR(SUMPRODUCT(('[1]عهد ومصروفات بدر'!$H$8:$H$5007=$A42)*('[1]عهد ومصروفات بدر'!$S$8:$S$5007=3)*'[1]عهد ومصروفات بدر'!$T$8:$T$5007),0)) | L42: =IF($A42="","",N(J42)-N(K42)) | N42: =IF($A42="","",IFERROR(SUMPRODUCT(('[1]عهد ومصروفات بدر'!$H$8:$H$5007=$A42)*('[1]عهد ومصروفات بدر'!$S$8:$S$5007=4)*'[1]عهد ومصروفات بدر'!$T$8:$T$5007),0)) | O42: =IF($A42="","",N(M42)-N(N42)) | Q42: =IF($A42="","",IFERROR(SUMPRODUCT(('[1]عهد ومصروفات بدر'!$H$8:$H$5007=$A42)*('[1]عهد ومصروفات بدر'!$S$8:$S$5007=5)*'[1]عهد ومصروفات بدر'!$T$8:$T$5007),0)) | R42: =IF($A42="","",N(P42)-N(Q42)) | T42: =IF($A42="","",IFERROR(SUMPRODUCT(('[1]عهد ومصروفات بدر'!$H$8:$H$5007=$A42)*('[1]عهد ومصروفات بدر'!$S$8:$S$5007=6)*'[1]عهد ومصروفات بدر'!$T$8:$T$5007),0)) | U42: =IF($A42="","",N(S42)-N(T42)) | W42: =IF($A42="","",IFERROR(SUMPRODUCT(('[1]عهد ومصروفات بدر'!$H$8:$H$5007=$A42)*('[1]عهد ومصروفات بدر'!$S$8:$S$5007=7)*'[1]عهد ومصروفات بدر'!$T$8:$T$5007),0)) | X42: =IF($A42="","",N(V42)-N(W42)) | Z42: =IF($A42="","",IFERROR(SUMPRODUCT(('[1]عهد ومصروفات بدر'!$H$8:$H$5007=$A42)*('[1]عهد ومصروفات بدر'!$S$8:$S$5007=8)*'[1]عهد ومصروفات بدر'!$T$8:$T$5007),0)) | AA42: =IF($A42="","",N(Y42)-N(Z42)) | AC42: =IF($A42="","",IFERROR(SUMPRODUCT(('[1]عهد ومصروفات بدر'!$H$8:$H$5007=$A42)*('[1]عهد ومصروفات بدر'!$S$8:$S$5007=9)*'[1]عهد ومصروفات بدر'!$T$8:$T$5007),0)) | AD42: =IF($A42="","",N(AB42)-N(AC42)) | AF42: =IF($A42="","",IFERROR(SUMPRODUCT(('[1]عهد ومصروفات بدر'!$H$8:$H$5007=$A42)*('[1]عهد ومصروفات بدر'!$S$8:$S$5007=10)*'[1]عهد ومصروفات بدر'!$T$8:$T$5007),0)) | AG42: =IF($A42="","",N(AE42)-N(AF42)) | AI42: =IF($A42="","",IFERROR(SUMPRODUCT(('[1]عهد ومصروفات بدر'!$H$8:$H$5007=$A42)*('[1]عهد ومصروفات بدر'!$S$8:$S$5007=11)*'[1]عهد ومصروفات بدر'!$T$8:$T$5007),0)) | AJ42: =IF($A42="","",N(AH42)-N(AI42)) | AL42: =IF($A42="","",IFERROR(SUMPRODUCT(('[1]عهد ومصروفات بدر'!$H$8:$H$5007=$A42)*('[1]عهد ومصروفات بدر'!$S$8:$S$5007=12)*'[1]عهد ومصروفات بدر'!$T$8:$T$5007),0)) | AM42: =IF($A42="","",N(AK42)-N(AL42)) | AN42: =IF(A42="","",N(D42)+N(G42)+N(J42)+N(M42)+N(P42)+N(S42)+N(V42)+N(Y42)+N(AB42)+N(AE42)+N(AH42)+N(AK42)) | AO42: =IF(A42="","",N(E42)+N(H42)+N(K42)+N(N42)+N(Q42)+N(T42)+N(W42)+N(Z42)+N(AC42)+N(AF42)+N(AI42)+N(AL42)) | AP42: =IF(A42="","",N(B42)-AO42) | AQ42: =IF(A42="",0,(N(F42)<0)+(N(I42)<0)+(N(L42)<0)+(N(O42)<0)+(N(R42)<0)+(N(U42)<0)+(N(X42)<0)+(N(AA42)<0)+(N(AD42)<0)+(N(AG42)<0)+(N(AJ42)<0)+(N(AM42)<0)) | AR42: =IF(A42="",0,MAX(0,-N(F42))+MAX(0,-N(I42))+MAX(0,-N(L42))+MAX(0,-N(O42))+MAX(0,-N(R42))+MAX(0,-N(U42))+MAX(0,-N(X42))+MAX(0,-N(AA42))+MAX(0,-N(AD42))+MAX(0,-N(AG42))+MAX(0,-N(AJ42))+MAX(0,-N(AM42))) | AS42: =IF(A42="",0,IF(OR(N(AP42)<0,AQ42>0),1,0)) | AT42: =AT41+AS42 | AU42: =IF(A42="",-1,N(AO42)+ROW()/10000000)
C43: =IF(A43="","",N(B43)/12) | E43: =IF($A43="","",IFERROR(SUMPRODUCT(('[1]عهد ومصروفات بدر'!$H$8:$H$5007=$A43)*('[1]عهد ومصروفات بدر'!$S$8:$S$5007=1)*'[1]عهد ومصروفات بدر'!$T$8:$T$5007),0)) | F43: =IF($A43="","",N(D43)-N(E43)) | H43: =IF($A43="","",IFERROR(SUMPRODUCT(('[1]عهد ومصروفات بدر'!$H$8:$H$5007=$A43)*('[1]عهد ومصروفات بدر'!$S$8:$S$5007=2)*'[1]عهد ومصروفات بدر'!$T$8:$T$5007),0)) | I43: =IF($A43="","",N(G43)-N(H43)) | K43: =IF($A43="","",IFERROR(SUMPRODUCT(('[1]عهد ومصروفات بدر'!$H$8:$H$5007=$A43)*('[1]عهد ومصروفات بدر'!$S$8:$S$5007=3)*'[1]عهد ومصروفات بدر'!$T$8:$T$5007),0)) | L43: =IF($A43="","",N(J43)-N(K43)) | N43: =IF($A43="","",IFERROR(SUMPRODUCT(('[1]عهد ومصروفات بدر'!$H$8:$H$5007=$A43)*('[1]عهد ومصروفات بدر'!$S$8:$S$5007=4)*'[1]عهد ومصروفات بدر'!$T$8:$T$5007),0)) | O43: =IF($A43="","",N(M43)-N(N43)) | Q43: =IF($A43="","",IFERROR(SUMPRODUCT(('[1]عهد ومصروفات بدر'!$H$8:$H$5007=$A43)*('[1]عهد ومصروفات بدر'!$S$8:$S$5007=5)*'[1]عهد ومصروفات بدر'!$T$8:$T$5007),0)) | R43: =IF($A43="","",N(P43)-N(Q43)) | T43: =IF($A43="","",IFERROR(SUMPRODUCT(('[1]عهد ومصروفات بدر'!$H$8:$H$5007=$A43)*('[1]عهد ومصروفات بدر'!$S$8:$S$5007=6)*'[1]عهد ومصروفات بدر'!$T$8:$T$5007),0)) | U43: =IF($A43="","",N(S43)-N(T43)) | W43: =IF($A43="","",IFERROR(SUMPRODUCT(('[1]عهد ومصروفات بدر'!$H$8:$H$5007=$A43)*('[1]عهد ومصروفات بدر'!$S$8:$S$5007=7)*'[1]عهد ومصروفات بدر'!$T$8:$T$5007),0)) | X43: =IF($A43="","",N(V43)-N(W43)) | Z43: =IF($A43="","",IFERROR(SUMPRODUCT(('[1]عهد ومصروفات بدر'!$H$8:$H$5007=$A43)*('[1]عهد ومصروفات بدر'!$S$8:$S$5007=8)*'[1]عهد ومصروفات بدر'!$T$8:$T$5007),0)) | AA43: =IF($A43="","",N(Y43)-N(Z43)) | AC43: =IF($A43="","",IFERROR(SUMPRODUCT(('[1]عهد ومصروفات بدر'!$H$8:$H$5007=$A43)*('[1]عهد ومصروفات بدر'!$S$8:$S$5007=9)*'[1]عهد ومصروفات بدر'!$T$8:$T$5007),0)) | AD43: =IF($A43="","",N(AB43)-N(AC43)) | AF43: =IF($A43="","",IFERROR(SUMPRODUCT(('[1]عهد ومصروفات بدر'!$H$8:$H$5007=$A43)*('[1]عهد ومصروفات بدر'!$S$8:$S$5007=10)*'[1]عهد ومصروفات بدر'!$T$8:$T$5007),0)) | AG43: =IF($A43="","",N(AE43)-N(AF43)) | AI43: =IF($A43="","",IFERROR(SUMPRODUCT(('[1]عهد ومصروفات بدر'!$H$8:$H$5007=$A43)*('[1]عهد ومصروفات بدر'!$S$8:$S$5007=11)*'[1]عهد ومصروفات بدر'!$T$8:$T$5007),0)) | AJ43: =IF($A43="","",N(AH43)-N(AI43)) | AL43: =IF($A43="","",IFERROR(SUMPRODUCT(('[1]عهد ومصروفات بدر'!$H$8:$H$5007=$A43)*('[1]عهد ومصروفات بدر'!$S$8:$S$5007=12)*'[1]عهد ومصروفات بدر'!$T$8:$T$5007),0)) | AM43: =IF($A43="","",N(AK43)-N(AL43)) | AN43: =IF(A43="","",N(D43)+N(G43)+N(J43)+N(M43)+N(P43)+N(S43)+N(V43)+N(Y43)+N(AB43)+N(AE43)+N(AH43)+N(AK43)) | AO43: =IF(A43="","",N(E43)+N(H43)+N(K43)+N(N43)+N(Q43)+N(T43)+N(W43)+N(Z43)+N(AC43)+N(AF43)+N(AI43)+N(AL43)) | AP43: =IF(A43="","",N(B43)-AO43) | AQ43: =IF(A43="",0,(N(F43)<0)+(N(I43)<0)+(N(L43)<0)+(N(O43)<0)+(N(R43)<0)+(N(U43)<0)+(N(X43)<0)+(N(AA43)<0)+(N(AD43)<0)+(N(AG43)<0)+(N(AJ43)<0)+(N(AM43)<0)) | AR43: =IF(A43="",0,MAX(0,-N(F43))+MAX(0,-N(I43))+MAX(0,-N(L43))+MAX(0,-N(O43))+MAX(0,-N(R43))+MAX(0,-N(U43))+MAX(0,-N(X43))+MAX(0,-N(AA43))+MAX(0,-N(AD43))+MAX(0,-N(AG43))+MAX(0,-N(AJ43))+MAX(0,-N(AM43))) | AS43: =IF(A43="",0,IF(OR(N(AP43)<0,AQ43>0),1,0)) | AT43: =AT42+AS43 | AU43: =IF(A43="",-1,N(AO43)+ROW()/10000000)
C44: =IF(A44="","",N(B44)/12) | E44: =IF($A44="","",IFERROR(SUMPRODUCT(('[1]عهد ومصروفات بدر'!$H$8:$H$5007=$A44)*('[1]عهد ومصروفات بدر'!$S$8:$S$5007=1)*'[1]عهد ومصروفات بدر'!$T$8:$T$5007),0)) | F44: =IF($A44="","",N(D44)-N(E44)) | H44: =IF($A44="","",IFERROR(SUMPRODUCT(('[1]عهد ومصروفات بدر'!$H$8:$H$5007=$A44)*('[1]عهد ومصروفات بدر'!$S$8:$S$5007=2)*'[1]عهد ومصروفات بدر'!$T$8:$T$5007),0)) | I44: =IF($A44="","",N(G44)-N(H44)) | K44: =IF($A44="","",IFERROR(SUMPRODUCT(('[1]عهد ومصروفات بدر'!$H$8:$H$5007=$A44)*('[1]عهد ومصروفات بدر'!$S$8:$S$5007=3)*'[1]عهد ومصروفات بدر'!$T$8:$T$5007),0)) | L44: =IF($A44="","",N(J44)-N(K44)) | N44: =IF($A44="","",IFERROR(SUMPRODUCT(('[1]عهد ومصروفات بدر'!$H$8:$H$5007=$A44)*('[1]عهد ومصروفات بدر'!$S$8:$S$5007=4)*'[1]عهد ومصروفات بدر'!$T$8:$T$5007),0)) | O44: =IF($A44="","",N(M44)-N(N44)) | Q44: =IF($A44="","",IFERROR(SUMPRODUCT(('[1]عهد ومصروفات بدر'!$H$8:$H$5007=$A44)*('[1]عهد ومصروفات بدر'!$S$8:$S$5007=5)*'[1]عهد ومصروفات بدر'!$T$8:$T$5007),0)) | R44: =IF($A44="","",N(P44)-N(Q44)) | T44: =IF($A44="","",IFERROR(SUMPRODUCT(('[1]عهد ومصروفات بدر'!$H$8:$H$5007=$A44)*('[1]عهد ومصروفات بدر'!$S$8:$S$5007=6)*'[1]عهد ومصروفات بدر'!$T$8:$T$5007),0)) | U44: =IF($A44="","",N(S44)-N(T44)) | W44: =IF($A44="","",IFERROR(SUMPRODUCT(('[1]عهد ومصروفات بدر'!$H$8:$H$5007=$A44)*('[1]عهد ومصروفات بدر'!$S$8:$S$5007=7)*'[1]عهد ومصروفات بدر'!$T$8:$T$5007),0)) | X44: =IF($A44="","",N(V44)-N(W44)) | Z44: =IF($A44="","",IFERROR(SUMPRODUCT(('[1]عهد ومصروفات بدر'!$H$8:$H$5007=$A44)*('[1]عهد ومصروفات بدر'!$S$8:$S$5007=8)*'[1]عهد ومصروفات بدر'!$T$8:$T$5007),0)) | AA44: =IF($A44="","",N(Y44)-N(Z44)) | AC44: =IF($A44="","",IFERROR(SUMPRODUCT(('[1]عهد ومصروفات بدر'!$H$8:$H$5007=$A44)*('[1]عهد ومصروفات بدر'!$S$8:$S$5007=9)*'[1]عهد ومصروفات بدر'!$T$8:$T$5007),0)) | AD44: =IF($A44="","",N(AB44)-N(AC44)) | AF44: =IF($A44="","",IFERROR(SUMPRODUCT(('[1]عهد ومصروفات بدر'!$H$8:$H$5007=$A44)*('[1]عهد ومصروفات بدر'!$S$8:$S$5007=10)*'[1]عهد ومصروفات بدر'!$T$8:$T$5007),0)) | AG44: =IF($A44="","",N(AE44)-N(AF44)) | AI44: =IF($A44="","",IFERROR(SUMPRODUCT(('[1]عهد ومصروفات بدر'!$H$8:$H$5007=$A44)*('[1]عهد ومصروفات بدر'!$S$8:$S$5007=11)*'[1]عهد ومصروفات بدر'!$T$8:$T$5007),0)) | AJ44: =IF($A44="","",N(AH44)-N(AI44)) | AL44: =IF($A44="","",IFERROR(SUMPRODUCT(('[1]عهد ومصروفات بدر'!$H$8:$H$5007=$A44)*('[1]عهد ومصروفات بدر'!$S$8:$S$5007=12)*'[1]عهد ومصروفات بدر'!$T$8:$T$5007),0)) | AM44: =IF($A44="","",N(AK44)-N(AL44)) | AN44: =IF(A44="","",N(D44)+N(G44)+N(J44)+N(M44)+N(P44)+N(S44)+N(V44)+N(Y44)+N(AB44)+N(AE44)+N(AH44)+N(AK44)) | AO44: =IF(A44="","",N(E44)+N(H44)+N(K44)+N(N44)+N(Q44)+N(T44)+N(W44)+N(Z44)+N(AC44)+N(AF44)+N(AI44)+N(AL44)) | AP44: =IF(A44="","",N(B44)-AO44) | AQ44: =IF(A44="",0,(N(F44)<0)+(N(I44)<0)+(N(L44)<0)+(N(O44)<0)+(N(R44)<0)+(N(U44)<0)+(N(X44)<0)+(N(AA44)<0)+(N(AD44)<0)+(N(AG44)<0)+(N(AJ44)<0)+(N(AM44)<0)) | AR44: =IF(A44="",0,MAX(0,-N(F44))+MAX(0,-N(I44))+MAX(0,-N(L44))+MAX(0,-N(O44))+MAX(0,-N(R44))+MAX(0,-N(U44))+MAX(0,-N(X44))+MAX(0,-N(AA44))+MAX(0,-N(AD44))+MAX(0,-N(AG44))+MAX(0,-N(AJ44))+MAX(0,-N(AM44))) | AS44: =IF(A44="",0,IF(OR(N(AP44)<0,AQ44>0),1,0)) | AT44: =AT43+AS44 | AU44: =IF(A44="",-1,N(AO44)+ROW()/10000000)
C45: =IF(A45="","",N(B45)/12) | E45: =IF($A45="","",IFERROR(SUMPRODUCT(('[1]عهد ومصروفات بدر'!$H$8:$H$5007=$A45)*('[1]عهد ومصروفات بدر'!$S$8:$S$5007=1)*'[1]عهد ومصروفات بدر'!$T$8:$T$5007),0)) | F45: =IF($A45="","",N(D45)-N(E45)) | H45: =IF($A45="","",IFERROR(SUMPRODUCT(('[1]عهد ومصروفات بدر'!$H$8:$H$5007=$A45)*('[1]عهد ومصروفات بدر'!$S$8:$S$5007=2)*'[1]عهد ومصروفات بدر'!$T$8:$T$5007),0)) | I45: =IF($A45="","",N(G45)-N(H45)) | K45: =IF($A45="","",IFERROR(SUMPRODUCT(('[1]عهد ومصروفات بدر'!$H$8:$H$5007=$A45)*('[1]عهد ومصروفات بدر'!$S$8:$S$5007=3)*'[1]عهد ومصروفات بدر'!$T$8:$T$5007),0)) | L45: =IF($A45="","",N(J45)-N(K45)) | N45: =IF($A45="","",IFERROR(SUMPRODUCT(('[1]عهد ومصروفات بدر'!$H$8:$H$5007=$A45)*('[1]عهد ومصروفات بدر'!$S$8:$S$5007=4)*'[1]عهد ومصروفات بدر'!$T$8:$T$5007),0)) | O45: =IF($A45="","",N(M45)-N(N45)) | Q45: =IF($A45="","",IFERROR(SUMPRODUCT(('[1]عهد ومصروفات بدر'!$H$8:$H$5007=$A45)*('[1]عهد ومصروفات بدر'!$S$8:$S$5007=5)*'[1]عهد ومصروفات بدر'!$T$8:$T$5007),0)) | R45: =IF($A45="","",N(P45)-N(Q45)) | T45: =IF($A45="","",IFERROR(SUMPRODUCT(('[1]عهد ومصروفات بدر'!$H$8:$H$5007=$A45)*('[1]عهد ومصروفات بدر'!$S$8:$S$5007=6)*'[1]عهد ومصروفات بدر'!$T$8:$T$5007),0)) | U45: =IF($A45="","",N(S45)-N(T45)) | W45: =IF($A45="","",IFERROR(SUMPRODUCT(('[1]عهد ومصروفات بدر'!$H$8:$H$5007=$A45)*('[1]عهد ومصروفات بدر'!$S$8:$S$5007=7)*'[1]عهد ومصروفات بدر'!$T$8:$T$5007),0)) | X45: =IF($A45="","",N(V45)-N(W45)) | Z45: =IF($A45="","",IFERROR(SUMPRODUCT(('[1]عهد ومصروفات بدر'!$H$8:$H$5007=$A45)*('[1]عهد ومصروفات بدر'!$S$8:$S$5007=8)*'[1]عهد ومصروفات بدر'!$T$8:$T$5007),0)) | AA45: =IF($A45="","",N(Y45)-N(Z45)) | AC45: =IF($A45="","",IFERROR(SUMPRODUCT(('[1]عهد ومصروفات بدر'!$H$8:$H$5007=$A45)*('[1]عهد ومصروفات بدر'!$S$8:$S$5007=9)*'[1]عهد ومصروفات بدر'!$T$8:$T$5007),0)) | AD45: =IF($A45="","",N(AB45)-N(AC45)) | AF45: =IF($A45="","",IFERROR(SUMPRODUCT(('[1]عهد ومصروفات بدر'!$H$8:$H$5007=$A45)*('[1]عهد ومصروفات بدر'!$S$8:$S$5007=10)*'[1]عهد ومصروفات بدر'!$T$8:$T$5007),0)) | AG45: =IF($A45="","",N(AE45)-N(AF45)) | AI45: =IF($A45="","",IFERROR(SUMPRODUCT(('[1]عهد ومصروفات بدر'!$H$8:$H$5007=$A45)*('[1]عهد ومصروفات بدر'!$S$8:$S$5007=11)*'[1]عهد ومصروفات بدر'!$T$8:$T$5007),0)) | AJ45: =IF($A45="","",N(AH45)-N(AI45)) | AL45: =IF($A45="","",IFERROR(SUMPRODUCT(('[1]عهد ومصروفات بدر'!$H$8:$H$5007=$A45)*('[1]عهد ومصروفات بدر'!$S$8:$S$5007=12)*'[1]عهد ومصروفات بدر'!$T$8:$T$5007),0)) | AM45: =IF($A45="","",N(AK45)-N(AL45)) | AN45: =IF(A45="","",N(D45)+N(G45)+N(J45)+N(M45)+N(P45)+N(S45)+N(V45)+N(Y45)+N(AB45)+N(AE45)+N(AH45)+N(AK45)) | AO45: =IF(A45="","",N(E45)+N(H45)+N(K45)+N(N45)+N(Q45)+N(T45)+N(W45)+N(Z45)+N(AC45)+N(AF45)+N(AI45)+N(AL45)) | AP45: =IF(A45="","",N(B45)-AO45) | AQ45: =IF(A45="",0,(N(F45)<0)+(N(I45)<0)+(N(L45)<0)+(N(O45)<0)+(N(R45)<0)+(N(U45)<0)+(N(X45)<0)+(N(AA45)<0)+(N(AD45)<0)+(N(AG45)<0)+(N(AJ45)<0)+(N(AM45)<0)) | AR45: =IF(A45="",0,MAX(0,-N(F45))+MAX(0,-N(I45))+MAX(0,-N(L45))+MAX(0,-N(O45))+MAX(0,-N(R45))+MAX(0,-N(U45))+MAX(0,-N(X45))+MAX(0,-N(AA45))+MAX(0,-N(AD45))+MAX(0,-N(AG45))+MAX(0,-N(AJ45))+MAX(0,-N(AM45))) | AS45: =IF(A45="",0,IF(OR(N(AP45)<0,AQ45>0),1,0)) | AT45: =AT44+AS45 | AU45: =IF(A45="",-1,N(AO45)+ROW()/10000000)
C46: =IF(A46="","",N(B46)/12) | E46: =IF($A46="","",IFERROR(SUMPRODUCT(('[1]عهد ومصروفات بدر'!$H$8:$H$5007=$A46)*('[1]عهد ومصروفات بدر'!$S$8:$S$5007=1)*'[1]عهد ومصروفات بدر'!$T$8:$T$5007),0)) | F46: =IF($A46="","",N(D46)-N(E46)) | H46: =IF($A46="","",IFERROR(SUMPRODUCT(('[1]عهد ومصروفات بدر'!$H$8:$H$5007=$A46)*('[1]عهد ومصروفات بدر'!$S$8:$S$5007=2)*'[1]عهد ومصروفات بدر'!$T$8:$T$5007),0)) | I46: =IF($A46="","",N(G46)-N(H46)) | K46: =IF($A46="","",IFERROR(SUMPRODUCT(('[1]عهد ومصروفات بدر'!$H$8:$H$5007=$A46)*('[1]عهد ومصروفات بدر'!$S$8:$S$5007=3)*'[1]عهد ومصروفات بدر'!$T$8:$T$5007),0)) | L46: =IF($A46="","",N(J46)-N(K46)) | N46: =IF($A46="","",IFERROR(SUMPRODUCT(('[1]عهد ومصروفات بدر'!$H$8:$H$5007=$A46)*('[1]عهد ومصروفات بدر'!$S$8:$S$5007=4)*'[1]عهد ومصروفات بدر'!$T$8:$T$5007),0)) | O46: =IF($A46="","",N(M46)-N(N46)) | Q46: =IF($A46="","",IFERROR(SUMPRODUCT(('[1]عهد ومصروفات بدر'!$H$8:$H$5007=$A46)*('[1]عهد ومصروفات بدر'!$S$8:$S$5007=5)*'[1]عهد ومصروفات بدر'!$T$8:$T$5007),0)) | R46: =IF($A46="","",N(P46)-N(Q46)) | T46: =IF($A46="","",IFERROR(SUMPRODUCT(('[1]عهد ومصروفات بدر'!$H$8:$H$5007=$A46)*('[1]عهد ومصروفات بدر'!$S$8:$S$5007=6)*'[1]عهد ومصروفات بدر'!$T$8:$T$5007),0)) | U46: =IF($A46="","",N(S46)-N(T46)) | W46: =IF($A46="","",IFERROR(SUMPRODUCT(('[1]عهد ومصروفات بدر'!$H$8:$H$5007=$A46)*('[1]عهد ومصروفات بدر'!$S$8:$S$5007=7)*'[1]عهد ومصروفات بدر'!$T$8:$T$5007),0)) | X46: =IF($A46="","",N(V46)-N(W46)) | Z46: =IF($A46="","",IFERROR(SUMPRODUCT(('[1]عهد ومصروفات بدر'!$H$8:$H$5007=$A46)*('[1]عهد ومصروفات بدر'!$S$8:$S$5007=8)*'[1]عهد ومصروفات بدر'!$T$8:$T$5007),0)) | AA46: =IF($A46="","",N(Y46)-N(Z46)) | AC46: =IF($A46="","",IFERROR(SUMPRODUCT(('[1]عهد ومصروفات بدر'!$H$8:$H$5007=$A46)*('[1]عهد ومصروفات بدر'!$S$8:$S$5007=9)*'[1]عهد ومصروفات بدر'!$T$8:$T$5007),0)) | AD46: =IF($A46="","",N(AB46)-N(AC46)) | AF46: =IF($A46="","",IFERROR(SUMPRODUCT(('[1]عهد ومصروفات بدر'!$H$8:$H$5007=$A46)*('[1]عهد ومصروفات بدر'!$S$8:$S$5007=10)*'[1]عهد ومصروفات بدر'!$T$8:$T$5007),0)) | AG46: =IF($A46="","",N(AE46)-N(AF46)) | AI46: =IF($A46="","",IFERROR(SUMPRODUCT(('[1]عهد ومصروفات بدر'!$H$8:$H$5007=$A46)*('[1]عهد ومصروفات بدر'!$S$8:$S$5007=11)*'[1]عهد ومصروفات بدر'!$T$8:$T$5007),0)) | AJ46: =IF($A46="","",N(AH46)-N(AI46)) | AL46: =IF($A46="","",IFERROR(SUMPRODUCT(('[1]عهد ومصروفات بدر'!$H$8:$H$5007=$A46)*('[1]عهد ومصروفات بدر'!$S$8:$S$5007=12)*'[1]عهد ومصروفات بدر'!$T$8:$T$5007),0)) | AM46: =IF($A46="","",N(AK46)-N(AL46)) | AN46: =IF(A46="","",N(D46)+N(G46)+N(J46)+N(M46)+N(P46)+N(S46)+N(V46)+N(Y46)+N(AB46)+N(AE46)+N(AH46)+N(AK46)) | AO46: =IF(A46="","",N(E46)+N(H46)+N(K46)+N(N46)+N(Q46)+N(T46)+N(W46)+N(Z46)+N(AC46)+N(AF46)+N(AI46)+N(AL46)) | AP46: =IF(A46="","",N(B46)-AO46) | AQ46: =IF(A46="",0,(N(F46)<0)+(N(I46)<0)+(N(L46)<0)+(N(O46)<0)+(N(R46)<0)+(N(U46)<0)+(N(X46)<0)+(N(AA46)<0)+(N(AD46)<0)+(N(AG46)<0)+(N(AJ46)<0)+(N(AM46)<0)) | AR46: =IF(A46="",0,MAX(0,-N(F46))+MAX(0,-N(I46))+MAX(0,-N(L46))+MAX(0,-N(O46))+MAX(0,-N(R46))+MAX(0,-N(U46))+MAX(0,-N(X46))+MAX(0,-N(AA46))+MAX(0,-N(AD46))+MAX(0,-N(AG46))+MAX(0,-N(AJ46))+MAX(0,-N(AM46))) | AS46: =IF(A46="",0,IF(OR(N(AP46)<0,AQ46>0),1,0)) | AT46: =AT45+AS46 | AU46: =IF(A46="",-1,N(AO46)+ROW()/10000000)
C47: =IF(A47="","",N(B47)/12) | E47: =IF($A47="","",IFERROR(SUMPRODUCT(('[1]عهد ومصروفات بدر'!$H$8:$H$5007=$A47)*('[1]عهد ومصروفات بدر'!$S$8:$S$5007=1)*'[1]عهد ومصروفات بدر'!$T$8:$T$5007),0)) | F47: =IF($A47="","",N(D47)-N(E47)) | H47: =IF($A47="","",IFERROR(SUMPRODUCT(('[1]عهد ومصروفات بدر'!$H$8:$H$5007=$A47)*('[1]عهد ومصروفات بدر'!$S$8:$S$5007=2)*'[1]عهد ومصروفات بدر'!$T$8:$T$5007),0)) | I47: =IF($A47="","",N(G47)-N(H47)) | K47: =IF($A47="","",IFERROR(SUMPRODUCT(('[1]عهد ومصروفات بدر'!$H$8:$H$5007=$A47)*('[1]عهد ومصروفات بدر'!$S$8:$S$5007=3)*'[1]عهد ومصروفات بدر'!$T$8:$T$5007),0)) | L47: =IF($A47="","",N(J47)-N(K47)) | N47: =IF($A47="","",IFERROR(SUMPRODUCT(('[1]عهد ومصروفات بدر'!$H$8:$H$5007=$A47)*('[1]عهد ومصروفات بدر'!$S$8:$S$5007=4)*'[1]عهد ومصروفات بدر'!$T$8:$T$5007),0)) | O47: =IF($A47="","",N(M47)-N(N47)) | Q47: =IF($A47="","",IFERROR(SUMPRODUCT(('[1]عهد ومصروفات بدر'!$H$8:$H$5007=$A47)*('[1]عهد ومصروفات بدر'!$S$8:$S$5007=5)*'[1]عهد ومصروفات بدر'!$T$8:$T$5007),0)) | R47: =IF($A47="","",N(P47)-N(Q47)) | T47: =IF($A47="","",IFERROR(SUMPRODUCT(('[1]عهد ومصروفات بدر'!$H$8:$H$5007=$A47)*('[1]عهد ومصروفات بدر'!$S$8:$S$5007=6)*'[1]عهد ومصروفات بدر'!$T$8:$T$5007),0)) | U47: =IF($A47="","",N(S47)-N(T47)) | W47: =IF($A47="","",IFERROR(SUMPRODUCT(('[1]عهد ومصروفات بدر'!$H$8:$H$5007=$A47)*('[1]عهد ومصروفات بدر'!$S$8:$S$5007=7)*'[1]عهد ومصروفات بدر'!$T$8:$T$5007),0)) | X47: =IF($A47="","",N(V47)-N(W47)) | Z47: =IF($A47="","",IFERROR(SUMPRODUCT(('[1]عهد ومصروفات بدر'!$H$8:$H$5007=$A47)*('[1]عهد ومصروفات بدر'!$S$8:$S$5007=8)*'[1]عهد ومصروفات بدر'!$T$8:$T$5007),0)) | AA47: =IF($A47="","",N(Y47)-N(Z47)) | AC47: =IF($A47="","",IFERROR(SUMPRODUCT(('[1]عهد ومصروفات بدر'!$H$8:$H$5007=$A47)*('[1]عهد ومصروفات بدر'!$S$8:$S$5007=9)*'[1]عهد ومصروفات بدر'!$T$8:$T$5007),0)) | AD47: =IF($A47="","",N(AB47)-N(AC47)) | AF47: =IF($A47="","",IFERROR(SUMPRODUCT(('[1]عهد ومصروفات بدر'!$H$8:$H$5007=$A47)*('[1]عهد ومصروفات بدر'!$S$8:$S$5007=10)*'[1]عهد ومصروفات بدر'!$T$8:$T$5007),0)) | AG47: =IF($A47="","",N(AE47)-N(AF47)) | AI47: =IF($A47="","",IFERROR(SUMPRODUCT(('[1]عهد ومصروفات بدر'!$H$8:$H$5007=$A47)*('[1]عهد ومصروفات بدر'!$S$8:$S$5007=11)*'[1]عهد ومصروفات بدر'!$T$8:$T$5007),0)) | AJ47: =IF($A47="","",N(AH47)-N(AI47)) | AL47: =IF($A47="","",IFERROR(SUMPRODUCT(('[1]عهد ومصروفات بدر'!$H$8:$H$5007=$A47)*('[1]عهد ومصروفات بدر'!$S$8:$S$5007=12)*'[1]عهد ومصروفات بدر'!$T$8:$T$5007),0)) | AM47: =IF($A47="","",N(AK47)-N(AL47)) | AN47: =IF(A47="","",N(D47)+N(G47)+N(J47)+N(M47)+N(P47)+N(S47)+N(V47)+N(Y47)+N(AB47)+N(AE47)+N(AH47)+N(AK47)) | AO47: =IF(A47="","",N(E47)+N(H47)+N(K47)+N(N47)+N(Q47)+N(T47)+N(W47)+N(Z47)+N(AC47)+N(AF47)+N(AI47)+N(AL47)) | AP47: =IF(A47="","",N(B47)-AO47) | AQ47: =IF(A47="",0,(N(F47)<0)+(N(I47)<0)+(N(L47)<0)+(N(O47)<0)+(N(R47)<0)+(N(U47)<0)+(N(X47)<0)+(N(AA47)<0)+(N(AD47)<0)+(N(AG47)<0)+(N(AJ47)<0)+(N(AM47)<0)) | AR47: =IF(A47="",0,MAX(0,-N(F47))+MAX(0,-N(I47))+MAX(0,-N(L47))+MAX(0,-N(O47))+MAX(0,-N(R47))+MAX(0,-N(U47))+MAX(0,-N(X47))+MAX(0,-N(AA47))+MAX(0,-N(AD47))+MAX(0,-N(AG47))+MAX(0,-N(AJ47))+MAX(0,-N(AM47))) | AS47: =IF(A47="",0,IF(OR(N(AP47)<0,AQ47>0),1,0)) | AT47: =AT46+AS47 | AU47: =IF(A47="",-1,N(AO47)+ROW()/10000000)
C48: =IF(A48="","",N(B48)/12) | E48: =IF($A48="","",IFERROR(SUMPRODUCT(('[1]عهد ومصروفات بدر'!$H$8:$H$5007=$A48)*('[1]عهد ومصروفات بدر'!$S$8:$S$5007=1)*'[1]عهد ومصروفات بدر'!$T$8:$T$5007),0)) | F48: =IF($A48="","",N(D48)-N(E48)) | H48: =IF($A48="","",IFERROR(SUMPRODUCT(('[1]عهد ومصروفات بدر'!$H$8:$H$5007=$A48)*('[1]عهد ومصروفات بدر'!$S$8:$S$5007=2)*'[1]عهد ومصروفات بدر'!$T$8:$T$5007),0)) | I48: =IF($A48="","",N(G48)-N(H48)) | K48: =IF($A48="","",IFERROR(SUMPRODUCT(('[1]عهد ومصروفات بدر'!$H$8:$H$5007=$A48)*('[1]عهد ومصروفات بدر'!$S$8:$S$5007=3)*'[1]عهد ومصروفات بدر'!$T$8:$T$5007),0)) | L48: =IF($A48="","",N(J48)-N(K48)) | N48: =IF($A48="","",IFERROR(SUMPRODUCT(('[1]عهد ومصروفات بدر'!$H$8:$H$5007=$A48)*('[1]عهد ومصروفات بدر'!$S$8:$S$5007=4)*'[1]عهد ومصروفات بدر'!$T$8:$T$5007),0)) | O48: =IF($A48="","",N(M48)-N(N48)) | Q48: =IF($A48="","",IFERROR(SUMPRODUCT(('[1]عهد ومصروفات بدر'!$H$8:$H$5007=$A48)*('[1]عهد ومصروفات بدر'!$S$8:$S$5007=5)*'[1]عهد ومصروفات بدر'!$T$8:$T$5007),0)) | R48: =IF($A48="","",N(P48)-N(Q48)) | T48: =IF($A48="","",IFERROR(SUMPRODUCT(('[1]عهد ومصروفات بدر'!$H$8:$H$5007=$A48)*('[1]عهد ومصروفات بدر'!$S$8:$S$5007=6)*'[1]عهد ومصروفات بدر'!$T$8:$T$5007),0)) | U48: =IF($A48="","",N(S48)-N(T48)) | W48: =IF($A48="","",IFERROR(SUMPRODUCT(('[1]عهد ومصروفات بدر'!$H$8:$H$5007=$A48)*('[1]عهد ومصروفات بدر'!$S$8:$S$5007=7)*'[1]عهد ومصروفات بدر'!$T$8:$T$5007),0)) | X48: =IF($A48="","",N(V48)-N(W48)) | Z48: =IF($A48="","",IFERROR(SUMPRODUCT(('[1]عهد ومصروفات بدر'!$H$8:$H$5007=$A48)*('[1]عهد ومصروفات بدر'!$S$8:$S$5007=8)*'[1]عهد ومصروفات بدر'!$T$8:$T$5007),0)) | AA48: =IF($A48="","",N(Y48)-N(Z48)) | AC48: =IF($A48="","",IFERROR(SUMPRODUCT(('[1]عهد ومصروفات بدر'!$H$8:$H$5007=$A48)*('[1]عهد ومصروفات بدر'!$S$8:$S$5007=9)*'[1]عهد ومصروفات بدر'!$T$8:$T$5007),0)) | AD48: =IF($A48="","",N(AB48)-N(AC48)) | AF48: =IF($A48="","",IFERROR(SUMPRODUCT(('[1]عهد ومصروفات بدر'!$H$8:$H$5007=$A48)*('[1]عهد ومصروفات بدر'!$S$8:$S$5007=10)*'[1]عهد ومصروفات بدر'!$T$8:$T$5007),0)) | AG48: =IF($A48="","",N(AE48)-N(AF48)) | AI48: =IF($A48="","",IFERROR(SUMPRODUCT(('[1]عهد ومصروفات بدر'!$H$8:$H$5007=$A48)*('[1]عهد ومصروفات بدر'!$S$8:$S$5007=11)*'[1]عهد ومصروفات بدر'!$T$8:$T$5007),0)) | AJ48: =IF($A48="","",N(AH48)-N(AI48)) | AL48: =IF($A48="","",IFERROR(SUMPRODUCT(('[1]عهد ومصروفات بدر'!$H$8:$H$5007=$A48)*('[1]عهد ومصروفات بدر'!$S$8:$S$5007=12)*'[1]عهد ومصروفات بدر'!$T$8:$T$5007),0)) | AM48: =IF($A48="","",N(AK48)-N(AL48)) | AN48: =IF(A48="","",N(D48)+N(G48)+N(J48)+N(M48)+N(P48)+N(S48)+N(V48)+N(Y48)+N(AB48)+N(AE48)+N(AH48)+N(AK48)) | AO48: =IF(A48="","",N(E48)+N(H48)+N(K48)+N(N48)+N(Q48)+N(T48)+N(W48)+N(Z48)+N(AC48)+N(AF48)+N(AI48)+N(AL48)) | AP48: =IF(A48="","",N(B48)-AO48) | AQ48: =IF(A48="",0,(N(F48)<0)+(N(I48)<0)+(N(L48)<0)+(N(O48)<0)+(N(R48)<0)+(N(U48)<0)+(N(X48)<0)+(N(AA48)<0)+(N(AD48)<0)+(N(AG48)<0)+(N(AJ48)<0)+(N(AM48)<0)) | AR48: =IF(A48="",0,MAX(0,-N(F48))+MAX(0,-N(I48))+MAX(0,-N(L48))+MAX(0,-N(O48))+MAX(0,-N(R48))+MAX(0,-N(U48))+MAX(0,-N(X48))+MAX(0,-N(AA48))+MAX(0,-N(AD48))+MAX(0,-N(AG48))+MAX(0,-N(AJ48))+MAX(0,-N(AM48))) | AS48: =IF(A48="",0,IF(OR(N(AP48)<0,AQ48>0),1,0)) | AT48: =AT47+AS48 | AU48: =IF(A48="",-1,N(AO48)+ROW()/10000000)
C49: =IF(A49="","",N(B49)/12) | E49: =IF($A49="","",IFERROR(SUMPRODUCT(('[1]عهد ومصروفات بدر'!$H$8:$H$5007=$A49)*('[1]عهد ومصروفات بدر'!$S$8:$S$5007=1)*'[1]عهد ومصروفات بدر'!$T$8:$T$5007),0)) | F49: =IF($A49="","",N(D49)-N(E49)) | H49: =IF($A49="","",IFERROR(SUMPRODUCT(('[1]عهد ومصروفات بدر'!$H$8:$H$5007=$A49)*('[1]عهد ومصروفات بدر'!$S$8:$S$5007=2)*'[1]عهد ومصروفات بدر'!$T$8:$T$5007),0)) | I49: =IF($A49="","",N(G49)-N(H49)) | K49: =IF($A49="","",IFERROR(SUMPRODUCT(('[1]عهد ومصروفات بدر'!$H$8:$H$5007=$A49)*('[1]عهد ومصروفات بدر'!$S$8:$S$5007=3)*'[1]عهد ومصروفات بدر'!$T$8:$T$5007),0)) | L49: =IF($A49="","",N(J49)-N(K49)) | N49: =IF($A49="","",IFERROR(SUMPRODUCT(('[1]عهد ومصروفات بدر'!$H$8:$H$5007=$A49)*('[1]عهد ومصروفات بدر'!$S$8:$S$5007=4)*'[1]عهد ومصروفات بدر'!$T$8:$T$5007),0)) | O49: =IF($A49="","",N(M49)-N(N49)) | Q49: =IF($A49="","",IFERROR(SUMPRODUCT(('[1]عهد ومصروفات بدر'!$H$8:$H$5007=$A49)*('[1]عهد ومصروفات بدر'!$S$8:$S$5007=5)*'[1]عهد ومصروفات بدر'!$T$8:$T$5007),0)) | R49: =IF($A49="","",N(P49)-N(Q49)) | T49: =IF($A49="","",IFERROR(SUMPRODUCT(('[1]عهد ومصروفات بدر'!$H$8:$H$5007=$A49)*('[1]عهد ومصروفات بدر'!$S$8:$S$5007=6)*'[1]عهد ومصروفات بدر'!$T$8:$T$5007),0)) | U49: =IF($A49="","",N(S49)-N(T49)) | W49: =IF($A49="","",IFERROR(SUMPRODUCT(('[1]عهد ومصروفات بدر'!$H$8:$H$5007=$A49)*('[1]عهد ومصروفات بدر'!$S$8:$S$5007=7)*'[1]عهد ومصروفات بدر'!$T$8:$T$5007),0)) | X49: =IF($A49="","",N(V49)-N(W49)) | Z49: =IF($A49="","",IFERROR(SUMPRODUCT(('[1]عهد ومصروفات بدر'!$H$8:$H$5007=$A49)*('[1]عهد ومصروفات بدر'!$S$8:$S$5007=8)*'[1]عهد ومصروفات بدر'!$T$8:$T$5007),0)) | AA49: =IF($A49="","",N(Y49)-N(Z49)) | AC49: =IF($A49="","",IFERROR(SUMPRODUCT(('[1]عهد ومصروفات بدر'!$H$8:$H$5007=$A49)*('[1]عهد ومصروفات بدر'!$S$8:$S$5007=9)*'[1]عهد ومصروفات بدر'!$T$8:$T$5007),0)) | AD49: =IF($A49="","",N(AB49)-N(AC49)) | AF49: =IF($A49="","",IFERROR(SUMPRODUCT(('[1]عهد ومصروفات بدر'!$H$8:$H$5007=$A49)*('[1]عهد ومصروفات بدر'!$S$8:$S$5007=10)*'[1]عهد ومصروفات بدر'!$T$8:$T$5007),0)) | AG49: =IF($A49="","",N(AE49)-N(AF49)) | AI49: =IF($A49="","",IFERROR(SUMPRODUCT(('[1]عهد ومصروفات بدر'!$H$8:$H$5007=$A49)*('[1]عهد ومصروفات بدر'!$S$8:$S$5007=11)*'[1]عهد ومصروفات بدر'!$T$8:$T$5007),0)) | AJ49: =IF($A49="","",N(AH49)-N(AI49)) | AL49: =IF($A49="","",IFERROR(SUMPRODUCT(('[1]عهد ومصروفات بدر'!$H$8:$H$5007=$A49)*('[1]عهد ومصروفات بدر'!$S$8:$S$5007=12)*'[1]عهد ومصروفات بدر'!$T$8:$T$5007),0)) | AM49: =IF($A49="","",N(AK49)-N(AL49)) | AN49: =IF(A49="","",N(D49)+N(G49)+N(J49)+N(M49)+N(P49)+N(S49)+N(V49)+N(Y49)+N(AB49)+N(AE49)+N(AH49)+N(AK49)) | AO49: =IF(A49="","",N(E49)+N(H49)+N(K49)+N(N49)+N(Q49)+N(T49)+N(W49)+N(Z49)+N(AC49)+N(AF49)+N(AI49)+N(AL49)) | AP49: =IF(A49="","",N(B49)-AO49) | AQ49: =IF(A49="",0,(N(F49)<0)+(N(I49)<0)+(N(L49)<0)+(N(O49)<0)+(N(R49)<0)+(N(U49)<0)+(N(X49)<0)+(N(AA49)<0)+(N(AD49)<0)+(N(AG49)<0)+(N(AJ49)<0)+(N(AM49)<0)) | AR49: =IF(A49="",0,MAX(0,-N(F49))+MAX(0,-N(I49))+MAX(0,-N(L49))+MAX(0,-N(O49))+MAX(0,-N(R49))+MAX(0,-N(U49))+MAX(0,-N(X49))+MAX(0,-N(AA49))+MAX(0,-N(AD49))+MAX(0,-N(AG49))+MAX(0,-N(AJ49))+MAX(0,-N(AM49))) | AS49: =IF(A49="",0,IF(OR(N(AP49)<0,AQ49>0),1,0)) | AT49: =AT48+AS49 | AU49: =IF(A49="",-1,N(AO49)+ROW()/10000000)
C50: =IF(A50="","",N(B50)/12) | E50: =IF($A50="","",IFERROR(SUMPRODUCT(('[1]عهد ومصروفات بدر'!$H$8:$H$5007=$A50)*('[1]عهد ومصروفات بدر'!$S$8:$S$5007=1)*'[1]عهد ومصروفات بدر'!$T$8:$T$5007),0)) | F50: =IF($A50="","",N(D50)-N(E50)) | H50: =IF($A50="","",IFERROR(SUMPRODUCT(('[1]عهد ومصروفات بدر'!$H$8:$H$5007=$A50)*('[1]عهد ومصروفات بدر'!$S$8:$S$5007=2)*'[1]عهد ومصروفات بدر'!$T$8:$T$5007),0)) | I50: =IF($A50="","",N(G50)-N(H50)) | K50: =IF($A50="","",IFERROR(SUMPRODUCT(('[1]عهد ومصروفات بدر'!$H$8:$H$5007=$A50)*('[1]عهد ومصروفات بدر'!$S$8:$S$5007=3)*'[1]عهد ومصروفات بدر'!$T$8:$T$5007),0)) | L50: =IF($A50="","",N(J50)-N(K50)) | N50: =IF($A50="","",IFERROR(SUMPRODUCT(('[1]عهد ومصروفات بدر'!$H$8:$H$5007=$A50)*('[1]عهد ومصروفات بدر'!$S$8:$S$5007=4)*'[1]عهد ومصروفات بدر'!$T$8:$T$5007),0)) | O50: =IF($A50="","",N(M50)-N(N50)) | Q50: =IF($A50="","",IFERROR(SUMPRODUCT(('[1]عهد ومصروفات بدر'!$H$8:$H$5007=$A50)*('[1]عهد ومصروفات بدر'!$S$8:$S$5007=5)*'[1]عهد ومصروفات بدر'!$T$8:$T$5007),0)) | R50: =IF($A50="","",N(P50)-N(Q50)) | T50: =IF($A50="","",IFERROR(SUMPRODUCT(('[1]عهد ومصروفات بدر'!$H$8:$H$5007=$A50)*('[1]عهد ومصروفات بدر'!$S$8:$S$5007=6)*'[1]عهد ومصروفات بدر'!$T$8:$T$5007),0)) | U50: =IF($A50="","",N(S50)-N(T50)) | W50: =IF($A50="","",IFERROR(SUMPRODUCT(('[1]عهد ومصروفات بدر'!$H$8:$H$5007=$A50)*('[1]عهد ومصروفات بدر'!$S$8:$S$5007=7)*'[1]عهد ومصروفات بدر'!$T$8:$T$5007),0)) | X50: =IF($A50="","",N(V50)-N(W50)) | Z50: =IF($A50="","",IFERROR(SUMPRODUCT(('[1]عهد ومصروفات بدر'!$H$8:$H$5007=$A50)*('[1]عهد ومصروفات بدر'!$S$8:$S$5007=8)*'[1]عهد ومصروفات بدر'!$T$8:$T$5007),0)) | AA50: =IF($A50="","",N(Y50)-N(Z50)) | AC50: =IF($A50="","",IFERROR(SUMPRODUCT(('[1]عهد ومصروفات بدر'!$H$8:$H$5007=$A50)*('[1]عهد ومصروفات بدر'!$S$8:$S$5007=9)*'[1]عهد ومصروفات بدر'!$T$8:$T$5007),0)) | AD50: =IF($A50="","",N(AB50)-N(AC50)) | AF50: =IF($A50="","",IFERROR(SUMPRODUCT(('[1]عهد ومصروفات بدر'!$H$8:$H$5007=$A50)*('[1]عهد ومصروفات بدر'!$S$8:$S$5007=10)*'[1]عهد ومصروفات بدر'!$T$8:$T$5007),0)) | AG50: =IF($A50="","",N(AE50)-N(AF50)) | AI50: =IF($A50="","",IFERROR(SUMPRODUCT(('[1]عهد ومصروفات بدر'!$H$8:$H$5007=$A50)*('[1]عهد ومصروفات بدر'!$S$8:$S$5007=11)*'[1]عهد ومصروفات بدر'!$T$8:$T$5007),0)) | AJ50: =IF($A50="","",N(AH50)-N(AI50)) | AL50: =IF($A50="","",IFERROR(SUMPRODUCT(('[1]عهد ومصروفات بدر'!$H$8:$H$5007=$A50)*('[1]عهد ومصروفات بدر'!$S$8:$S$5007=12)*'[1]عهد ومصروفات بدر'!$T$8:$T$5007),0)) | AM50: =IF($A50="","",N(AK50)-N(AL50)) | AN50: =IF(A50="","",N(D50)+N(G50)+N(J50)+N(M50)+N(P50)+N(S50)+N(V50)+N(Y50)+N(AB50)+N(AE50)+N(AH50)+N(AK50)) | AO50: =IF(A50="","",N(E50)+N(H50)+N(K50)+N(N50)+N(Q50)+N(T50)+N(W50)+N(Z50)+N(AC50)+N(AF50)+N(AI50)+N(AL50)) | AP50: =IF(A50="","",N(B50)-AO50) | AQ50: =IF(A50="",0,(N(F50)<0)+(N(I50)<0)+(N(L50)<0)+(N(O50)<0)+(N(R50)<0)+(N(U50)<0)+(N(X50)<0)+(N(AA50)<0)+(N(AD50)<0)+(N(AG50)<0)+(N(AJ50)<0)+(N(AM50)<0)) | AR50: =IF(A50="",0,MAX(0,-N(F50))+MAX(0,-N(I50))+MAX(0,-N(L50))+MAX(0,-N(O50))+MAX(0,-N(R50))+MAX(0,-N(U50))+MAX(0,-N(X50))+MAX(0,-N(AA50))+MAX(0,-N(AD50))+MAX(0,-N(AG50))+MAX(0,-N(AJ50))+MAX(0,-N(AM50))) | AS50: =IF(A50="",0,IF(OR(N(AP50)<0,AQ50>0),1,0)) | AT50: =AT49+AS50 | AU50: =IF(A50="",-1,N(AO50)+ROW()/10000000)
C51: =IF(A51="","",N(B51)/12) | E51: =IF($A51="","",IFERROR(SUMPRODUCT(('[1]عهد ومصروفات بدر'!$H$8:$H$5007=$A51)*('[1]عهد ومصروفات بدر'!$S$8:$S$5007=1)*'[1]عهد ومصروفات بدر'!$T$8:$T$5007),0)) | F51: =IF($A51="","",N(D51)-N(E51)) | H51: =IF($A51="","",IFERROR(SUMPRODUCT(('[1]عهد ومصروفات بدر'!$H$8:$H$5007=$A51)*('[1]عهد ومصروفات بدر'!$S$8:$S$5007=2)*'[1]عهد ومصروفات بدر'!$T$8:$T$5007),0)) | I51: =IF($A51="","",N(G51)-N(H51)) | K51: =IF($A51="","",IFERROR(SUMPRODUCT(('[1]عهد ومصروفات بدر'!$H$8:$H$5007=$A51)*('[1]عهد ومصروفات بدر'!$S$8:$S$5007=3)*'[1]عهد ومصروفات بدر'!$T$8:$T$5007),0)) | L51: =IF($A51="","",N(J51)-N(K51)) | N51: =IF($A51="","",IFERROR(SUMPRODUCT(('[1]عهد ومصروفات بدر'!$H$8:$H$5007=$A51)*('[1]عهد ومصروفات بدر'!$S$8:$S$5007=4)*'[1]عهد ومصروفات بدر'!$T$8:$T$5007),0)) | O51: =IF($A51="","",N(M51)-N(N51)) | Q51: =IF($A51="","",IFERROR(SUMPRODUCT(('[1]عهد ومصروفات بدر'!$H$8:$H$5007=$A51)*('[1]عهد ومصروفات بدر'!$S$8:$S$5007=5)*'[1]عهد ومصروفات بدر'!$T$8:$T$5007),0)) | R51: =IF($A51="","",N(P51)-N(Q51)) | T51: =IF($A51="","",IFERROR(SUMPRODUCT(('[1]عهد ومصروفات بدر'!$H$8:$H$5007=$A51)*('[1]عهد ومصروفات بدر'!$S$8:$S$5007=6)*'[1]عهد ومصروفات بدر'!$T$8:$T$5007),0)) | U51: =IF($A51="","",N(S51)-N(T51)) | W51: =IF($A51="","",IFERROR(SUMPRODUCT(('[1]عهد ومصروفات بدر'!$H$8:$H$5007=$A51)*('[1]عهد ومصروفات بدر'!$S$8:$S$5007=7)*'[1]عهد ومصروفات بدر'!$T$8:$T$5007),0)) | X51: =IF($A51="","",N(V51)-N(W51)) | Z51: =IF($A51="","",IFERROR(SUMPRODUCT(('[1]عهد ومصروفات بدر'!$H$8:$H$5007=$A51)*('[1]عهد ومصروفات بدر'!$S$8:$S$5007=8)*'[1]عهد ومصروفات بدر'!$T$8:$T$5007),0)) | AA51: =IF($A51="","",N(Y51)-N(Z51)) | AC51: =IF($A51="","",IFERROR(SUMPRODUCT(('[1]عهد ومصروفات بدر'!$H$8:$H$5007=$A51)*('[1]عهد ومصروفات بدر'!$S$8:$S$5007=9)*'[1]عهد ومصروفات بدر'!$T$8:$T$5007),0)) | AD51: =IF($A51="","",N(AB51)-N(AC51)) | AF51: =IF($A51="","",IFERROR(SUMPRODUCT(('[1]عهد ومصروفات بدر'!$H$8:$H$5007=$A51)*('[1]عهد ومصروفات بدر'!$S$8:$S$5007=10)*'[1]عهد ومصروفات بدر'!$T$8:$T$5007),0)) | AG51: =IF($A51="","",N(AE51)-N(AF51)) | AI51: =IF($A51="","",IFERROR(SUMPRODUCT(('[1]عهد ومصروفات بدر'!$H$8:$H$5007=$A51)*('[1]عهد ومصروفات بدر'!$S$8:$S$5007=11)*'[1]عهد ومصروفات بدر'!$T$8:$T$5007),0)) | AJ51: =IF($A51="","",N(AH51)-N(AI51)) | AL51: =IF($A51="","",IFERROR(SUMPRODUCT(('[1]عهد ومصروفات بدر'!$H$8:$H$5007=$A51)*('[1]عهد ومصروفات بدر'!$S$8:$S$5007=12)*'[1]عهد ومصروفات بدر'!$T$8:$T$5007),0)) | AM51: =IF($A51="","",N(AK51)-N(AL51)) | AN51: =IF(A51="","",N(D51)+N(G51)+N(J51)+N(M51)+N(P51)+N(S51)+N(V51)+N(Y51)+N(AB51)+N(AE51)+N(AH51)+N(AK51)) | AO51: =IF(A51="","",N(E51)+N(H51)+N(K51)+N(N51)+N(Q51)+N(T51)+N(W51)+N(Z51)+N(AC51)+N(AF51)+N(AI51)+N(AL51)) | AP51: =IF(A51="","",N(B51)-AO51) | AQ51: =IF(A51="",0,(N(F51)<0)+(N(I51)<0)+(N(L51)<0)+(N(O51)<0)+(N(R51)<0)+(N(U51)<0)+(N(X51)<0)+(N(AA51)<0)+(N(AD51)<0)+(N(AG51)<0)+(N(AJ51)<0)+(N(AM51)<0)) | AR51: =IF(A51="",0,MAX(0,-N(F51))+MAX(0,-N(I51))+MAX(0,-N(L51))+MAX(0,-N(O51))+MAX(0,-N(R51))+MAX(0,-N(U51))+MAX(0,-N(X51))+MAX(0,-N(AA51))+MAX(0,-N(AD51))+MAX(0,-N(AG51))+MAX(0,-N(AJ51))+MAX(0,-N(AM51))) | AS51: =IF(A51="",0,IF(OR(N(AP51)<0,AQ51>0),1,0)) | AT51: =AT50+AS51 | AU51: =IF(A51="",-1,N(AO51)+ROW()/10000000)
... C67: =IF(A67="","",N(B67)/12) | E67: =IF($A67="","",IFERROR(SUMPRODUCT(('[1]عهد ومصروفات بدر'!$H$8:$H$5007=$A67)*('[1]عهد ومصروفات بدر'!$S$8:$S$5007=1)*'[1]عهد ومصروفات بدر'!$T$8:$T$5007),0)) | F67: =IF($A67="","",N(D67)-N(E67)) | H67: =IF($A67="","",IFERROR(SUMPRODUCT(('[1]عهد ومصروفات بدر'!$H$8:$H$5007=$A67)*('[1]عهد ومصروفات بدر'!$S$8:$S$5007=2)*'[1]عهد ومصروفات بدر'!$T$8:$T$5007),0)) | I67: =IF($A67="","",N(G67)-N(H67)) | K67: =IF($A67="","",IFERROR(SUMPRODUCT(('[1]عهد ومصروفات بدر'!$H$8:$H$5007=$A67)*('[1]عهد ومصروفات بدر'!$S$8:$S$5007=3)*'[1]عهد ومصروفات بدر'!$T$8:$T$5007),0)) | L67: =IF($A67="","",N(J67)-N(K67)) | N67: =IF($A67="","",IFERROR(SUMPRODUCT(('[1]عهد ومصروفات بدر'!$H$8:$H$5007=$A67)*('[1]عهد ومصروفات بدر'!$S$8:$S$5007=4)*'[1]عهد ومصروفات بدر'!$T$8:$T$5007),0)) | O67: =IF($A67="","",N(M67)-N(N67)) | Q67: =IF($A67="","",IFERROR(SUMPRODUCT(('[1]عهد ومصروفات بدر'!$H$8:$H$5007=$A67)*('[1]عهد ومصروفات بدر'!$S$8:$S$5007=5)*'[1]عهد ومصروفات بدر'!$T$8:$T$5007),0)) | R67: =IF($A67="","",N(P67)-N(Q67)) | T67: =IF($A67="","",IFERROR(SUMPRODUCT(('[1]عهد ومصروفات بدر'!$H$8:$H$5007=$A67)*('[1]عهد ومصروفات بدر'!$S$8:$S$5007=6)*'[1]عهد ومصروفات بدر'!$T$8:$T$5007),0)) | U67: =IF($A67="","",N(S67)-N(T67)) | W67: =IF($A67="","",IFERROR(SUMPRODUCT(('[1]عهد ومصروفات بدر'!$H$8:$H$5007=$A67)*('[1]عهد ومصروفات بدر'!$S$8:$S$5007=7)*'[1]عهد ومصروفات بدر'!$T$8:$T$5007),0)) | X67: =IF($A67="","",N(V67)-N(W67)) | Z67: =IF($A67="","",IFERROR(SUMPRODUCT(('[1]عهد ومصروفات بدر'!$H$8:$H$5007=$A67)*('[1]عهد ومصروفات بدر'!$S$8:$S$5007=8)*'[1]عهد ومصروفات بدر'!$T$8:$T$5007),0)) | AA67: =IF($A67="","",N(Y67)-N(Z67)) | AC67: =IF($A67="","",IFERROR(SUMPRODUCT(('[1]عهد ومصروفات بدر'!$H$8:$H$5007=$A67)*('[1]عهد ومصروفات بدر'!$S$8:$S$5007=9)*'[1]عهد ومصروفات بدر'!$T$8:$T$5007),0)) | AD67: =IF($A67="","",N(AB67)-N(AC67)) | AF67: =IF($A67="","",IFERROR(SUMPRODUCT(('[1]عهد ومصروفات بدر'!$H$8:$H$5007=$A67)*('[1]عهد ومصروفات بدر'!$S$8:$S$5007=10)*'[1]عهد ومصروفات بدر'!$T$8:$T$5007),0)) | AG67: =IF($A67="","",N(AE67)-N(AF67)) | AI67: =IF($A67="","",IFERROR(SUMPRODUCT(('[1]عهد ومصروفات بدر'!$H$8:$H$5007=$A67)*('[1]عهد ومصروفات بدر'!$S$8:$S$5007=11)*'[1]عهد ومصروفات بدر'!$T$8:$T$5007),0)) | AJ67: =IF($A67="","",N(AH67)-N(AI67)) | AL67: =IF($A67="","",IFERROR(SUMPRODUCT(('[1]عهد ومصروفات بدر'!$H$8:$H$5007=$A67)*('[1]عهد ومصروفات بدر'!$S$8:$S$5007=12)*'[1]عهد ومصروفات بدر'!$T$8:$T$5007),0)) | AM67: =IF($A67="","",N(AK67)-N(AL67)) | AN67: =IF(A67="","",N(D67)+N(G67)+N(J67)+N(M67)+N(P67)+N(S67)+N(V67)+N(Y67)+N(AB67)+N(AE67)+N(AH67)+N(AK67)) | AO67: =IF(A67="","",N(E67)+N(H67)+N(K67)+N(N67)+N(Q67)+N(T67)+N(W67)+N(Z67)+N(AC67)+N(AF67)+N(AI67)+N(AL67)) | AP67: =IF(A67="","",N(B67)-AO67) | AQ67: =IF(A67="",0,(N(F67)<0)+(N(I67)<0)+(N(L67)<0)+(N(O67)<0)+(N(R67)<0)+(N(U67)<0)+(N(X67)<0)+(N(AA67)<0)+(N(AD67)<0)+(N(AG67)<0)+(N(AJ67)<0)+(N(AM67)<0)) | AR67: =IF(A67="",0,MAX(0,-N(F67))+MAX(0,-N(I67))+MAX(0,-N(L67))+MAX(0,-N(O67))+MAX(0,-N(R67))+MAX(0,-N(U67))+MAX(0,-N(X67))+MAX(0,-N(AA67))+MAX(0,-N(AD67))+MAX(0,-N(AG67))+MAX(0,-N(AJ67))+MAX(0,-N(AM67))) | AS67: =IF(A67="",0,IF(OR(N(AP67)<0,AQ67>0),1,0)) | AT67: =AT66+AS67 | AU67: =IF(A67="",-1,N(AO67)+ROW()/10000000)
A68: الإجمالي | B68: =SUM(B8:B67) | C68: =SUM(C8:C67) | D68: =SUM(D8:D67) | E68: =SUM(E8:E67) | F68: =SUM(F8:F67) | G68: =SUM(G8:G67) | H68: =SUM(H8:H67) | I68: =SUM(I8:I67) | ... AP68: =SUM(AP8:AP67)

Sheet التحليل
A1: التحليل – متابعة تنفيذ موازنات دمياط وبدر
A2: كل الأرقام تُحسب تلقائيًا من شيتي الموازنة · لا يوجد إدخال في هذه الصفحة
A4: مقارنة دمياط وبدر
A5: المدرسة | B5: الموازنة السنوية | C5: إجمالي المنصرف | D5: المتبقي / العجز | E5: نسبة الصرف | F5: بنود بها عجز
A6: دمياط | B6: =SUM('موازنة دمياط'!$B$8:$B$67) | C6: =SUM('موازنة دمياط'!$AO$8:$AO$67) | D6: =B6-C6 | E6: =IF(N(B6)=0,0,C6/B6) | F6: =COUNTIF('موازنة دمياط'!$AS$8:$AS$67,1)
A7: بدر | B7: =SUM('موازنة بدر'!$B$8:$B$67) | C7: =SUM('موازنة بدر'!$AO$8:$AO$67) | D7: =B7-C7 | E7: =IF(N(B7)=0,0,C7/B7) | F7: =COUNTIF('موازنة بدر'!$AS$8:$AS$67,1)
A8: الإجمالي | B8: =SUM(B6:B7) | C8: =SUM(C6:C7) | D8: =SUM(D6:D7) | E8: =IF(N(B8)=0,0,C8/B8) | F8: =SUM(F6:F7)
A11: التحليل الشهري: المخصص والمنصرف والمتبقي
B12: دمياط | E12: بدر | H12: الإجمالي
A13: الشهر | B13: المخصص | C13: المنصرف | D13: المتبقي / العجز | E13: المخصص | F13: المنصرف | G13: المتبقي / العجز | H13: المخصص | I13: المنصرف | J13: المتبقي / العجز
A14: سبتمبر 2026 | B14: =SUM('موازنة دمياط'!D$8:D$67) | C14: =SUM('موازنة دمياط'!E$8:E$67) | D14: =B14-C14 | E14: =SUM('موازنة بدر'!D$8:D$67) | F14: =SUM('موازنة بدر'!E$8:E$67) | G14: =E14-F14 | H14: =B14+E14 | I14: =C14+F14 | J14: =H14-I14
A15: أكتوبر 2026 | B15: =SUM('موازنة دمياط'!G$8:G$67) | C15: =SUM('موازنة دمياط'!H$8:H$67) | D15: =B15-C15 | E15: =SUM('موازنة بدر'!G$8:G$67) | F15: =SUM('موازنة بدر'!H$8:H$67) | G15: =E15-F15 | H15: =B15+E15 | I15: =C15+F15 | J15: =H15-I15
A16: نوفمبر 2026 | B16: =SUM('موازنة دمياط'!J$8:J$67) | C16: =SUM('موازنة دمياط'!K$8:K$67) | D16: =B16-C16 | E16: =SUM('موازنة بدر'!J$8:J$67) | F16: =SUM('موازنة بدر'!K$8:K$67) | G16: =E16-F16 | H16: =B16+E16 | I16: =C16+F16 | J16: =H16-I16
A17: ديسمبر 2026 | B17: =SUM('موازنة دمياط'!M$8:M$67) | C17: =SUM('موازنة دمياط'!N$8:N$67) | D17: =B17-C17 | E17: =SUM('موازنة بدر'!M$8:M$67) | F17: =SUM('موازنة بدر'!N$8:N$67) | G17: =E17-F17 | H17: =B17+E17 | I17: =C17+F17 | J17: =H17-I17
A18: يناير 2027 | B18: =SUM('موازنة دمياط'!P$8:P$67) | C18: =SUM('موازنة دمياط'!Q$8:Q$67) | D18: =B18-C18 | E18: =SUM('موازنة بدر'!P$8:P$67) | F18: =SUM('موازنة بدر'!Q$8:Q$67) | G18: =E18-F18 | H18: =B18+E18 | I18: =C18+F18 | J18: =H18-I18
A19: فبراير 2027 | B19: =SUM('موازنة دمياط'!S$8:S$67) | C19: =SUM('موازنة دمياط'!T$8:T$67) | D19: =B19-C19 | E19: =SUM('موازنة بدر'!S$8:S$67) | F19: =SUM('موازنة بدر'!T$8:T$67) | G19: =E19-F19 | H19: =B19+E19 | I19: =C19+F19 | J19: =H19-I19
A20: مارس 2027 | B20: =SUM('موازنة دمياط'!V$8:V$67) | C20: =SUM('موازنة دمياط'!W$8:W$67) | D20: =B20-C20 | E20: =SUM('موازنة بدر'!V$8:V$67) | F20: =SUM('موازنة بدر'!W$8:W$67) | G20: =E20-F20 | H20: =B20+E20 | I20: =C20+F20 | J20: =H20-I20
A21: أبريل 2027 | B21: =SUM('موازنة دمياط'!Y$8:Y$67) | C21: =SUM('موازنة دمياط'!Z$8:Z$67) | D21: =B21-C21 | E21: =SUM('موازنة بدر'!Y$8:Y$67) | F21: =SUM('موازنة بدر'!Z$8:Z$67) | G21: =E21-F21 | H21: =B21+E21 | I21: =C21+F21 | J21: =H21-I21
A22: مايو 2027 | B22: =SUM('موازنة دمياط'!AB$8:AB$67) | C22: =SUM('موازنة دمياط'!AC$8:AC$67) | D22: =B22-C22 | E22: =SUM('موازنة بدر'!AB$8:AB$67) | F22: =SUM('موازنة بدر'!AC$8:AC$67) | G22: =E22-F22 | H22: =B22+E22 | I22: =C22+F22 | J22: =H22-I22
A23: يونيو 2027 | B23: =SUM('موازنة دمياط'!AE$8:AE$67) | C23: =SUM('موازنة دمياط'!AF$8:AF$67) | D23: =B23-C23 | E23: =SUM('موازنة بدر'!AE$8:AE$67) | F23: =SUM('موازنة بدر'!AF$8:AF$67) | G23: =E23-F23 | H23: =B23+E23 | I23: =C23+F23 | J23: =H23-I23
A24: يوليو 2027 | B24: =SUM('موازنة دمياط'!AH$8:AH$67) | C24: =SUM('موازنة دمياط'!AI$8:AI$67) | D24: =B24-C24 | E24: =SUM('موازنة بدر'!AH$8:AH$67) | F24: =SUM('موازنة بدر'!AI$8:AI$67) | G24: =E24-F24 | H24: =B24+E24 | I24: =C24+F24 | J24: =H24-I24
A25: أغسطس 2027 | B25: =SUM('موازنة دمياط'!AK$8:AK$67) | C25: =SUM('موازنة دمياط'!AL$8:AL$67) | D25: =B25-C25 | E25: =SUM('موازنة بدر'!AK$8:AK$67) | F25: =SUM('موازنة بدر'!AL$8:AL$67) | G25: =E25-F25 | H25: =B25+E25 | I25: =C25+F25 | J25: =H25-I25
A26: الإجمالي | B26: =SUM(B14:B25) | C26: =SUM(C14:C25) | D26: =SUM(D14:D25) | E26: =SUM(E14:E25) | F26: =SUM(F14:F25) | G26: =SUM(G14:G25) | H26: =SUM(H14:H25) | I26: =SUM(I14:I25) | J26: =SUM(J14:J25)
A29: البنود التي بها عجز (سنوي أو في شهر واحد على الأقل)
A30: دمياط | G30: بدر
A31: البند | B31: المخصص السنوي | C31: المنصرف | D31: المتبقي / العجز السنوي | E31: أشهر بها عجز | G31: البند | H31: المخصص السنوي | I31: المنصرف | J31: المتبقي / العجز السنوي | K31: أشهر بها عجز
A32: =IFERROR(INDEX('موازنة دمياط'!$A$8:$A$67,MATCH(1,'موازنة دمياط'!$AT$8:$AT$67,0)),"") | B32: =IFERROR(INDEX('موازنة دمياط'!$B$8:$B$67,MATCH(1,'موازنة دمياط'!$AT$8:$AT$67,0)),"") | C32: =IFERROR(INDEX('موازنة دمياط'!$AO$8:$AO$67,MATCH(1,'موازنة دمياط'!$AT$8:$AT$67,0)),"") | D32: =IFERROR(INDEX('موازنة دمياط'!$AP$8:$AP$67,MATCH(1,'موازنة دمياط'!$AT$8:$AT$67,0)),"") | E32: =IFERROR(INDEX('موازنة دمياط'!$AQ$8:$AQ$67,MATCH(1,'موازنة دمياط'!$AT$8:$AT$67,0)),"") | G32: =IFERROR(INDEX('موازنة بدر'!$A$8:$A$67,MATCH(1,'موازنة بدر'!$AT$8:$AT$67,0)),"") | H32: =IFERROR(INDEX('موازنة بدر'!$B$8:$B$67,MATCH(1,'موازنة بدر'!$AT$8:$AT$67,0)),"") | I32: =IFERROR(INDEX('موازنة بدر'!$AO$8:$AO$67,MATCH(1,'موازنة بدر'!$AT$8:$AT$67,0)),"") | J32: =IFERROR(INDEX('موازنة بدر'!$AP$8:$AP$67,MATCH(1,'موازنة بدر'!$AT$8:$AT$67,0)),"") | K32: =IFERROR(INDEX('موازنة بدر'!$AQ$8:$AQ$67,MATCH(1,'موازنة بدر'!$AT$8:$AT$67,0)),"")
A33: =IFERROR(INDEX('موازنة دمياط'!$A$8:$A$67,MATCH(2,'موازنة دمياط'!$AT$8:$AT$67,0)),"") | B33: =IFERROR(INDEX('موازنة دمياط'!$B$8:$B$67,MATCH(2,'موازنة دمياط'!$AT$8:$AT$67,0)),"") | C33: =IFERROR(INDEX('موازنة دمياط'!$AO$8:$AO$67,MATCH(2,'موازنة دمياط'!$AT$8:$AT$67,0)),"") | D33: =IFERROR(INDEX('موازنة دمياط'!$AP$8:$AP$67,MATCH(2,'موازنة دمياط'!$AT$8:$AT$67,0)),"") | E33: =IFERROR(INDEX('موازنة دمياط'!$AQ$8:$AQ$67,MATCH(2,'موازنة دمياط'!$AT$8:$AT$67,0)),"") | G33: =IFERROR(INDEX('موازنة بدر'!$A$8:$A$67,MATCH(2,'موازنة بدر'!$AT$8:$AT$67,0)),"") | H33: =IFERROR(INDEX('موازنة بدر'!$B$8:$B$67,MATCH(2,'موازنة بدر'!$AT$8:$AT$67,0)),"") | I33: =IFERROR(INDEX('موازنة بدر'!$AO$8:$AO$67,MATCH(2,'موازنة بدر'!$AT$8:$AT$67,0)),"") | J33: =IFERROR(INDEX('موازنة بدر'!$AP$8:$AP$67,MATCH(2,'موازنة بدر'!$AT$8:$AT$67,0)),"") | K33: =IFERROR(INDEX('موازنة بدر'!$AQ$8:$AQ$67,MATCH(2,'موازنة بدر'!$AT$8:$AT$67,0)),"")
A34: =IFERROR(INDEX('موازنة دمياط'!$A$8:$A$67,MATCH(3,'موازنة دمياط'!$AT$8:$AT$67,0)),"") | B34: =IFERROR(INDEX('موازنة دمياط'!$B$8:$B$67,MATCH(3,'موازنة دمياط'!$AT$8:$AT$67,0)),"") | C34: =IFERROR(INDEX('موازنة دمياط'!$AO$8:$AO$67,MATCH(3,'موازنة دمياط'!$AT$8:$AT$67,0)),"") | D34: =IFERROR(INDEX('موازنة دمياط'!$AP$8:$AP$67,MATCH(3,'موازنة دمياط'!$AT$8:$AT$67,0)),"") | E34: =IFERROR(INDEX('موازنة دمياط'!$AQ$8:$AQ$67,MATCH(3,'موازنة دمياط'!$AT$8:$AT$67,0)),"") | G34: =IFERROR(INDEX('موازنة بدر'!$A$8:$A$67,MATCH(3,'موازنة بدر'!$AT$8:$AT$67,0)),"") | H34: =IFERROR(INDEX('موازنة بدر'!$B$8:$B$67,MATCH(3,'موازنة بدر'!$AT$8:$AT$67,0)),"") | I34: =IFERROR(INDEX('موازنة بدر'!$AO$8:$AO$67,MATCH(3,'موازنة بدر'!$AT$8:$AT$67,0)),"") | J34: =IFERROR(INDEX('موازنة بدر'!$AP$8:$AP$67,MATCH(3,'موازنة بدر'!$AT$8:$AT$67,0)),"") | K34: =IFERROR(INDEX('موازنة بدر'!$AQ$8:$AQ$67,MATCH(3,'موازنة بدر'!$AT$8:$AT$67,0)),"")
A35: =IFERROR(INDEX('موازنة دمياط'!$A$8:$A$67,MATCH(4,'موازنة دمياط'!$AT$8:$AT$67,0)),"") | B35: =IFERROR(INDEX('موازنة دمياط'!$B$8:$B$67,MATCH(4,'موازنة دمياط'!$AT$8:$AT$67,0)),"") | C35: =IFERROR(INDEX('موازنة دمياط'!$AO$8:$AO$67,MATCH(4,'موازنة دمياط'!$AT$8:$AT$67,0)),"") | D35: =IFERROR(INDEX('موازنة دمياط'!$AP$8:$AP$67,MATCH(4,'موازنة دمياط'!$AT$8:$AT$67,0)),"") | E35: =IFERROR(INDEX('موازنة دمياط'!$AQ$8:$AQ$67,MATCH(4,'موازنة دمياط'!$AT$8:$AT$67,0)),"") | G35: =IFERROR(INDEX('موازنة بدر'!$A$8:$A$67,MATCH(4,'موازنة بدر'!$AT$8:$AT$67,0)),"") | H35: =IFERROR(INDEX('موازنة بدر'!$B$8:$B$67,MATCH(4,'موازنة بدر'!$AT$8:$AT$67,0)),"") | I35: =IFERROR(INDEX('موازنة بدر'!$AO$8:$AO$67,MATCH(4,'موازنة بدر'!$AT$8:$AT$67,0)),"") | J35: =IFERROR(INDEX('موازنة بدر'!$AP$8:$AP$67,MATCH(4,'موازنة بدر'!$AT$8:$AT$67,0)),"") | K35: =IFERROR(INDEX('موازنة بدر'!$AQ$8:$AQ$67,MATCH(4,'موازنة بدر'!$AT$8:$AT$67,0)),"")
A36: =IFERROR(INDEX('موازنة دمياط'!$A$8:$A$67,MATCH(5,'موازنة دمياط'!$AT$8:$AT$67,0)),"") | B36: =IFERROR(INDEX('موازنة دمياط'!$B$8:$B$67,MATCH(5,'موازنة دمياط'!$AT$8:$AT$67,0)),"") | C36: =IFERROR(INDEX('موازنة دمياط'!$AO$8:$AO$67,MATCH(5,'موازنة دمياط'!$AT$8:$AT$67,0)),"") | D36: =IFERROR(INDEX('موازنة دمياط'!$AP$8:$AP$67,MATCH(5,'موازنة دمياط'!$AT$8:$AT$67,0)),"") | E36: =IFERROR(INDEX('موازنة دمياط'!$AQ$8:$AQ$67,MATCH(5,'موازنة دمياط'!$AT$8:$AT$67,0)),"") | G36: =IFERROR(INDEX('موازنة بدر'!$A$8:$A$67,MATCH(5,'موازنة بدر'!$AT$8:$AT$67,0)),"") | H36: =IFERROR(INDEX('موازنة بدر'!$B$8:$B$67,MATCH(5,'موازنة بدر'!$AT$8:$AT$67,0)),"") | I36: =IFERROR(INDEX('موازنة بدر'!$AO$8:$AO$67,MATCH(5,'موازنة بدر'!$AT$8:$AT$67,0)),"") | J36: =IFERROR(INDEX('موازنة بدر'!$AP$8:$AP$67,MATCH(5,'موازنة بدر'!$AT$8:$AT$67,0)),"") | K36: =IFERROR(INDEX('موازنة بدر'!$AQ$8:$AQ$67,MATCH(5,'موازنة بدر'!$AT$8:$AT$67,0)),"")
A37: =IFERROR(INDEX('موازنة دمياط'!$A$8:$A$67,MATCH(6,'موازنة دمياط'!$AT$8:$AT$67,0)),"") | B37: =IFERROR(INDEX('موازنة دمياط'!$B$8:$B$67,MATCH(6,'موازنة دمياط'!$AT$8:$AT$67,0)),"") | C37: =IFERROR(INDEX('موازنة دمياط'!$AO$8:$AO$67,MATCH(6,'موازنة دمياط'!$AT$8:$AT$67,0)),"") | D37: =IFERROR(INDEX('موازنة دمياط'!$AP$8:$AP$67,MATCH(6,'موازنة دمياط'!$AT$8:$AT$67,0)),"") | E37: =IFERROR(INDEX('موازنة دمياط'!$AQ$8:$AQ$67,MATCH(6,'موازنة دمياط'!$AT$8:$AT$67,0)),"") | G37: =IFERROR(INDEX('موازنة بدر'!$A$8:$A$67,MATCH(6,'موازنة بدر'!$AT$8:$AT$67,0)),"") | H37: =IFERROR(INDEX('موازنة بدر'!$B$8:$B$67,MATCH(6,'موازنة بدر'!$AT$8:$AT$67,0)),"") | I37: =IFERROR(INDEX('موازنة بدر'!$AO$8:$AO$67,MATCH(6,'موازنة بدر'!$AT$8:$AT$67,0)),"") | J37: =IFERROR(INDEX('موازنة بدر'!$AP$8:$AP$67,MATCH(6,'موازنة بدر'!$AT$8:$AT$67,0)),"") | K37: =IFERROR(INDEX('موازنة بدر'!$AQ$8:$AQ$67,MATCH(6,'موازنة بدر'!$AT$8:$AT$67,0)),"")
A38: =IFERROR(INDEX('موازنة دمياط'!$A$8:$A$67,MATCH(7,'موازنة دمياط'!$AT$8:$AT$67,0)),"") | B38: =IFERROR(INDEX('موازنة دمياط'!$B$8:$B$67,MATCH(7,'موازنة دمياط'!$AT$8:$AT$67,0)),"") | C38: =IFERROR(INDEX('موازنة دمياط'!$AO$8:$AO$67,MATCH(7,'موازنة دمياط'!$AT$8:$AT$67,0)),"") | D38: =IFERROR(INDEX('موازنة دمياط'!$AP$8:$AP$67,MATCH(7,'موازنة دمياط'!$AT$8:$AT$67,0)),"") | E38: =IFERROR(INDEX('موازنة دمياط'!$AQ$8:$AQ$67,MATCH(7,'موازنة دمياط'!$AT$8:$AT$67,0)),"") | G38: =IFERROR(INDEX('موازنة بدر'!$A$8:$A$67,MATCH(7,'موازنة بدر'!$AT$8:$AT$67,0)),"") | H38: =IFERROR(INDEX('موازنة بدر'!$B$8:$B$67,MATCH(7,'موازنة بدر'!$AT$8:$AT$67,0)),"") | I38: =IFERROR(INDEX('موازنة بدر'!$AO$8:$AO$67,MATCH(7,'موازنة بدر'!$AT$8:$AT$67,0)),"") | J38: =IFERROR(INDEX('موازنة بدر'!$AP$8:$AP$67,MATCH(7,'موازنة بدر'!$AT$8:$AT$67,0)),"") | K38: =IFERROR(INDEX('موازنة بدر'!$AQ$8:$AQ$67,MATCH(7,'موازنة بدر'!$AT$8:$AT$67,0)),"")
A39: =IFERROR(INDEX('موازنة دمياط'!$A$8:$A$67,MATCH(8,'موازنة دمياط'!$AT$8:$AT$67,0)),"") | B39: =IFERROR(INDEX('موازنة دمياط'!$B$8:$B$67,MATCH(8,'موازنة دمياط'!$AT$8:$AT$67,0)),"") | C39: =IFERROR(INDEX('موازنة دمياط'!$AO$8:$AO$67,MATCH(8,'موازنة دمياط'!$AT$8:$AT$67,0)),"") | D39: =IFERROR(INDEX('موازنة دمياط'!$AP$8:$AP$67,MATCH(8,'موازنة دمياط'!$AT$8:$AT$67,0)),"") | E39: =IFERROR(INDEX('موازنة دمياط'!$AQ$8:$AQ$67,MATCH(8,'موازنة دمياط'!$AT$8:$AT$67,0)),"") | G39: =IFERROR(INDEX('موازنة بدر'!$A$8:$A$67,MATCH(8,'موازنة بدر'!$AT$8:$AT$67,0)),"") | H39: =IFERROR(INDEX('موازنة بدر'!$B$8:$B$67,MATCH(8,'موازنة بدر'!$AT$8:$AT$67,0)),"") | I39: =IFERROR(INDEX('موازنة بدر'!$AO$8:$AO$67,MATCH(8,'موازنة بدر'!$AT$8:$AT$67,0)),"") | J39: =IFERROR(INDEX('موازنة بدر'!$AP$8:$AP$67,MATCH(8,'موازنة بدر'!$AT$8:$AT$67,0)),"") | K39: =IFERROR(INDEX('موازنة بدر'!$AQ$8:$AQ$67,MATCH(8,'موازنة بدر'!$AT$8:$AT$67,0)),"")
A40: =IFERROR(INDEX('موازنة دمياط'!$A$8:$A$67,MATCH(9,'موازنة دمياط'!$AT$8:$AT$67,0)),"") | B40: =IFERROR(INDEX('موازنة دمياط'!$B$8:$B$67,MATCH(9,'موازنة دمياط'!$AT$8:$AT$67,0)),"") | C40: =IFERROR(INDEX('موازنة دمياط'!$AO$8:$AO$67,MATCH(9,'موازنة دمياط'!$AT$8:$AT$67,0)),"") | D40: =IFERROR(INDEX('موازنة دمياط'!$AP$8:$AP$67,MATCH(9,'موازنة دمياط'!$AT$8:$AT$67,0)),"") | E40: =IFERROR(INDEX('موازنة دمياط'!$AQ$8:$AQ$67,MATCH(9,'موازنة دمياط'!$AT$8:$AT$67,0)),"") | G40: =IFERROR(INDEX('موازنة بدر'!$A$8:$A$67,MATCH(9,'موازنة بدر'!$AT$8:$AT$67,0)),"") | H40: =IFERROR(INDEX('موازنة بدر'!$B$8:$B$67,MATCH(9,'موازنة بدر'!$AT$8:$AT$67,0)),"") | I40: =IFERROR(INDEX('موازنة بدر'!$AO$8:$AO$67,MATCH(9,'موازنة بدر'!$AT$8:$AT$67,0)),"") | J40: =IFERROR(INDEX('موازنة بدر'!$AP$8:$AP$67,MATCH(9,'موازنة بدر'!$AT$8:$AT$67,0)),"") | K40: =IFERROR(INDEX('موازنة بدر'!$AQ$8:$AQ$67,MATCH(9,'موازنة بدر'!$AT$8:$AT$67,0)),"")
A41: =IFERROR(INDEX('موازنة دمياط'!$A$8:$A$67,MATCH(10,'موازنة دمياط'!$AT$8:$AT$67,0)),"") | B41: =IFERROR(INDEX('موازنة دمياط'!$B$8:$B$67,MATCH(10,'موازنة دمياط'!$AT$8:$AT$67,0)),"") | C41: =IFERROR(INDEX('موازنة دمياط'!$AO$8:$AO$67,MATCH(10,'موازنة دمياط'!$AT$8:$AT$67,0)),"") | D41: =IFERROR(INDEX('موازنة دمياط'!$AP$8:$AP$67,MATCH(10,'موازنة دمياط'!$AT$8:$AT$67,0)),"") | E41: =IFERROR(INDEX('موازنة دمياط'!$AQ$8:$AQ$67,MATCH(10,'موازنة دمياط'!$AT$8:$AT$67,0)),"") | G41: =IFERROR(INDEX('موازنة بدر'!$A$8:$A$67,MATCH(10,'موازنة بدر'!$AT$8:$AT$67,0)),"") | H41: =IFERROR(INDEX('موازنة بدر'!$B$8:$B$67,MATCH(10,'موازنة بدر'!$AT$8:$AT$67,0)),"") | I41: =IFERROR(INDEX('موازنة بدر'!$AO$8:$AO$67,MATCH(10,'موازنة بدر'!$AT$8:$AT$67,0)),"") | J41: =IFERROR(INDEX('موازنة بدر'!$AP$8:$AP$67,MATCH(10,'موازنة بدر'!$AT$8:$AT$67,0)),"") | K41: =IFERROR(INDEX('موازنة بدر'!$AQ$8:$AQ$67,MATCH(10,'موازنة بدر'!$AT$8:$AT$67,0)),"")
A42: =IFERROR(INDEX('موازنة دمياط'!$A$8:$A$67,MATCH(11,'موازنة دمياط'!$AT$8:$AT$67,0)),"") | B42: =IFERROR(INDEX('موازنة دمياط'!$B$8:$B$67,MATCH(11,'موازنة دمياط'!$AT$8:$AT$67,0)),"") | C42: =IFERROR(INDEX('موازنة دمياط'!$AO$8:$AO$67,MATCH(11,'موازنة دمياط'!$AT$8:$AT$67,0)),"") | D42: =IFERROR(INDEX('موازنة دمياط'!$AP$8:$AP$67,MATCH(11,'موازنة دمياط'!$AT$8:$AT$67,0)),"") | E42: =IFERROR(INDEX('موازنة دمياط'!$AQ$8:$AQ$67,MATCH(11,'موازنة دمياط'!$AT$8:$AT$67,0)),"") | G42: =IFERROR(INDEX('موازنة بدر'!$A$8:$A$67,MATCH(11,'موازنة بدر'!$AT$8:$AT$67,0)),"") | H42: =IFERROR(INDEX('موازنة بدر'!$B$8:$B$67,MATCH(11,'موازنة بدر'!$AT$8:$AT$67,0)),"") | I42: =IFERROR(INDEX('موازنة بدر'!$AO$8:$AO$67,MATCH(11,'موازنة بدر'!$AT$8:$AT$67,0)),"") | J42: =IFERROR(INDEX('موازنة بدر'!$AP$8:$AP$67,MATCH(11,'موازنة بدر'!$AT$8:$AT$67,0)),"") | K42: =IFERROR(INDEX('موازنة بدر'!$AQ$8:$AQ$67,MATCH(11,'موازنة بدر'!$AT$8:$AT$67,0)),"")
A43: =IFERROR(INDEX('موازنة دمياط'!$A$8:$A$67,MATCH(12,'موازنة دمياط'!$AT$8:$AT$67,0)),"") | B43: =IFERROR(INDEX('موازنة دمياط'!$B$8:$B$67,MATCH(12,'موازنة دمياط'!$AT$8:$AT$67,0)),"") | C43: =IFERROR(INDEX('موازنة دمياط'!$AO$8:$AO$67,MATCH(12,'موازنة دمياط'!$AT$8:$AT$67,0)),"") | D43: =IFERROR(INDEX('موازنة دمياط'!$AP$8:$AP$67,MATCH(12,'موازنة دمياط'!$AT$8:$AT$67,0)),"") | E43: =IFERROR(INDEX('موازنة دمياط'!$AQ$8:$AQ$67,MATCH(12,'موازنة دمياط'!$AT$8:$AT$67,0)),"") | G43: =IFERROR(INDEX('موازنة بدر'!$A$8:$A$67,MATCH(12,'موازنة بدر'!$AT$8:$AT$67,0)),"") | H43: =IFERROR(INDEX('موازنة بدر'!$B$8:$B$67,MATCH(12,'موازنة بدر'!$AT$8:$AT$67,0)),"") | I43: =IFERROR(INDEX('موازنة بدر'!$AO$8:$AO$67,MATCH(12,'موازنة بدر'!$AT$8:$AT$67,0)),"") | J43: =IFERROR(INDEX('موازنة بدر'!$AP$8:$AP$67,MATCH(12,'موازنة بدر'!$AT$8:$AT$67,0)),"") | K43: =IFERROR(INDEX('موازنة بدر'!$AQ$8:$AQ$67,MATCH(12,'موازنة بدر'!$AT$8:$AT$67,0)),"")
A44: =IFERROR(INDEX('موازنة دمياط'!$A$8:$A$67,MATCH(13,'موازنة دمياط'!$AT$8:$AT$67,0)),"") | B44: =IFERROR(INDEX('موازنة دمياط'!$B$8:$B$67,MATCH(13,'موازنة دمياط'!$AT$8:$AT$67,0)),"") | C44: =IFERROR(INDEX('موازنة دمياط'!$AO$8:$AO$67,MATCH(13,'موازنة دمياط'!$AT$8:$AT$67,0)),"") | D44: =IFERROR(INDEX('موازنة دمياط'!$AP$8:$AP$67,MATCH(13,'موازنة دمياط'!$AT$8:$AT$67,0)),"") | E44: =IFERROR(INDEX('موازنة دمياط'!$AQ$8:$AQ$67,MATCH(13,'موازنة دمياط'!$AT$8:$AT$67,0)),"") | G44: =IFERROR(INDEX('موازنة بدر'!$A$8:$A$67,MATCH(13,'موازنة بدر'!$AT$8:$AT$67,0)),"") | H44: =IFERROR(INDEX('موازنة بدر'!$B$8:$B$67,MATCH(13,'موازنة بدر'!$AT$8:$AT$67,0)),"") | I44: =IFERROR(INDEX('موازنة بدر'!$AO$8:$AO$67,MATCH(13,'موازنة بدر'!$AT$8:$AT$67,0)),"") | J44: =IFERROR(INDEX('موازنة بدر'!$AP$8:$AP$67,MATCH(13,'موازنة بدر'!$AT$8:$AT$67,0)),"") | K44: =IFERROR(INDEX('موازنة بدر'!$AQ$8:$AQ$67,MATCH(13,'موازنة بدر'!$AT$8:$AT$67,0)),"")
A45: =IFERROR(INDEX('موازنة دمياط'!$A$8:$A$67,MATCH(14,'موازنة دمياط'!$AT$8:$AT$67,0)),"") | B45: =IFERROR(INDEX('موازنة دمياط'!$B$8:$B$67,MATCH(14,'موازنة دمياط'!$AT$8:$AT$67,0)),"") | C45: =IFERROR(INDEX('موازنة دمياط'!$AO$8:$AO$67,MATCH(14,'موازنة دمياط'!$AT$8:$AT$67,0)),"") | D45: =IFERROR(INDEX('موازنة دمياط'!$AP$8:$AP$67,MATCH(14,'موازنة دمياط'!$AT$8:$AT$67,0)),"") | E45: =IFERROR(INDEX('موازنة دمياط'!$AQ$8:$AQ$67,MATCH(14,'موازنة دمياط'!$AT$8:$AT$67,0)),"") | G45: =IFERROR(INDEX('موازنة بدر'!$A$8:$A$67,MATCH(14,'موازنة بدر'!$AT$8:$AT$67,0)),"") | H45: =IFERROR(INDEX('موازنة بدر'!$B$8:$B$67,MATCH(14,'موازنة بدر'!$AT$8:$AT$67,0)),"") | I45: =IFERROR(INDEX('موازنة بدر'!$AO$8:$AO$67,MATCH(14,'موازنة بدر'!$AT$8:$AT$67,0)),"") | J45: =IFERROR(INDEX('موازنة بدر'!$AP$8:$AP$67,MATCH(14,'موازنة بدر'!$AT$8:$AT$67,0)),"") | K45: =IFERROR(INDEX('موازنة بدر'!$AQ$8:$AQ$67,MATCH(14,'موازنة بدر'!$AT$8:$AT$67,0)),"")
