Workbook
Name List_Items_DMT: OFFSET(القوائم!$A$2,0,0,MAX(1,COUNTIF(القوائم!$A$2:$A$61,"?*")),1)
Name List_Items_BDR: OFFSET(القوائم!$B$2,0,0,MAX(1,COUNTIF(القوائم!$B$2:$B$61,"?*")),1)

Sheet عهد ومصروفات دمياط
A1: عهد ومصروفات مدرسة ابدأ – دمياط | سبتمبر 2026 – أغسطس 2027
A2: لإضافة عهدة: في أول صف فارغ اختر «عهدة» واكتب التاريخ وصاحب العهدة وقيمتها ← في الصفوف التالية اختر «مصروف» لكل مصروف من هذه العهدة: التاريخ، البيان، القيمة، بند الموازنة، موافقة المدير، التسوية ← عند الانتهاء غيّر حالة العهدة إلى «تمت التسوية» ثم ابدأ العهدة التالية أسفلها. رقم العهدة والشهر والإجماليات والتنبيهات تُحسب تلقائيًا · الخلايا الملونة بالأصفر الفاتح فقط للإدخال · استخدم الفلتر ولا تُرتّب الجدول.
A3: إجمالي قيمة العهد | C3: إجمالي المصروفات | E3: إجمالي المتبقي / العجز | F3: العهد المفتوحة (عدد) | H3: قيمة العهد المفتوحة | I3: العهد التي تمت تسويتها (عدد) | L3: قيمة العهد التي تمت تسويتها
A4: =SUM($F$8:$F$5007) | C4: =SUMIFS($G$8:$G$5007,$A$8:$A$5007,"مصروف",$I$8:$I$5007,"<>مرفوض") | E4: =SUM($P$8:$P$5007) | F4: =COUNTIFS($A$8:$A$5007,"عهدة",$L$8:$L$5007,"<>تمت التسوية") | H4: =SUMIFS($F$8:$F$5007,$A$8:$A$5007,"عهدة",$L$8:$L$5007,"<>تمت التسوية") | I4: =COUNTIFS($A$8:$A$5007,"عهدة",$L$8:$L$5007,"تمت التسوية") | L4: =SUMIFS($F$8:$F$5007,$A$8:$A$5007,"عهدة",$L$8:$L$5007,"تمت التسوية")
A5: ="⚠ مصروفات غير مسواة مع الحسابات: "&COUNTIFS($A$8:$A$5007,"مصروف",$G$8:$G$5007,">0",$I$8:$I$5007,"<>مرفوض",$K$8:$K$5007,"<>نعم") | E5: ="⏳ بانتظار موافقة المدير: "&COUNTIFS($A$8:$A$5007,"مصروف",$G$8:$G$5007,">0",$I$8:$I$5007,"<>موافق",$I$8:$I$5007,"<>مرفوض") | I5: ="⛔ عهد بها عجز / زيادة مصروفات: "&COUNTIFS($A$8:$A$5007,"عهدة",$P$8:$P$5007,"<0")
A6: مثال: عهدة | 01/09/2026 | أ/ محمد – مشتريات | قيمة العهدة 20,000 ثم مصروف | 03/09/2026 | أحبار طابعة | 1,250 | الأدوات المكتبية... | موافق | نعم
A7: عهدة / مصروف | B7: رقم العهدة | C7: التاريخ | D7: الشهر | E7: البيان / صاحب العهدة | F7: قيمة العهدة | G7: قيمة المصروف | H7: بند الموازنة | I7: موافقة المدير المباشر | J7: تاريخ الموافقة | K7: تمت التسوية مع الحسابات؟ | L7: حالة العهدة | M7: تاريخ التسوية | N7: ملاحظات | O7: إجمالي مصروفات العهدة | P7: المتبقي / العجز | Q7: الحالة والتنبيهات | R7: idx | S7: month_no | T7: budget_amount
B8: =IF(A8="","",IF(R8=0,"⚠ أضف سطر عهدة أولًا","DMT-"&TEXT(R8,"000"))) | D8: =IF(C8="","",IF(S8="","خارج السنة المالية",INDEX(القوائم!$D$2:$D$13,S8))) | O8: =IF(A8<>"عهدة","",SUMIFS($G$8:$G$5007,$B$8:$B$5007,B8,$A$8:$A$5007,"مصروف",$I$8:$I$5007,"<>مرفوض")) | P8: =IF(A8<>"عهدة","",N(F8)-O8) | Q8: =IF(A8="","",IF(A8="عهدة",IF(N(F8)=0,"⚠ أدخل قيمة العهدة",IF(P8<0,"⛔ عجز / زيادة مصروفات "&TEXT(-P8,"#,##0"),IF(COUNTIFS($B$8:$B$5007,B8,$A$8:$A$5007,"مصروف",$I$8:$I$5007,"<>مرفوض",$K$8:$K$5007,"<>نعم")>0,"⚠ "&COUNTIFS($B$8:$B$5007,B8,$A$8:$A$5007,"مصروف",$I$8:$I$5007,"<>مرفوض",$K$8:$K$5007,"<>نعم")&" مصروف غير مسوى",IF(L8="تمت التسوية",IF(P8=0,"✔ متوازنة وتمت التسوية","✔ تمت التسوية – متبقي "&TEXT(P8,"#,##0")),IF(P8>0,"متبقي "&TEXT(P8,"#,##0"),"✔ متوازنة"))))),IF(R8=0,"⚠ أضف سطر عهدة أولًا",IF(OR(C8="",N(G8)=0),"⚠ أكمل التاريخ والقيمة",IF(S8="","⚠ التاريخ خارج السنة المالية",IF(H8="","⚠ اختر بند الموازنة",IF(I8="مرفوض","✖ مرفوض من المدير",IF(I8<>"موافق","⏳ بانتظار موافقة المدير",IF(K8<>"نعم","⚠ غير مسوى مع الحسابات","✔ معتمد ومسوى"))))))))) | R8: =IF(A8="عهدة",1,0) | S8: =IF(C8="","",IF(AND(C8>=DATE(2026,9,1),C8<=DATE(2027,8,31)),(YEAR(C8)-2026)*12+MONTH(C8)-8,"")) | T8: =IF(AND(A8="مصروف",R8>0,I8="موافق",S8<>"",H8<>""),N(G8),0)
B9: =IF(A9="","",IF(R9=0,"⚠ أضف سطر عهدة أولًا","DMT-"&TEXT(R9,"000"))) | D9: =IF(C9="","",IF(S9="","خارج السنة المالية",INDEX(القوائم!$D$2:$D$13,S9))) | O9: =IF(A9<>"عهدة","",SUMIFS($G$8:$G$5007,$B$8:$B$5007,B9,$A$8:$A$5007,"مصروف",$I$8:$I$5007,"<>مرفوض")) | P9: =IF(A9<>"عهدة","",N(F9)-O9) | Q9: =IF(A9="","",IF(A9="عهدة",IF(N(F9)=0,"⚠ أدخل قيمة العهدة",IF(P9<0,"⛔ عجز / زيادة مصروفات "&TEXT(-P9,"#,##0"),IF(COUNTIFS($B$8:$B$5007,B9,$A$8:$A$5007,"مصروف",$I$8:$I$5007,"<>مرفوض",$K$8:$K$5007,"<>نعم")>0,"⚠ "&COUNTIFS($B$8:$B$5007,B9,$A$8:$A$5007,"مصروف",$I$8:$I$5007,"<>مرفوض",$K$8:$K$5007,"<>نعم")&" مصروف غير مسوى",IF(L9="تمت التسوية",IF(P9=0,"✔ متوازنة وتمت التسوية","✔ تمت التسوية – متبقي "&TEXT(P9,"#,##0")),IF(P9>0,"متبقي "&TEXT(P9,"#,##0"),"✔ متوازنة"))))),IF(R9=0,"⚠ أضف سطر عهدة أولًا",IF(OR(C9="",N(G9)=0),"⚠ أكمل التاريخ والقيمة",IF(S9="","⚠ التاريخ خارج السنة المالية",IF(H9="","⚠ اختر بند الموازنة",IF(I9="مرفوض","✖ مرفوض من المدير",IF(I9<>"موافق","⏳ بانتظار موافقة المدير",IF(K9<>"نعم","⚠ غير مسوى مع الحسابات","✔ معتمد ومسوى"))))))))) | R9: =N(R8)+IF(A9="عهدة",1,0) | S9: =IF(C9="","",IF(AND(C9>=DATE(2026,9,1),C9<=DATE(2027,8,31)),(YEAR(C9)-2026)*12+MONTH(C9)-8,"")) | T9: =IF(AND(A9="مصروف",R9>0,I9="موافق",S9<>"",H9<>""),N(G9),0)
B10: =IF(A10="","",IF(R10=0,"⚠ أضف سطر عهدة أولًا","DMT-"&TEXT(R10,"000"))) | D10: =IF(C10="","",IF(S10="","خارج السنة المالية",INDEX(القوائم!$D$2:$D$13,S10))) | O10: =IF(A10<>"عهدة","",SUMIFS($G$8:$G$5007,$B$8:$B$5007,B10,$A$8:$A$5007,"مصروف",$I$8:$I$5007,"<>مرفوض")) | P10: =IF(A10<>"عهدة","",N(F10)-O10) | Q10: =IF(A10="","",IF(A10="عهدة",IF(N(F10)=0,"⚠ أدخل قيمة العهدة",IF(P10<0,"⛔ عجز / زيادة مصروفات "&TEXT(-P10,"#,##0"),IF(COUNTIFS($B$8:$B$5007,B10,$A$8:$A$5007,"مصروف",$I$8:$I$5007,"<>مرفوض",$K$8:$K$5007,"<>نعم")>0,"⚠ "&COUNTIFS($B$8:$B$5007,B10,$A$8:$A$5007,"مصروف",$I$8:$I$5007,"<>مرفوض",$K$8:$K$5007,"<>نعم")&" مصروف غير مسوى",IF(L10="تمت التسوية",IF(P10=0,"✔ متوازنة وتمت التسوية","✔ تمت التسوية – متبقي "&TEXT(P10,"#,##0")),IF(P10>0,"متبقي "&TEXT(P10,"#,##0"),"✔ متوازنة"))))),IF(R10=0,"⚠ أضف سطر عهدة أولًا",IF(OR(C10="",N(G10)=0),"⚠ أكمل التاريخ والقيمة",IF(S10="","⚠ التاريخ خارج السنة المالية",IF(H10="","⚠ اختر بند الموازنة",IF(I10="مرفوض","✖ مرفوض من المدير",IF(I10<>"موافق","⏳ بانتظار موافقة المدير",IF(K10<>"نعم","⚠ غير مسوى مع الحسابات","✔ معتمد ومسوى"))))))))) | R10: =N(R9)+IF(A10="عهدة",1,0) | S10: =IF(C10="","",IF(AND(C10>=DATE(2026,9,1),C10<=DATE(2027,8,31)),(YEAR(C10)-2026)*12+MONTH(C10)-8,"")) | T10: =IF(AND(A10="مصروف",R10>0,I10="موافق",S10<>"",H10<>""),N(G10),0)
B11: =IF(A11="","",IF(R11=0,"⚠ أضف سطر عهدة أولًا","DMT-"&TEXT(R11,"000"))) | D11: =IF(C11="","",IF(S11="","خارج السنة المالية",INDEX(القوائم!$D$2:$D$13,S11))) | O11: =IF(A11<>"عهدة","",SUMIFS($G$8:$G$5007,$B$8:$B$5007,B11,$A$8:$A$5007,"مصروف",$I$8:$I$5007,"<>مرفوض")) | P11: =IF(A11<>"عهدة","",N(F11)-O11) | Q11: =IF(A11="","",IF(A11="عهدة",IF(N(F11)=0,"⚠ أدخل قيمة العهدة",IF(P11<0,"⛔ عجز / زيادة مصروفات "&TEXT(-P11,"#,##0"),IF(COUNTIFS($B$8:$B$5007,B11,$A$8:$A$5007,"مصروف",$I$8:$I$5007,"<>مرفوض",$K$8:$K$5007,"<>نعم")>0,"⚠ "&COUNTIFS($B$8:$B$5007,B11,$A$8:$A$5007,"مصروف",$I$8:$I$5007,"<>مرفوض",$K$8:$K$5007,"<>نعم")&" مصروف غير مسوى",IF(L11="تمت التسوية",IF(P11=0,"✔ متوازنة وتمت التسوية","✔ تمت التسوية – متبقي "&TEXT(P11,"#,##0")),IF(P11>0,"متبقي "&TEXT(P11,"#,##0"),"✔ متوازنة"))))),IF(R11=0,"⚠ أضف سطر عهدة أولًا",IF(OR(C11="",N(G11)=0),"⚠ أكمل التاريخ والقيمة",IF(S11="","⚠ التاريخ خارج السنة المالية",IF(H11="","⚠ اختر بند الموازنة",IF(I11="مرفوض","✖ مرفوض من المدير",IF(I11<>"موافق","⏳ بانتظار موافقة المدير",IF(K11<>"نعم","⚠ غير مسوى مع الحسابات","✔ معتمد ومسوى"))))))))) | R11: =N(R10)+IF(A11="عهدة",1,0) | S11: =IF(C11="","",IF(AND(C11>=DATE(2026,9,1),C11<=DATE(2027,8,31)),(YEAR(C11)-2026)*12+MONTH(C11)-8,"")) | T11: =IF(AND(A11="مصروف",R11>0,I11="موافق",S11<>"",H11<>""),N(G11),0)
B12: =IF(A12="","",IF(R12=0,"⚠ أضف سطر عهدة أولًا","DMT-"&TEXT(R12,"000"))) | D12: =IF(C12="","",IF(S12="","خارج السنة المالية",INDEX(القوائم!$D$2:$D$13,S12))) | O12: =IF(A12<>"عهدة","",SUMIFS($G$8:$G$5007,$B$8:$B$5007,B12,$A$8:$A$5007,"مصروف",$I$8:$I$5007,"<>مرفوض")) | P12: =IF(A12<>"عهدة","",N(F12)-O12) | Q12: =IF(A12="","",IF(A12="عهدة",IF(N(F12)=0,"⚠ أدخل قيمة العهدة",IF(P12<0,"⛔ عجز / زيادة مصروفات "&TEXT(-P12,"#,##0"),IF(COUNTIFS($B$8:$B$5007,B12,$A$8:$A$5007,"مصروف",$I$8:$I$5007,"<>مرفوض",$K$8:$K$5007,"<>نعم")>0,"⚠ "&COUNTIFS($B$8:$B$5007,B12,$A$8:$A$5007,"مصروف",$I$8:$I$5007,"<>مرفوض",$K$8:$K$5007,"<>نعم")&" مصروف غير مسوى",IF(L12="تمت التسوية",IF(P12=0,"✔ متوازنة وتمت التسوية","✔ تمت التسوية – متبقي "&TEXT(P12,"#,##0")),IF(P12>0,"متبقي "&TEXT(P12,"#,##0"),"✔ متوازنة"))))),IF(R12=0,"⚠ أضف سطر عهدة أولًا",IF(OR(C12="",N(G12)=0),"⚠ أكمل التاريخ والقيمة",IF(S12="","⚠ التاريخ خارج السنة المالية",IF(H12="","⚠ اختر بند الموازنة",IF(I12="مرفوض","✖ مرفوض من المدير",IF(I12<>"موافق","⏳ بانتظار موافقة المدير",IF(K12<>"نعم","⚠ غير مسوى مع الحسابات","✔ معتمد ومسوى"))))))))) | R12: =N(R11)+IF(A12="عهدة",1,0) | S12: =IF(C12="","",IF(AND(C12>=DATE(2026,9,1),C12<=DATE(2027,8,31)),(YEAR(C12)-2026)*12+MONTH(C12)-8,"")) | T12: =IF(AND(A12="مصروف",R12>0,I12="موافق",S12<>"",H12<>""),N(G12),0)
B13: =IF(A13="","",IF(R13=0,"⚠ أضف سطر عهدة أولًا","DMT-"&TEXT(R13,"000"))) | D13: =IF(C13="","",IF(S13="","خارج السنة المالية",INDEX(القوائم!$D$2:$D$13,S13))) | O13: =IF(A13<>"عهدة","",SUMIFS($G$8:$G$5007,$B$8:$B$5007,B13,$A$8:$A$5007,"مصروف",$I$8:$I$5007,"<>مرفوض")) | P13: =IF(A13<>"عهدة","",N(F13)-O13) | Q13: =IF(A13="","",IF(A13="عهدة",IF(N(F13)=0,"⚠ أدخل قيمة العهدة",IF(P13<0,"⛔ عجز / زيادة مصروفات "&TEXT(-P13,"#,##0"),IF(COUNTIFS($B$8:$B$5007,B13,$A$8:$A$5007,"مصروف",$I$8:$I$5007,"<>مرفوض",$K$8:$K$5007,"<>نعم")>0,"⚠ "&COUNTIFS($B$8:$B$5007,B13,$A$8:$A$5007,"مصروف",$I$8:$I$5007,"<>مرفوض",$K$8:$K$5007,"<>نعم")&" مصروف غير مسوى",IF(L13="تمت التسوية",IF(P13=0,"✔ متوازنة وتمت التسوية","✔ تمت التسوية – متبقي "&TEXT(P13,"#,##0")),IF(P13>0,"متبقي "&TEXT(P13,"#,##0"),"✔ متوازنة"))))),IF(R13=0,"⚠ أضف سطر عهدة أولًا",IF(OR(C13="",N(G13)=0),"⚠ أكمل التاريخ والقيمة",IF(S13="","⚠ التاريخ خارج السنة المالية",IF(H13="","⚠ اختر بند الموازنة",IF(I13="مرفوض","✖ مرفوض من المدير",IF(I13<>"موافق","⏳ بانتظار موافقة المدير",IF(K13<>"نعم","⚠ غير مسوى مع الحسابات","✔ معتمد ومسوى"))))))))) | R13: =N(R12)+IF(A13="عهدة",1,0) | S13: =IF(C13="","",IF(AND(C13>=DATE(2026,9,1),C13<=DATE(2027,8,31)),(YEAR(C13)-2026)*12+MONTH(C13)-8,"")) | T13: =IF(AND(A13="مصروف",R13>0,I13="موافق",S13<>"",H13<>""),N(G13),0)
B14: =IF(A14="","",IF(R14=0,"⚠ أضف سطر عهدة أولًا","DMT-"&TEXT(R14,"000"))) | D14: =IF(C14="","",IF(S14="","خارج السنة المالية",INDEX(القوائم!$D$2:$D$13,S14))) | O14: =IF(A14<>"عهدة","",SUMIFS($G$8:$G$5007,$B$8:$B$5007,B14,$A$8:$A$5007,"مصروف",$I$8:$I$5007,"<>مرفوض")) | P14: =IF(A14<>"عهدة","",N(F14)-O14) | Q14: =IF(A14="","",IF(A14="عهدة",IF(N(F14)=0,"⚠ أدخل قيمة العهدة",IF(P14<0,"⛔ عجز / زيادة مصروفات "&TEXT(-P14,"#,##0"),IF(COUNTIFS($B$8:$B$5007,B14,$A$8:$A$5007,"مصروف",$I$8:$I$5007,"<>مرفوض",$K$8:$K$5007,"<>نعم")>0,"⚠ "&COUNTIFS($B$8:$B$5007,B14,$A$8:$A$5007,"مصروف",$I$8:$I$5007,"<>مرفوض",$K$8:$K$5007,"<>نعم")&" مصروف غير مسوى",IF(L14="تمت التسوية",IF(P14=0,"✔ متوازنة وتمت التسوية","✔ تمت التسوية – متبقي "&TEXT(P14,"#,##0")),IF(P14>0,"متبقي "&TEXT(P14,"#,##0"),"✔ متوازنة"))))),IF(R14=0,"⚠ أضف سطر عهدة أولًا",IF(OR(C14="",N(G14)=0),"⚠ أكمل التاريخ والقيمة",IF(S14="","⚠ التاريخ خارج السنة المالية",IF(H14="","⚠ اختر بند الموازنة",IF(I14="مرفوض","✖ مرفوض من المدير",IF(I14<>"موافق","⏳ بانتظار موافقة المدير",IF(K14<>"نعم","⚠ غير مسوى مع الحسابات","✔ معتمد ومسوى"))))))))) | R14: =N(R13)+IF(A14="عهدة",1,0) | S14: =IF(C14="","",IF(AND(C14>=DATE(2026,9,1),C14<=DATE(2027,8,31)),(YEAR(C14)-2026)*12+MONTH(C14)-8,"")) | T14: =IF(AND(A14="مصروف",R14>0,I14="موافق",S14<>"",H14<>""),N(G14),0)
B15: =IF(A15="","",IF(R15=0,"⚠ أضف سطر عهدة أولًا","DMT-"&TEXT(R15,"000"))) | D15: =IF(C15="","",IF(S15="","خارج السنة المالية",INDEX(القوائم!$D$2:$D$13,S15))) | O15: =IF(A15<>"عهدة","",SUMIFS($G$8:$G$5007,$B$8:$B$5007,B15,$A$8:$A$5007,"مصروف",$I$8:$I$5007,"<>مرفوض")) | P15: =IF(A15<>"عهدة","",N(F15)-O15) | Q15: =IF(A15="","",IF(A15="عهدة",IF(N(F15)=0,"⚠ أدخل قيمة العهدة",IF(P15<0,"⛔ عجز / زيادة مصروفات "&TEXT(-P15,"#,##0"),IF(COUNTIFS($B$8:$B$5007,B15,$A$8:$A$5007,"مصروف",$I$8:$I$5007,"<>مرفوض",$K$8:$K$5007,"<>نعم")>0,"⚠ "&COUNTIFS($B$8:$B$5007,B15,$A$8:$A$5007,"مصروف",$I$8:$I$5007,"<>مرفوض",$K$8:$K$5007,"<>نعم")&" مصروف غير مسوى",IF(L15="تمت التسوية",IF(P15=0,"✔ متوازنة وتمت التسوية","✔ تمت التسوية – متبقي "&TEXT(P15,"#,##0")),IF(P15>0,"متبقي "&TEXT(P15,"#,##0"),"✔ متوازنة"))))),IF(R15=0,"⚠ أضف سطر عهدة أولًا",IF(OR(C15="",N(G15)=0),"⚠ أكمل التاريخ والقيمة",IF(S15="","⚠ التاريخ خارج السنة المالية",IF(H15="","⚠ اختر بند الموازنة",IF(I15="مرفوض","✖ مرفوض من المدير",IF(I15<>"موافق","⏳ بانتظار موافقة المدير",IF(K15<>"نعم","⚠ غير مسوى مع الحسابات","✔ معتمد ومسوى"))))))))) | R15: =N(R14)+IF(A15="عهدة",1,0) | S15: =IF(C15="","",IF(AND(C15>=DATE(2026,9,1),C15<=DATE(2027,8,31)),(YEAR(C15)-2026)*12+MONTH(C15)-8,"")) | T15: =IF(AND(A15="مصروف",R15>0,I15="موافق",S15<>"",H15<>""),N(G15),0)
B16: =IF(A16="","",IF(R16=0,"⚠ أضف سطر عهدة أولًا","DMT-"&TEXT(R16,"000"))) | D16: =IF(C16="","",IF(S16="","خارج السنة المالية",INDEX(القوائم!$D$2:$D$13,S16))) | O16: =IF(A16<>"عهدة","",SUMIFS($G$8:$G$5007,$B$8:$B$5007,B16,$A$8:$A$5007,"مصروف",$I$8:$I$5007,"<>مرفوض")) | P16: =IF(A16<>"عهدة","",N(F16)-O16) | Q16: =IF(A16="","",IF(A16="عهدة",IF(N(F16)=0,"⚠ أدخل قيمة العهدة",IF(P16<0,"⛔ عجز / زيادة مصروفات "&TEXT(-P16,"#,##0"),IF(COUNTIFS($B$8:$B$5007,B16,$A$8:$A$5007,"مصروف",$I$8:$I$5007,"<>مرفوض",$K$8:$K$5007,"<>نعم")>0,"⚠ "&COUNTIFS($B$8:$B$5007,B16,$A$8:$A$5007,"مصروف",$I$8:$I$5007,"<>مرفوض",$K$8:$K$5007,"<>نعم")&" مصروف غير مسوى",IF(L16="تمت التسوية",IF(P16=0,"✔ متوازنة وتمت التسوية","✔ تمت التسوية – متبقي "&TEXT(P16,"#,##0")),IF(P16>0,"متبقي "&TEXT(P16,"#,##0"),"✔ متوازنة"))))),IF(R16=0,"⚠ أضف سطر عهدة أولًا",IF(OR(C16="",N(G16)=0),"⚠ أكمل التاريخ والقيمة",IF(S16="","⚠ التاريخ خارج السنة المالية",IF(H16="","⚠ اختر بند الموازنة",IF(I16="مرفوض","✖ مرفوض من المدير",IF(I16<>"موافق","⏳ بانتظار موافقة المدير",IF(K16<>"نعم","⚠ غير مسوى مع الحسابات","✔ معتمد ومسوى"))))))))) | R16: =N(R15)+IF(A16="عهدة",1,0) | S16: =IF(C16="","",IF(AND(C16>=DATE(2026,9,1),C16<=DATE(2027,8,31)),(YEAR(C16)-2026)*12+MONTH(C16)-8,"")) | T16: =IF(AND(A16="مصروف",R16>0,I16="موافق",S16<>"",H16<>""),N(G16),0)
B17: =IF(A17="","",IF(R17=0,"⚠ أضف سطر عهدة أولًا","DMT-"&TEXT(R17,"000"))) | D17: =IF(C17="","",IF(S17="","خارج السنة المالية",INDEX(القوائم!$D$2:$D$13,S17))) | O17: =IF(A17<>"عهدة","",SUMIFS($G$8:$G$5007,$B$8:$B$5007,B17,$A$8:$A$5007,"مصروف",$I$8:$I$5007,"<>مرفوض")) | P17: =IF(A17<>"عهدة","",N(F17)-O17) | Q17: =IF(A17="","",IF(A17="عهدة",IF(N(F17)=0,"⚠ أدخل قيمة العهدة",IF(P17<0,"⛔ عجز / زيادة مصروفات "&TEXT(-P17,"#,##0"),IF(COUNTIFS($B$8:$B$5007,B17,$A$8:$A$5007,"مصروف",$I$8:$I$5007,"<>مرفوض",$K$8:$K$5007,"<>نعم")>0,"⚠ "&COUNTIFS($B$8:$B$5007,B17,$A$8:$A$5007,"مصروف",$I$8:$I$5007,"<>مرفوض",$K$8:$K$5007,"<>نعم")&" مصروف غير مسوى",IF(L17="تمت التسوية",IF(P17=0,"✔ متوازنة وتمت التسوية","✔ تمت التسوية – متبقي "&TEXT(P17,"#,##0")),IF(P17>0,"متبقي "&TEXT(P17,"#,##0"),"✔ متوازنة"))))),IF(R17=0,"⚠ أضف سطر عهدة أولًا",IF(OR(C17="",N(G17)=0),"⚠ أكمل التاريخ والقيمة",IF(S17="","⚠ التاريخ خارج السنة المالية",IF(H17="","⚠ اختر بند الموازنة",IF(I17="مرفوض","✖ مرفوض من المدير",IF(I17<>"موافق","⏳ بانتظار موافقة المدير",IF(K17<>"نعم","⚠ غير مسوى مع الحسابات","✔ معتمد ومسوى"))))))))) | R17: =N(R16)+IF(A17="عهدة",1,0) | S17: =IF(C17="","",IF(AND(C17>=DATE(2026,9,1),C17<=DATE(2027,8,31)),(YEAR(C17)-2026)*12+MONTH(C17)-8,"")) | T17: =IF(AND(A17="مصروف",R17>0,I17="موافق",S17<>"",H17<>""),N(G17),0)
B18: =IF(A18="","",IF(R18=0,"⚠ أضف سطر عهدة أولًا","DMT-"&TEXT(R18,"000"))) | D18: =IF(C18="","",IF(S18="","خارج السنة المالية",INDEX(القوائم!$D$2:$D$13,S18))) | O18: =IF(A18<>"عهدة","",SUMIFS($G$8:$G$5007,$B$8:$B$5007,B18,$A$8:$A$5007,"مصروف",$I$8:$I$5007,"<>مرفوض")) | P18: =IF(A18<>"عهدة","",N(F18)-O18) | Q18: =IF(A18="","",IF(A18="عهدة",IF(N(F18)=0,"⚠ أدخل قيمة العهدة",IF(P18<0,"⛔ عجز / زيادة مصروفات "&TEXT(-P18,"#,##0"),IF(COUNTIFS($B$8:$B$5007,B18,$A$8:$A$5007,"مصروف",$I$8:$I$5007,"<>مرفوض",$K$8:$K$5007,"<>نعم")>0,"⚠ "&COUNTIFS($B$8:$B$5007,B18,$A$8:$A$5007,"مصروف",$I$8:$I$5007,"<>مرفوض",$K$8:$K$5007,"<>نعم")&" مصروف غير مسوى",IF(L18="تمت التسوية",IF(P18=0,"✔ متوازنة وتمت التسوية","✔ تمت التسوية – متبقي "&TEXT(P18,"#,##0")),IF(P18>0,"متبقي "&TEXT(P18,"#,##0"),"✔ متوازنة"))))),IF(R18=0,"⚠ أضف سطر عهدة أولًا",IF(OR(C18="",N(G18)=0),"⚠ أكمل التاريخ والقيمة",IF(S18="","⚠ التاريخ خارج السنة المالية",IF(H18="","⚠ اختر بند الموازنة",IF(I18="مرفوض","✖ مرفوض من المدير",IF(I18<>"موافق","⏳ بانتظار موافقة المدير",IF(K18<>"نعم","⚠ غير مسوى مع الحسابات","✔ معتمد ومسوى"))))))))) | R18: =N(R17)+IF(A18="عهدة",1,0) | S18: =IF(C18="","",IF(AND(C18>=DATE(2026,9,1),C18<=DATE(2027,8,31)),(YEAR(C18)-2026)*12+MONTH(C18)-8,"")) | T18: =IF(AND(A18="مصروف",R18>0,I18="موافق",S18<>"",H18<>""),N(G18),0)
B19: =IF(A19="","",IF(R19=0,"⚠ أضف سطر عهدة أولًا","DMT-"&TEXT(R19,"000"))) | D19: =IF(C19="","",IF(S19="","خارج السنة المالية",INDEX(القوائم!$D$2:$D$13,S19))) | O19: =IF(A19<>"عهدة","",SUMIFS($G$8:$G$5007,$B$8:$B$5007,B19,$A$8:$A$5007,"مصروف",$I$8:$I$5007,"<>مرفوض")) | P19: =IF(A19<>"عهدة","",N(F19)-O19) | Q19: =IF(A19="","",IF(A19="عهدة",IF(N(F19)=0,"⚠ أدخل قيمة العهدة",IF(P19<0,"⛔ عجز / زيادة مصروفات "&TEXT(-P19,"#,##0"),IF(COUNTIFS($B$8:$B$5007,B19,$A$8:$A$5007,"مصروف",$I$8:$I$5007,"<>مرفوض",$K$8:$K$5007,"<>نعم")>0,"⚠ "&COUNTIFS($B$8:$B$5007,B19,$A$8:$A$5007,"مصروف",$I$8:$I$5007,"<>مرفوض",$K$8:$K$5007,"<>نعم")&" مصروف غير مسوى",IF(L19="تمت التسوية",IF(P19=0,"✔ متوازنة وتمت التسوية","✔ تمت التسوية – متبقي "&TEXT(P19,"#,##0")),IF(P19>0,"متبقي "&TEXT(P19,"#,##0"),"✔ متوازنة"))))),IF(R19=0,"⚠ أضف سطر عهدة أولًا",IF(OR(C19="",N(G19)=0),"⚠ أكمل التاريخ والقيمة",IF(S19="","⚠ التاريخ خارج السنة المالية",IF(H19="","⚠ اختر بند الموازنة",IF(I19="مرفوض","✖ مرفوض من المدير",IF(I19<>"موافق","⏳ بانتظار موافقة المدير",IF(K19<>"نعم","⚠ غير مسوى مع الحسابات","✔ معتمد ومسوى"))))))))) | R19: =N(R18)+IF(A19="عهدة",1,0) | S19: =IF(C19="","",IF(AND(C19>=DATE(2026,9,1),C19<=DATE(2027,8,31)),(YEAR(C19)-2026)*12+MONTH(C19)-8,"")) | T19: =IF(AND(A19="مصروف",R19>0,I19="موافق",S19<>"",H19<>""),N(G19),0)
B20: =IF(A20="","",IF(R20=0,"⚠ أضف سطر عهدة أولًا","DMT-"&TEXT(R20,"000"))) | D20: =IF(C20="","",IF(S20="","خارج السنة المالية",INDEX(القوائم!$D$2:$D$13,S20))) | O20: =IF(A20<>"عهدة","",SUMIFS($G$8:$G$5007,$B$8:$B$5007,B20,$A$8:$A$5007,"مصروف",$I$8:$I$5007,"<>مرفوض")) | P20: =IF(A20<>"عهدة","",N(F20)-O20) | Q20: =IF(A20="","",IF(A20="عهدة",IF(N(F20)=0,"⚠ أدخل قيمة العهدة",IF(P20<0,"⛔ عجز / زيادة مصروفات "&TEXT(-P20,"#,##0"),IF(COUNTIFS($B$8:$B$5007,B20,$A$8:$A$5007,"مصروف",$I$8:$I$5007,"<>مرفوض",$K$8:$K$5007,"<>نعم")>0,"⚠ "&COUNTIFS($B$8:$B$5007,B20,$A$8:$A$5007,"مصروف",$I$8:$I$5007,"<>مرفوض",$K$8:$K$5007,"<>نعم")&" مصروف غير مسوى",IF(L20="تمت التسوية",IF(P20=0,"✔ متوازنة وتمت التسوية","✔ تمت التسوية – متبقي "&TEXT(P20,"#,##0")),IF(P20>0,"متبقي "&TEXT(P20,"#,##0"),"✔ متوازنة"))))),IF(R20=0,"⚠ أضف سطر عهدة أولًا",IF(OR(C20="",N(G20)=0),"⚠ أكمل التاريخ والقيمة",IF(S20="","⚠ التاريخ خارج السنة المالية",IF(H20="","⚠ اختر بند الموازنة",IF(I20="مرفوض","✖ مرفوض من المدير",IF(I20<>"موافق","⏳ بانتظار موافقة المدير",IF(K20<>"نعم","⚠ غير مسوى مع الحسابات","✔ معتمد ومسوى"))))))))) | R20: =N(R19)+IF(A20="عهدة",1,0) | S20: =IF(C20="","",IF(AND(C20>=DATE(2026,9,1),C20<=DATE(2027,8,31)),(YEAR(C20)-2026)*12+MONTH(C20)-8,"")) | T20: =IF(AND(A20="مصروف",R20>0,I20="موافق",S20<>"",H20<>""),N(G20),0)
... B5007: =IF(A5007="","",IF(R5007=0,"⚠ أضف سطر عهدة أولًا","DMT-"&TEXT(R5007,"000"))) | D5007: =IF(C5007="","",IF(S5007="","خارج السنة المالية",INDEX(القوائم!$D$2:$D$13,S5007))) | O5007: =IF(A5007<>"عهدة","",SUMIFS($G$8:$G$5007,$B$8:$B$5007,B5007,$A$8:$A$5007,"مصروف",$I$8:$I$5007,"<>مرفوض")) | P5007: =IF(A5007<>"عهدة","",N(F5007)-O5007) | Q5007: =IF(A5007="","",IF(A5007="عهدة",IF(N(F5007)=0,"⚠ أدخل قيمة العهدة",IF(P5007<0,"⛔ عجز / زيادة مصروفات "&TEXT(-P5007,"#,##0"),IF(COUNTIFS($B$8:$B$5007,B5007,$A$8:$A$5007,"مصروف",$I$8:$I$5007,"<>مرفوض",$K$8:$K$5007,"<>نعم")>0,"⚠ "&COUNTIFS($B$8:$B$5007,B5007,$A$8:$A$5007,"مصروف",$I$8:$I$5007,"<>مرفوض",$K$8:$K$5007,"<>نعم")&" مصروف غير مسوى",IF(L5007="تمت التسوية",IF(P5007=0,"✔ متوازنة وتمت التسوية","✔ تمت التسوية – متبقي "&TEXT(P5007,"#,##0")),IF(P5007>0,"متبقي "&TEXT(P5007,"#,##0"),"✔ متوازنة"))))),IF(R5007=0,"⚠ أضف سطر عهدة أولًا",IF(OR(C5007="",N(G5007)=0),"⚠ أكمل التاريخ والقيمة",IF(S5007="","⚠ التاريخ خارج السنة المالية",IF(H5007="","⚠ اختر بند الموازنة",IF(I5007="مرفوض","✖ مرفوض من المدير",IF(I5007<>"موافق","⏳ بانتظار موافقة المدير",IF(K5007<>"نعم","⚠ غير مسوى مع الحسابات","✔ معتمد ومسوى"))))))))) | R5007: =N(R5006)+IF(A5007="عهدة",1,0) | S5007: =IF(C5007="","",IF(AND(C5007>=DATE(2026,9,1),C5007<=DATE(2027,8,31)),(YEAR(C5007)-2026)*12+MONTH(C5007)-8,"")) | T5007: =IF(AND(A5007="مصروف",R5007>0,I5007="موافق",S5007<>"",H5007<>""),N(G5007),0)

Sheet عهد ومصروفات بدر
A1: عهد ومصروفات مدرسة ابدأ – بدر | سبتمبر 2026 – أغسطس 2027
A2: لإضافة عهدة: في أول صف فارغ اختر «عهدة» واكتب التاريخ وصاحب العهدة وقيمتها ← في الصفوف التالية اختر «مصروف» لكل مصروف من هذه العهدة: التاريخ، البيان، القيمة، بند الموازنة، موافقة المدير، التسوية ← عند الانتهاء غيّر حالة العهدة إلى «تمت التسوية» ثم ابدأ العهدة التالية أسفلها. رقم العهدة والشهر والإجماليات والتنبيهات تُحسب تلقائيًا · الخلايا الملونة بالأصفر الفاتح فقط للإدخال · استخدم الفلتر ولا تُرتّب الجدول.
A3: إجمالي قيمة العهد | C3: إجمالي المصروفات | E3: إجمالي المتبقي / العجز | F3: العهد المفتوحة (عدد) | H3: قيمة العهد المفتوحة | I3: العهد التي تمت تسويتها (عدد) | L3: قيمة العهد التي تمت تسويتها
A4: =SUM($F$8:$F$5007) | C4: =SUMIFS($G$8:$G$5007,$A$8:$A$5007,"مصروف",$I$8:$I$5007,"<>مرفوض") | E4: =SUM($P$8:$P$5007) | F4: =COUNTIFS($A$8:$A$5007,"عهدة",$L$8:$L$5007,"<>تمت التسوية") | H4: =SUMIFS($F$8:$F$5007,$A$8:$A$5007,"عهدة",$L$8:$L$5007,"<>تمت التسوية") | I4: =COUNTIFS($A$8:$A$5007,"عهدة",$L$8:$L$5007,"تمت التسوية") | L4: =SUMIFS($F$8:$F$5007,$A$8:$A$5007,"عهدة",$L$8:$L$5007,"تمت التسوية")
A5: ="⚠ مصروفات غير مسواة مع الحسابات: "&COUNTIFS($A$8:$A$5007,"مصروف",$G$8:$G$5007,">0",$I$8:$I$5007,"<>مرفوض",$K$8:$K$5007,"<>نعم") | E5: ="⏳ بانتظار موافقة المدير: "&COUNTIFS($A$8:$A$5007,"مصروف",$G$8:$G$5007,">0",$I$8:$I$5007,"<>موافق",$I$8:$I$5007,"<>مرفوض") | I5: ="⛔ عهد بها عجز / زيادة مصروفات: "&COUNTIFS($A$8:$A$5007,"عهدة",$P$8:$P$5007,"<0")
A6: مثال: عهدة | 01/09/2026 | أ/ محمد – مشتريات | قيمة العهدة 20,000 ثم مصروف | 03/09/2026 | أحبار طابعة | 1,250 | الأدوات المكتبية... | موافق | نعم
A7: عهدة / مصروف | B7: رقم العهدة | C7: التاريخ | D7: الشهر | E7: البيان / صاحب العهدة | F7: قيمة العهدة | G7: قيمة المصروف | H7: بند الموازنة | I7: موافقة المدير المباشر | J7: تاريخ الموافقة | K7: تمت التسوية مع الحسابات؟ | L7: حالة العهدة | M7: تاريخ التسوية | N7: ملاحظات | O7: إجمالي مصروفات العهدة | P7: المتبقي / العجز | Q7: الحالة والتنبيهات | R7: idx | S7: month_no | T7: budget_amount
B8: =IF(A8="","",IF(R8=0,"⚠ أضف سطر عهدة أولًا","BDR-"&TEXT(R8,"000"))) | D8: =IF(C8="","",IF(S8="","خارج السنة المالية",INDEX(القوائم!$D$2:$D$13,S8))) | O8: =IF(A8<>"عهدة","",SUMIFS($G$8:$G$5007,$B$8:$B$5007,B8,$A$8:$A$5007,"مصروف",$I$8:$I$5007,"<>مرفوض")) | P8: =IF(A8<>"عهدة","",N(F8)-O8) | Q8: =IF(A8="","",IF(A8="عهدة",IF(N(F8)=0,"⚠ أدخل قيمة العهدة",IF(P8<0,"⛔ عجز / زيادة مصروفات "&TEXT(-P8,"#,##0"),IF(COUNTIFS($B$8:$B$5007,B8,$A$8:$A$5007,"مصروف",$I$8:$I$5007,"<>مرفوض",$K$8:$K$5007,"<>نعم")>0,"⚠ "&COUNTIFS($B$8:$B$5007,B8,$A$8:$A$5007,"مصروف",$I$8:$I$5007,"<>مرفوض",$K$8:$K$5007,"<>نعم")&" مصروف غير مسوى",IF(L8="تمت التسوية",IF(P8=0,"✔ متوازنة وتمت التسوية","✔ تمت التسوية – متبقي "&TEXT(P8,"#,##0")),IF(P8>0,"متبقي "&TEXT(P8,"#,##0"),"✔ متوازنة"))))),IF(R8=0,"⚠ أضف سطر عهدة أولًا",IF(OR(C8="",N(G8)=0),"⚠ أكمل التاريخ والقيمة",IF(S8="","⚠ التاريخ خارج السنة المالية",IF(H8="","⚠ اختر بند الموازنة",IF(I8="مرفوض","✖ مرفوض من المدير",IF(I8<>"موافق","⏳ بانتظار موافقة المدير",IF(K8<>"نعم","⚠ غير مسوى مع الحسابات","✔ معتمد ومسوى"))))))))) | R8: =IF(A8="عهدة",1,0) | S8: =IF(C8="","",IF(AND(C8>=DATE(2026,9,1),C8<=DATE(2027,8,31)),(YEAR(C8)-2026)*12+MONTH(C8)-8,"")) | T8: =IF(AND(A8="مصروف",R8>0,I8="موافق",S8<>"",H8<>""),N(G8),0)
B9: =IF(A9="","",IF(R9=0,"⚠ أضف سطر عهدة أولًا","BDR-"&TEXT(R9,"000"))) | D9: =IF(C9="","",IF(S9="","خارج السنة المالية",INDEX(القوائم!$D$2:$D$13,S9))) | O9: =IF(A9<>"عهدة","",SUMIFS($G$8:$G$5007,$B$8:$B$5007,B9,$A$8:$A$5007,"مصروف",$I$8:$I$5007,"<>مرفوض")) | P9: =IF(A9<>"عهدة","",N(F9)-O9) | Q9: =IF(A9="","",IF(A9="عهدة",IF(N(F9)=0,"⚠ أدخل قيمة العهدة",IF(P9<0,"⛔ عجز / زيادة مصروفات "&TEXT(-P9,"#,##0"),IF(COUNTIFS($B$8:$B$5007,B9,$A$8:$A$5007,"مصروف",$I$8:$I$5007,"<>مرفوض",$K$8:$K$5007,"<>نعم")>0,"⚠ "&COUNTIFS($B$8:$B$5007,B9,$A$8:$A$5007,"مصروف",$I$8:$I$5007,"<>مرفوض",$K$8:$K$5007,"<>نعم")&" مصروف غير مسوى",IF(L9="تمت التسوية",IF(P9=0,"✔ متوازنة وتمت التسوية","✔ تمت التسوية – متبقي "&TEXT(P9,"#,##0")),IF(P9>0,"متبقي "&TEXT(P9,"#,##0"),"✔ متوازنة"))))),IF(R9=0,"⚠ أضف سطر عهدة أولًا",IF(OR(C9="",N(G9)=0),"⚠ أكمل التاريخ والقيمة",IF(S9="","⚠ التاريخ خارج السنة المالية",IF(H9="","⚠ اختر بند الموازنة",IF(I9="مرفوض","✖ مرفوض من المدير",IF(I9<>"موافق","⏳ بانتظار موافقة المدير",IF(K9<>"نعم","⚠ غير مسوى مع الحسابات","✔ معتمد ومسوى"))))))))) | R9: =N(R8)+IF(A9="عهدة",1,0) | S9: =IF(C9="","",IF(AND(C9>=DATE(2026,9,1),C9<=DATE(2027,8,31)),(YEAR(C9)-2026)*12+MONTH(C9)-8,"")) | T9: =IF(AND(A9="مصروف",R9>0,I9="موافق",S9<>"",H9<>""),N(G9),0)
B10: =IF(A10="","",IF(R10=0,"⚠ أضف سطر عهدة أولًا","BDR-"&TEXT(R10,"000"))) | D10: =IF(C10="","",IF(S10="","خارج السنة المالية",INDEX(القوائم!$D$2:$D$13,S10))) | O10: =IF(A10<>"عهدة","",SUMIFS($G$8:$G$5007,$B$8:$B$5007,B10,$A$8:$A$5007,"مصروف",$I$8:$I$5007,"<>مرفوض")) | P10: =IF(A10<>"عهدة","",N(F10)-O10) | Q10: =IF(A10="","",IF(A10="عهدة",IF(N(F10)=0,"⚠ أدخل قيمة العهدة",IF(P10<0,"⛔ عجز / زيادة مصروفات "&TEXT(-P10,"#,##0"),IF(COUNTIFS($B$8:$B$5007,B10,$A$8:$A$5007,"مصروف",$I$8:$I$5007,"<>مرفوض",$K$8:$K$5007,"<>نعم")>0,"⚠ "&COUNTIFS($B$8:$B$5007,B10,$A$8:$A$5007,"مصروف",$I$8:$I$5007,"<>مرفوض",$K$8:$K$5007,"<>نعم")&" مصروف غير مسوى",IF(L10="تمت التسوية",IF(P10=0,"✔ متوازنة وتمت التسوية","✔ تمت التسوية – متبقي "&TEXT(P10,"#,##0")),IF(P10>0,"متبقي "&TEXT(P10,"#,##0"),"✔ متوازنة"))))),IF(R10=0,"⚠ أضف سطر عهدة أولًا",IF(OR(C10="",N(G10)=0),"⚠ أكمل التاريخ والقيمة",IF(S10="","⚠ التاريخ خارج السنة المالية",IF(H10="","⚠ اختر بند الموازنة",IF(I10="مرفوض","✖ مرفوض من المدير",IF(I10<>"موافق","⏳ بانتظار موافقة المدير",IF(K10<>"نعم","⚠ غير مسوى مع الحسابات","✔ معتمد ومسوى"))))))))) | R10: =N(R9)+IF(A10="عهدة",1,0) | S10: =IF(C10="","",IF(AND(C10>=DATE(2026,9,1),C10<=DATE(2027,8,31)),(YEAR(C10)-2026)*12+MONTH(C10)-8,"")) | T10: =IF(AND(A10="مصروف",R10>0,I10="موافق",S10<>"",H10<>""),N(G10),0)
B11: =IF(A11="","",IF(R11=0,"⚠ أضف سطر عهدة أولًا","BDR-"&TEXT(R11,"000"))) | D11: =IF(C11="","",IF(S11="","خارج السنة المالية",INDEX(القوائم!$D$2:$D$13,S11))) | O11: =IF(A11<>"عهدة","",SUMIFS($G$8:$G$5007,$B$8:$B$5007,B11,$A$8:$A$5007,"مصروف",$I$8:$I$5007,"<>مرفوض")) | P11: =IF(A11<>"عهدة","",N(F11)-O11) | Q11: =IF(A11="","",IF(A11="عهدة",IF(N(F11)=0,"⚠ أدخل قيمة العهدة",IF(P11<0,"⛔ عجز / زيادة مصروفات "&TEXT(-P11,"#,##0"),IF(COUNTIFS($B$8:$B$5007,B11,$A$8:$A$5007,"مصروف",$I$8:$I$5007,"<>مرفوض",$K$8:$K$5007,"<>نعم")>0,"⚠ "&COUNTIFS($B$8:$B$5007,B11,$A$8:$A$5007,"مصروف",$I$8:$I$5007,"<>مرفوض",$K$8:$K$5007,"<>نعم")&" مصروف غير مسوى",IF(L11="تمت التسوية",IF(P11=0,"✔ متوازنة وتمت التسوية","✔ تمت التسوية – متبقي "&TEXT(P11,"#,##0")),IF(P11>0,"متبقي "&TEXT(P11,"#,##0"),"✔ متوازنة"))))),IF(R11=0,"⚠ أضف سطر عهدة أولًا",IF(OR(C11="",N(G11)=0),"⚠ أكمل التاريخ والقيمة",IF(S11="","⚠ التاريخ خارج السنة المالية",IF(H11="","⚠ اختر بند الموازنة",IF(I11="مرفوض","✖ مرفوض من المدير",IF(I11<>"موافق","⏳ بانتظار موافقة المدير",IF(K11<>"نعم","⚠ غير مسوى مع الحسابات","✔ معتمد ومسوى"))))))))) | R11: =N(R10)+IF(A11="عهدة",1,0) | S11: =IF(C11="","",IF(AND(C11>=DATE(2026,9,1),C11<=DATE(2027,8,31)),(YEAR(C11)-2026)*12+MONTH(C11)-8,"")) | T11: =IF(AND(A11="مصروف",R11>0,I11="موافق",S11<>"",H11<>""),N(G11),0)
B12: =IF(A12="","",IF(R12=0,"⚠ أضف سطر عهدة أولًا","BDR-"&TEXT(R12,"000"))) | D12: =IF(C12="","",IF(S12="","خارج السنة المالية",INDEX(القوائم!$D$2:$D$13,S12))) | O12: =IF(A12<>"عهدة","",SUMIFS($G$8:$G$5007,$B$8:$B$5007,B12,$A$8:$A$5007,"مصروف",$I$8:$I$5007,"<>مرفوض")) | P12: =IF(A12<>"عهدة","",N(F12)-O12) | Q12: =IF(A12="","",IF(A12="عهدة",IF(N(F12)=0,"⚠ أدخل قيمة العهدة",IF(P12<0,"⛔ عجز / زيادة مصروفات "&TEXT(-P12,"#,##0"),IF(COUNTIFS($B$8:$B$5007,B12,$A$8:$A$5007,"مصروف",$I$8:$I$5007,"<>مرفوض",$K$8:$K$5007,"<>نعم")>0,"⚠ "&COUNTIFS($B$8:$B$5007,B12,$A$8:$A$5007,"مصروف",$I$8:$I$5007,"<>مرفوض",$K$8:$K$5007,"<>نعم")&" مصروف غير مسوى",IF(L12="تمت التسوية",IF(P12=0,"✔ متوازنة وتمت التسوية","✔ تمت التسوية – متبقي "&TEXT(P12,"#,##0")),IF(P12>0,"متبقي "&TEXT(P12,"#,##0"),"✔ متوازنة"))))),IF(R12=0,"⚠ أضف سطر عهدة أولًا",IF(OR(C12="",N(G12)=0),"⚠ أكمل التاريخ والقيمة",IF(S12="","⚠ التاريخ خارج السنة المالية",IF(H12="","⚠ اختر بند الموازنة",IF(I12="مرفوض","✖ مرفوض من المدير",IF(I12<>"موافق","⏳ بانتظار موافقة المدير",IF(K12<>"نعم","⚠ غير مسوى مع الحسابات","✔ معتمد ومسوى"))))))))) | R12: =N(R11)+IF(A12="عهدة",1,0) | S12: =IF(C12="","",IF(AND(C12>=DATE(2026,9,1),C12<=DATE(2027,8,31)),(YEAR(C12)-2026)*12+MONTH(C12)-8,"")) | T12: =IF(AND(A12="مصروف",R12>0,I12="موافق",S12<>"",H12<>""),N(G12),0)
B13: =IF(A13="","",IF(R13=0,"⚠ أضف سطر عهدة أولًا","BDR-"&TEXT(R13,"000"))) | D13: =IF(C13="","",IF(S13="","خارج السنة المالية",INDEX(القوائم!$D$2:$D$13,S13))) | O13: =IF(A13<>"عهدة","",SUMIFS($G$8:$G$5007,$B$8:$B$5007,B13,$A$8:$A$5007,"مصروف",$I$8:$I$5007,"<>مرفوض")) | P13: =IF(A13<>"عهدة","",N(F13)-O13) | Q13: =IF(A13="","",IF(A13="عهدة",IF(N(F13)=0,"⚠ أدخل قيمة العهدة",IF(P13<0,"⛔ عجز / زيادة مصروفات "&TEXT(-P13,"#,##0"),IF(COUNTIFS($B$8:$B$5007,B13,$A$8:$A$5007,"مصروف",$I$8:$I$5007,"<>مرفوض",$K$8:$K$5007,"<>نعم")>0,"⚠ "&COUNTIFS($B$8:$B$5007,B13,$A$8:$A$5007,"مصروف",$I$8:$I$5007,"<>مرفوض",$K$8:$K$5007,"<>نعم")&" مصروف غير مسوى",IF(L13="تمت التسوية",IF(P13=0,"✔ متوازنة وتمت التسوية","✔ تمت التسوية – متبقي "&TEXT(P13,"#,##0")),IF(P13>0,"متبقي "&TEXT(P13,"#,##0"),"✔ متوازنة"))))),IF(R13=0,"⚠ أضف سطر عهدة أولًا",IF(OR(C13="",N(G13)=0),"⚠ أكمل التاريخ والقيمة",IF(S13="","⚠ التاريخ خارج السنة المالية",IF(H13="","⚠ اختر بند الموازنة",IF(I13="مرفوض","✖ مرفوض من المدير",IF(I13<>"موافق","⏳ بانتظار موافقة المدير",IF(K13<>"نعم","⚠ غير مسوى مع الحسابات","✔ معتمد ومسوى"))))))))) | R13: =N(R12)+IF(A13="عهدة",1,0) | S13: =IF(C13="","",IF(AND(C13>=DATE(2026,9,1),C13<=DATE(2027,8,31)),(YEAR(C13)-2026)*12+MONTH(C13)-8,"")) | T13: =IF(AND(A13="مصروف",R13>0,I13="موافق",S13<>"",H13<>""),N(G13),0)
B14: =IF(A14="","",IF(R14=0,"⚠ أضف سطر عهدة أولًا","BDR-"&TEXT(R14,"000"))) | D14: =IF(C14="","",IF(S14="","خارج السنة المالية",INDEX(القوائم!$D$2:$D$13,S14))) | O14: =IF(A14<>"عهدة","",SUMIFS($G$8:$G$5007,$B$8:$B$5007,B14,$A$8:$A$5007,"مصروف",$I$8:$I$5007,"<>مرفوض")) | P14: =IF(A14<>"عهدة","",N(F14)-O14) | Q14: =IF(A14="","",IF(A14="عهدة",IF(N(F14)=0,"⚠ أدخل قيمة العهدة",IF(P14<0,"⛔ عجز / زيادة مصروفات "&TEXT(-P14,"#,##0"),IF(COUNTIFS($B$8:$B$5007,B14,$A$8:$A$5007,"مصروف",$I$8:$I$5007,"<>مرفوض",$K$8:$K$5007,"<>نعم")>0,"⚠ "&COUNTIFS($B$8:$B$5007,B14,$A$8:$A$5007,"مصروف",$I$8:$I$5007,"<>مرفوض",$K$8:$K$5007,"<>نعم")&" مصروف غير مسوى",IF(L14="تمت التسوية",IF(P14=0,"✔ متوازنة وتمت التسوية","✔ تمت التسوية – متبقي "&TEXT(P14,"#,##0")),IF(P14>0,"متبقي "&TEXT(P14,"#,##0"),"✔ متوازنة"))))),IF(R14=0,"⚠ أضف سطر عهدة أولًا",IF(OR(C14="",N(G14)=0),"⚠ أكمل التاريخ والقيمة",IF(S14="","⚠ التاريخ خارج السنة المالية",IF(H14="","⚠ اختر بند الموازنة",IF(I14="مرفوض","✖ مرفوض من المدير",IF(I14<>"موافق","⏳ بانتظار موافقة المدير",IF(K14<>"نعم","⚠ غير مسوى مع الحسابات","✔ معتمد ومسوى"))))))))) | R14: =N(R13)+IF(A14="عهدة",1,0) | S14: =IF(C14="","",IF(AND(C14>=DATE(2026,9,1),C14<=DATE(2027,8,31)),(YEAR(C14)-2026)*12+MONTH(C14)-8,"")) | T14: =IF(AND(A14="مصروف",R14>0,I14="موافق",S14<>"",H14<>""),N(G14),0)
B15: =IF(A15="","",IF(R15=0,"⚠ أضف سطر عهدة أولًا","BDR-"&TEXT(R15,"000"))) | D15: =IF(C15="","",IF(S15="","خارج السنة المالية",INDEX(القوائم!$D$2:$D$13,S15))) | O15: =IF(A15<>"عهدة","",SUMIFS($G$8:$G$5007,$B$8:$B$5007,B15,$A$8:$A$5007,"مصروف",$I$8:$I$5007,"<>مرفوض")) | P15: =IF(A15<>"عهدة","",N(F15)-O15) | Q15: =IF(A15="","",IF(A15="عهدة",IF(N(F15)=0,"⚠ أدخل قيمة العهدة",IF(P15<0,"⛔ عجز / زيادة مصروفات "&TEXT(-P15,"#,##0"),IF(COUNTIFS($B$8:$B$5007,B15,$A$8:$A$5007,"مصروف",$I$8:$I$5007,"<>مرفوض",$K$8:$K$5007,"<>نعم")>0,"⚠ "&COUNTIFS($B$8:$B$5007,B15,$A$8:$A$5007,"مصروف",$I$8:$I$5007,"<>مرفوض",$K$8:$K$5007,"<>نعم")&" مصروف غير مسوى",IF(L15="تمت التسوية",IF(P15=0,"✔ متوازنة وتمت التسوية","✔ تمت التسوية – متبقي "&TEXT(P15,"#,##0")),IF(P15>0,"متبقي "&TEXT(P15,"#,##0"),"✔ متوازنة"))))),IF(R15=0,"⚠ أضف سطر عهدة أولًا",IF(OR(C15="",N(G15)=0),"⚠ أكمل التاريخ والقيمة",IF(S15="","⚠ التاريخ خارج السنة المالية",IF(H15="","⚠ اختر بند الموازنة",IF(I15="مرفوض","✖ مرفوض من المدير",IF(I15<>"موافق","⏳ بانتظار موافقة المدير",IF(K15<>"نعم","⚠ غير مسوى مع الحسابات","✔ معتمد ومسوى"))))))))) | R15: =N(R14)+IF(A15="عهدة",1,0) | S15: =IF(C15="","",IF(AND(C15>=DATE(2026,9,1),C15<=DATE(2027,8,31)),(YEAR(C15)-2026)*12+MONTH(C15)-8,"")) | T15: =IF(AND(A15="مصروف",R15>0,I15="موافق",S15<>"",H15<>""),N(G15),0)
B16: =IF(A16="","",IF(R16=0,"⚠ أضف سطر عهدة أولًا","BDR-"&TEXT(R16,"000"))) | D16: =IF(C16="","",IF(S16="","خارج السنة المالية",INDEX(القوائم!$D$2:$D$13,S16))) | O16: =IF(A16<>"عهدة","",SUMIFS($G$8:$G$5007,$B$8:$B$5007,B16,$A$8:$A$5007,"مصروف",$I$8:$I$5007,"<>مرفوض")) | P16: =IF(A16<>"عهدة","",N(F16)-O16) | Q16: =IF(A16="","",IF(A16="عهدة",IF(N(F16)=0,"⚠ أدخل قيمة العهدة",IF(P16<0,"⛔ عجز / زيادة مصروفات "&TEXT(-P16,"#,##0"),IF(COUNTIFS($B$8:$B$5007,B16,$A$8:$A$5007,"مصروف",$I$8:$I$5007,"<>مرفوض",$K$8:$K$5007,"<>نعم")>0,"⚠ "&COUNTIFS($B$8:$B$5007,B16,$A$8:$A$5007,"مصروف",$I$8:$I$5007,"<>مرفوض",$K$8:$K$5007,"<>نعم")&" مصروف غير مسوى",IF(L16="تمت التسوية",IF(P16=0,"✔ متوازنة وتمت التسوية","✔ تمت التسوية – متبقي "&TEXT(P16,"#,##0")),IF(P16>0,"متبقي "&TEXT(P16,"#,##0"),"✔ متوازنة"))))),IF(R16=0,"⚠ أضف سطر عهدة أولًا",IF(OR(C16="",N(G16)=0),"⚠ أكمل التاريخ والقيمة",IF(S16="","⚠ التاريخ خارج السنة المالية",IF(H16="","⚠ اختر بند الموازنة",IF(I16="مرفوض","✖ مرفوض من المدير",IF(I16<>"موافق","⏳ بانتظار موافقة المدير",IF(K16<>"نعم","⚠ غير مسوى مع الحسابات","✔ معتمد ومسوى"))))))))) | R16: =N(R15)+IF(A16="عهدة",1,0) | S16: =IF(C16="","",IF(AND(C16>=DATE(2026,9,1),C16<=DATE(2027,8,31)),(YEAR(C16)-2026)*12+MONTH(C16)-8,"")) | T16: =IF(AND(A16="مصروف",R16>0,I16="موافق",S16<>"",H16<>""),N(G16),0)
B17: =IF(A17="","",IF(R17=0,"⚠ أضف سطر عهدة أولًا","BDR-"&TEXT(R17,"000"))) | D17: =IF(C17="","",IF(S17="","خارج السنة المالية",INDEX(القوائم!$D$2:$D$13,S17))) | O17: =IF(A17<>"عهدة","",SUMIFS($G$8:$G$5007,$B$8:$B$5007,B17,$A$8:$A$5007,"مصروف",$I$8:$I$5007,"<>مرفوض")) | P17: =IF(A17<>"عهدة","",N(F17)-O17) | Q17: =IF(A17="","",IF(A17="عهدة",IF(N(F17)=0,"⚠ أدخل قيمة العهدة",IF(P17<0,"⛔ عجز / زيادة مصروفات "&TEXT(-P17,"#,##0"),IF(COUNTIFS($B$8:$B$5007,B17,$A$8:$A$5007,"مصروف",$I$8:$I$5007,"<>مرفوض",$K$8:$K$5007,"<>نعم")>0,"⚠ "&COUNTIFS($B$8:$B$5007,B17,$A$8:$A$5007,"مصروف",$I$8:$I$5007,"<>مرفوض",$K$8:$K$5007,"<>نعم")&" مصروف غير مسوى",IF(L17="تمت التسوية",IF(P17=0,"✔ متوازنة وتمت التسوية","✔ تمت التسوية – متبقي "&TEXT(P17,"#,##0")),IF(P17>0,"متبقي "&TEXT(P17,"#,##0"),"✔ متوازنة"))))),IF(R17=0,"⚠ أضف سطر عهدة أولًا",IF(OR(C17="",N(G17)=0),"⚠ أكمل التاريخ والقيمة",IF(S17="","⚠ التاريخ خارج السنة المالية",IF(H17="","⚠ اختر بند الموازنة",IF(I17="مرفوض","✖ مرفوض من المدير",IF(I17<>"موافق","⏳ بانتظار موافقة المدير",IF(K17<>"نعم","⚠ غير مسوى مع الحسابات","✔ معتمد ومسوى"))))))))) | R17: =N(R16)+IF(A17="عهدة",1,0) | S17: =IF(C17="","",IF(AND(C17>=DATE(2026,9,1),C17<=DATE(2027,8,31)),(YEAR(C17)-2026)*12+MONTH(C17)-8,"")) | T17: =IF(AND(A17="مصروف",R17>0,I17="موافق",S17<>"",H17<>""),N(G17),0)
B18: =IF(A18="","",IF(R18=0,"⚠ أضف سطر عهدة أولًا","BDR-"&TEXT(R18,"000"))) | D18: =IF(C18="","",IF(S18="","خارج السنة المالية",INDEX(القوائم!$D$2:$D$13,S18))) | O18: =IF(A18<>"عهدة","",SUMIFS($G$8:$G$5007,$B$8:$B$5007,B18,$A$8:$A$5007,"مصروف",$I$8:$I$5007,"<>مرفوض")) | P18: =IF(A18<>"عهدة","",N(F18)-O18) | Q18: =IF(A18="","",IF(A18="عهدة",IF(N(F18)=0,"⚠ أدخل قيمة العهدة",IF(P18<0,"⛔ عجز / زيادة مصروفات "&TEXT(-P18,"#,##0"),IF(COUNTIFS($B$8:$B$5007,B18,$A$8:$A$5007,"مصروف",$I$8:$I$5007,"<>مرفوض",$K$8:$K$5007,"<>نعم")>0,"⚠ "&COUNTIFS($B$8:$B$5007,B18,$A$8:$A$5007,"مصروف",$I$8:$I$5007,"<>مرفوض",$K$8:$K$5007,"<>نعم")&" مصروف غير مسوى",IF(L18="تمت التسوية",IF(P18=0,"✔ متوازنة وتمت التسوية","✔ تمت التسوية – متبقي "&TEXT(P18,"#,##0")),IF(P18>0,"متبقي "&TEXT(P18,"#,##0"),"✔ متوازنة"))))),IF(R18=0,"⚠ أضف سطر عهدة أولًا",IF(OR(C18="",N(G18)=0),"⚠ أكمل التاريخ والقيمة",IF(S18="","⚠ التاريخ خارج السنة المالية",IF(H18="","⚠ اختر بند الموازنة",IF(I18="مرفوض","✖ مرفوض من المدير",IF(I18<>"موافق","⏳ بانتظار موافقة المدير",IF(K18<>"نعم","⚠ غير مسوى مع الحسابات","✔ معتمد ومسوى"))))))))) | R18: =N(R17)+IF(A18="عهدة",1,0) | S18: =IF(C18="","",IF(AND(C18>=DATE(2026,9,1),C18<=DATE(2027,8,31)),(YEAR(C18)-2026)*12+MONTH(C18)-8,"")) | T18: =IF(AND(A18="مصروف",R18>0,I18="موافق",S18<>"",H18<>""),N(G18),0)
B19: =IF(A19="","",IF(R19=0,"⚠ أضف سطر عهدة أولًا","BDR-"&TEXT(R19,"000"))) | D19: =IF(C19="","",IF(S19="","خارج السنة المالية",INDEX(القوائم!$D$2:$D$13,S19))) | O19: =IF(A19<>"عهدة","",SUMIFS($G$8:$G$5007,$B$8:$B$5007,B19,$A$8:$A$5007,"مصروف",$I$8:$I$5007,"<>مرفوض")) | P19: =IF(A19<>"عهدة","",N(F19)-O19) | Q19: =IF(A19="","",IF(A19="عهدة",IF(N(F19)=0,"⚠ أدخل قيمة العهدة",IF(P19<0,"⛔ عجز / زيادة مصروفات "&TEXT(-P19,"#,##0"),IF(COUNTIFS($B$8:$B$5007,B19,$A$8:$A$5007,"مصروف",$I$8:$I$5007,"<>مرفوض",$K$8:$K$5007,"<>نعم")>0,"⚠ "&COUNTIFS($B$8:$B$5007,B19,$A$8:$A$5007,"مصروف",$I$8:$I$5007,"<>مرفوض",$K$8:$K$5007,"<>نعم")&" مصروف غير مسوى",IF(L19="تمت التسوية",IF(P19=0,"✔ متوازنة وتمت التسوية","✔ تمت التسوية – متبقي "&TEXT(P19,"#,##0")),IF(P19>0,"متبقي "&TEXT(P19,"#,##0"),"✔ متوازنة"))))),IF(R19=0,"⚠ أضف سطر عهدة أولًا",IF(OR(C19="",N(G19)=0),"⚠ أكمل التاريخ والقيمة",IF(S19="","⚠ التاريخ خارج السنة المالية",IF(H19="","⚠ اختر بند الموازنة",IF(I19="مرفوض","✖ مرفوض من المدير",IF(I19<>"موافق","⏳ بانتظار موافقة المدير",IF(K19<>"نعم","⚠ غير مسوى مع الحسابات","✔ معتمد ومسوى"))))))))) | R19: =N(R18)+IF(A19="عهدة",1,0) | S19: =IF(C19="","",IF(AND(C19>=DATE(2026,9,1),C19<=DATE(2027,8,31)),(YEAR(C19)-2026)*12+MONTH(C19)-8,"")) | T19: =IF(AND(A19="مصروف",R19>0,I19="موافق",S19<>"",H19<>""),N(G19),0)
B20: =IF(A20="","",IF(R20=0,"⚠ أضف سطر عهدة أولًا","BDR-"&TEXT(R20,"000"))) | D20: =IF(C20="","",IF(S20="","خارج السنة المالية",INDEX(القوائم!$D$2:$D$13,S20))) | O20: =IF(A20<>"عهدة","",SUMIFS($G$8:$G$5007,$B$8:$B$5007,B20,$A$8:$A$5007,"مصروف",$I$8:$I$5007,"<>مرفوض")) | P20: =IF(A20<>"عهدة","",N(F20)-O20) | Q20: =IF(A20="","",IF(A20="عهدة",IF(N(F20)=0,"⚠ أدخل قيمة العهدة",IF(P20<0,"⛔ عجز / زيادة مصروفات "&TEXT(-P20,"#,##0"),IF(COUNTIFS($B$8:$B$5007,B20,$A$8:$A$5007,"مصروف",$I$8:$I$5007,"<>مرفوض",$K$8:$K$5007,"<>نعم")>0,"⚠ "&COUNTIFS($B$8:$B$5007,B20,$A$8:$A$5007,"مصروف",$I$8:$I$5007,"<>مرفوض",$K$8:$K$5007,"<>نعم")&" مصروف غير مسوى",IF(L20="تمت التسوية",IF(P20=0,"✔ متوازنة وتمت التسوية","✔ تمت التسوية – متبقي "&TEXT(P20,"#,##0")),IF(P20>0,"متبقي "&TEXT(P20,"#,##0"),"✔ متوازنة"))))),IF(R20=0,"⚠ أضف سطر عهدة أولًا",IF(OR(C20="",N(G20)=0),"⚠ أكمل التاريخ والقيمة",IF(S20="","⚠ التاريخ خارج السنة المالية",IF(H20="","⚠ اختر بند الموازنة",IF(I20="مرفوض","✖ مرفوض من المدير",IF(I20<>"موافق","⏳ بانتظار موافقة المدير",IF(K20<>"نعم","⚠ غير مسوى مع الحسابات","✔ معتمد ومسوى"))))))))) | R20: =N(R19)+IF(A20="عهدة",1,0) | S20: =IF(C20="","",IF(AND(C20>=DATE(2026,9,1),C20<=DATE(2027,8,31)),(YEAR(C20)-2026)*12+MONTH(C20)-8,"")) | T20: =IF(AND(A20="مصروف",R20>0,I20="موافق",S20<>"",H20<>""),N(G20),0)
... B5007: =IF(A5007="","",IF(R5007=0,"⚠ أضف سطر عهدة أولًا","BDR-"&TEXT(R5007,"000"))) | D5007: =IF(C5007="","",IF(S5007="","خارج السنة المالية",INDEX(القوائم!$D$2:$D$13,S5007))) | O5007: =IF(A5007<>"عهدة","",SUMIFS($G$8:$G$5007,$B$8:$B$5007,B5007,$A$8:$A$5007,"مصروف",$I$8:$I$5007,"<>مرفوض")) | P5007: =IF(A5007<>"عهدة","",N(F5007)-O5007) | Q5007: =IF(A5007="","",IF(A5007="عهدة",IF(N(F5007)=0,"⚠ أدخل قيمة العهدة",IF(P5007<0,"⛔ عجز / زيادة مصروفات "&TEXT(-P5007,"#,##0"),IF(COUNTIFS($B$8:$B$5007,B5007,$A$8:$A$5007,"مصروف",$I$8:$I$5007,"<>مرفوض",$K$8:$K$5007,"<>نعم")>0,"⚠ "&COUNTIFS($B$8:$B$5007,B5007,$A$8:$A$5007,"مصروف",$I$8:$I$5007,"<>مرفوض",$K$8:$K$5007,"<>نعم")&" مصروف غير مسوى",IF(L5007="تمت التسوية",IF(P5007=0,"✔ متوازنة وتمت التسوية","✔ تمت التسوية – متبقي "&TEXT(P5007,"#,##0")),IF(P5007>0,"متبقي "&TEXT(P5007,"#,##0"),"✔ متوازنة"))))),IF(R5007=0,"⚠ أضف سطر عهدة أولًا",IF(OR(C5007="",N(G5007)=0),"⚠ أكمل التاريخ والقيمة",IF(S5007="","⚠ التاريخ خارج السنة المالية",IF(H5007="","⚠ اختر بند الموازنة",IF(I5007="مرفوض","✖ مرفوض من المدير",IF(I5007<>"موافق","⏳ بانتظار موافقة المدير",IF(K5007<>"نعم","⚠ غير مسوى مع الحسابات","✔ معتمد ومسوى"))))))))) | R5007: =N(R5006)+IF(A5007="عهدة",1,0) | S5007: =IF(C5007="","",IF(AND(C5007>=DATE(2026,9,1),C5007<=DATE(2027,8,31)),(YEAR(C5007)-2026)*12+MONTH(C5007)-8,"")) | T5007: =IF(AND(A5007="مصروف",R5007>0,I5007="موافق",S5007<>"",H5007<>""),N(G5007),0)

Sheet AUDIT_LOG
A1: AUDIT_LOG – سجل التعديلات
A2: يُملأ تلقائيًا بعد تفعيل كود VBA المرفق (Audit_Trail_VBA_ThisWorkbook.txt) – لا يُعدّل يدويًا
A4: التاريخ والوقت | B4: المستخدم | C4: الشيت | D4: الخلية | E4: رقم العهدة | F4: الحقل | G4: القيمة القديمة | H4: القيمة الجديدة

Sheet القوائم
A1: بنود دمياط (من ملف الموازنة) | B1: بنود بدر (من ملف الموازنة) | D1: الشهر
A2: =IFERROR('[1]موازنة دمياط'!A8&"","") | B2: =IFERROR('[1]موازنة بدر'!A8&"","") | D2: سبتمبر 2026
A3: =IFERROR('[1]موازنة دمياط'!A9&"","") | B3: =IFERROR('[1]موازنة بدر'!A9&"","") | D3: أكتوبر 2026
A4: =IFERROR('[1]موازنة دمياط'!A10&"","") | B4: =IFERROR('[1]موازنة بدر'!A10&"","") | D4: نوفمبر 2026
A5: =IFERROR('[1]موازنة دمياط'!A11&"","") | B5: =IFERROR('[1]موازنة بدر'!A11&"","") | D5: ديسمبر 2026
A6: =IFERROR('[1]موازنة دمياط'!A12&"","") | B6: =IFERROR('[1]موازنة بدر'!A12&"","") | D6: يناير 2027
A7: =IFERROR('[1]موازنة دمياط'!A13&"","") | B7: =IFERROR('[1]موازنة بدر'!A13&"","") | D7: فبراير 2027
A8: =IFERROR('[1]موازنة دمياط'!A14&"","") | B8: =IFERROR('[1]موازنة بدر'!A14&"","") | D8: مارس 2027
A9: =IFERROR('[1]موازنة دمياط'!A15&"","") | B9: =IFERROR('[1]موازنة بدر'!A15&"","") | D9: أبريل 2027
A10: =IFERROR('[1]موازنة دمياط'!A16&"","") | B10: =IFERROR('[1]موازنة بدر'!A16&"","") | D10: مايو 2027
A11: =IFERROR('[1]موازنة دمياط'!A17&"","") | B11: =IFERROR('[1]موازنة بدر'!A17&"","") | D11: يونيو 2027
A12: =IFERROR('[1]موازنة دمياط'!A18&"","") | B12: =IFERROR('[1]موازنة بدر'!A18&"","") | D12: يوليو 2027
A13: =IFERROR('[1]موازنة دمياط'!A19&"","") | B13: =IFERROR('[1]موازنة بدر'!A19&"","") | D13: أغسطس 2027
A14: =IFERROR('[1]موازنة دمياط'!A20&"","") | B14: =IFERROR('[1]موازنة بدر'!A20&"","")
A15: =IFERROR('[1]موازنة دمياط'!A21&"","") | B15: =IFERROR('[1]موازنة بدر'!A21&"","")
A16: =IFERROR('[1]موازنة دمياط'!A22&"","") | B16: =IFERROR('[1]موازنة بدر'!A22&"","")
A17: =IFERROR('[1]موازنة دمياط'!A23&"","") | B17: =IFERROR('[1]موازنة بدر'!A23&"","")
A18: =IFERROR('[1]موازنة دمياط'!A24&"","") | B18: =IFERROR('[1]موازنة بدر'!A24&"","")
A19: =IFERROR('[1]موازنة دمياط'!A25&"","") | B19: =IFERROR('[1]موازنة بدر'!A25&"","")
A20: =IFERROR('[1]موازنة دمياط'!A26&"","") | B20: =IFERROR('[1]موازنة بدر'!A26&"","")
A21: =IFERROR('[1]موازنة دمياط'!A27&"","") | B21: =IFERROR('[1]موازنة بدر'!A27&"","")
A22: =IFERROR('[1]موازنة دمياط'!A28&"","") | B22: =IFERROR('[1]موازنة بدر'!A28&"","")
A23: =IFERROR('[1]موازنة دمياط'!A29&"","") | B23: =IFERROR('[1]موازنة بدر'!A29&"","")
A24: =IFERROR('[1]موازنة دمياط'!A30&"","") | B24: =IFERROR('[1]موازنة بدر'!A30&"","")
A25: =IFERROR('[1]موازنة دمياط'!A31&"","") | B25: =IFERROR('[1]موازنة بدر'!A31&"","")
... A61: =IFERROR('[1]موازنة دمياط'!A67&"","") | B61: =IFERROR('[1]موازنة بدر'!A67&"","")
